day,date,G0,G,R,W,base,increase,cancel,refund,adjustment,emergency,total,S0,Send,C,D,absolute_adjustment,surcharge
0,2025-01-01,54149.36566502058,54149.36566502058,34900.52509164609,0.0,32909.8652559563,0.0,0.0,0.0,0.0,179691.37557177126,212601.24082772757,6000.0,1200.0,7024.846,10010.125259999993,0.0,0.0
1,2025-01-02,96853.44019506172,96853.44019506172,1530.930611666667,463.5164333333332,61853.479049846166,0.0,0.0,0.0,0.0,7429.491871768836,69282.97092161501,1200.0,1365.1683916666664,25720.86081172839,20685.245705,0.0,0.0
2,2025-01-03,97149.5001978052,97149.5001978052,0.0,41861.21272363968,62183.0986368983,0.0,0.0,0.0,0.0,0.0,62183.0986368983,1365.1683916666664,8522.945869629628,17586.03356490627,7802.68745740741,0.0,0.0
3,2025-01-04,124055.37486248682,124055.37486248682,0.0,78291.77460969152,86168.28666297751,0.0,0.0,0.0,0.0,0.0,86168.28666297751,8522.945869629628,8307.31184288168,6274.044790535694,5276.046904407066,0.0,0.0
4,2025-01-05,113362.48855331249,113362.48855331249,1548.7629874812271,28114.80220151766,77352.9074604901,0.0,0.0,0.0,0.0,8429.466455197444,85782.37391568754,8307.31184288168,1200.0,11354.314199313516,15593.575160037464,0.0,0.0
5,2025-01-06,120580.03273977117,120580.03273977117,0.0,22124.44766718379,81500.44820375995,0.0,0.0,0.0,0.0,0.0,81500.44820375995,1200.0,5059.811816632441,22890.912303253604,15067.808330666227,0.0,0.0
6,2025-01-07,120583.93711565628,120583.93711565628,0.0,23644.66052891003,83253.90441982703,0.0,0.0,0.0,0.0,0.0,83253.90441982703,5059.811816632441,6041.953573305505,18360.25292495001,13987.877288203754,0.0,0.0
7,2025-01-08,122579.66007402334,122579.66007402334,0.0,29746.782848853345,85261.67037796113,0.0,0.0,0.0,0.0,0.0,85261.67037796113,6041.953573305505,6260.81921478732,16367.87805878792,13061.002150284581,0.0,0.0
8,2025-01-09,123547.36960722783,123547.36960722783,0.0,29201.96255978247,86247.5756002782,0.0,0.0,0.0,0.0,0.0,86247.5756002782,6260.81921478732,6451.583831521234,16221.90934588504,12968.058415106358,0.0,0.0
9,2025-01-10,124490.10494503888,124490.10494503888,0.0,73315.813096767,87131.21595906792,0.0,0.0,0.0,0.0,0.0,87131.21595906792,6451.583831521234,10800.0,9316.055684075358,3632.4305524701504,0.0,0.0
10,2025-01-11,111836.12126871978,111836.12126871978,0.0,66004.81250631191,78637.07580319225,0.0,0.0,0.0,0.0,0.0,78637.07580319225,10800.0,10800.0,5081.1691881116485,4115.747042370435,0.0,0.0
11,2025-01-12,96418.26159681164,96418.26159681164,0.0,10118.76488266507,65955.06102313433,0.0,0.0,0.0,0.0,0.0,65955.06102313433,10800.0,3057.2475239143623,12642.555487492904,17208.94717334633,0.0,0.0
12,2025-01-13,112305.94361959843,112305.94361959843,0.0,19408.788611992903,75322.6733715075,0.0,0.0,0.0,0.0,0.0,75322.6733715075,3057.2475239143623,3974.7852548114024,19986.38991121863,15363.19187027976,0.0,0.0
13,2025-01-14,113982.42180938128,113982.42180938128,0.0,20462.492906635147,77117.20191072169,0.0,0.0,0.0,0.0,0.0,77117.20191072169,3974.7852548114024,4545.908209404268,19608.449001469635,15368.833032056828,0.0,0.0
14,2025-01-15,115576.51403952927,115576.51403952927,0.0,21425.08022549234,78695.80118170116,0.0,0.0,0.0,0.0,0.0,78695.80118170116,4545.908209404268,5008.193792856208,19289.651871562393,15208.560990858794,0.0,0.0
15,2025-01-16,116899.72307045136,116899.72307045136,0.0,23951.095325843136,80036.74805060611,0.0,0.0,0.0,0.0,0.0,80036.74805060611,5008.193792856208,5411.403920670678,18482.037787237947,14607.561492629717,0.0,0.0
16,2025-01-17,117596.70978945306,117596.70978945306,0.0,67889.41247403472,80859.01181071987,0.0,0.0,0.0,0.0,0.0,80859.01181071987,5411.403920670678,10800.0,11412.880933448923,4394.697084697237,0.0,0.0
17,2025-01-18,103911.56348984425,103911.56348984425,0.0,59617.159383705395,71994.18603997759,0.0,0.0,0.0,0.0,0.0,71994.18603997759,10800.0,10749.775300885382,5774.196414080713,4722.3013246085275,0.0,0.0
18,2025-01-19,94846.39569190063,94846.39569190063,0.0,10518.48735512404,64678.187801033804,0.0,0.0,0.0,0.0,0.0,64678.187801033804,10749.775300885382,3171.250342848466,12976.007012332386,17331.23814222246,0.0,0.0
19,2025-01-20,108661.51135219753,108661.51135219753,0.0,15606.768611880336,72923.26721221827,0.0,0.0,0.0,0.0,0.0,72923.26721221827,3171.250342848466,4238.015279475672,21197.777617645806,16210.111427328622,0.0,0.0
20,2025-01-21,110440.6132484446,110440.6132484446,0.0,22949.177056260163,74903.00710005214,0.0,0.0,0.0,0.0,0.0,74903.00710005214,4238.015279475672,4823.818527302015,18359.518872670542,14343.987363819426,0.0,0.0
21,2025-01-22,111111.14075712605,111111.14075712605,0.0,18807.212170893432,75806.99090934836,0.0,0.0,0.0,0.0,0.0,75806.99090934836,4823.818527302015,4647.907149206885,18755.181367639878,15350.017148073923,0.0,0.0
22,2025-01-23,113458.19634021765,113458.19634021765,0.0,19575.8933418567,77627.43434589807,0.0,0.0,0.0,0.0,0.0,77627.43434589807,4647.907149206885,5370.7052312250835,19293.995392339915,14977.617993978954,0.0,0.0
23,2025-01-24,114446.89553335472,114446.89553335472,0.0,67558.51088476337,78687.97275833262,0.0,0.0,0.0,0.0,0.0,78687.97275833262,5370.7052312250835,10800.0,11434.769508915428,4375.798010324072,0.0,0.0
24,2025-01-25,100429.02124826316,100429.02124826316,0.0,60810.506958084734,69654.09218744686,0.0,0.0,0.0,0.0,0.0,69654.09218744686,10800.0,10800.0,6204.941176377662,5026.002352865906,0.0,0.0
25,2025-01-26,92206.29643988928,92206.29643988928,0.0,9015.999420218135,62744.46615205449,0.0,0.0,0.0,0.0,0.0,62744.46615205449,10800.0,3161.1980838981744,12453.8353201551,16962.528333817278,0.0,0.0
26,2025-01-27,106358.72606986552,106358.72606986552,0.0,17782.954089570187,71081.71644655943,0.0,0.0,0.0,0.0,0.0,71081.71644655943,3161.1980838981744,3953.8259707362,19302.579467409345,14921.72427044735,0.0,0.0
27,2025-01-28,108078.39722223744,108078.39722223744,0.0,16811.57368812734,72835.30985433646,0.0,0.0,0.0,0.0,0.0,72835.30985433646,3953.8259707362,4551.686067638444,19728.158317007477,15441.734149564036,0.0,0.0
28,2025-01-29,110039.52044973771,110039.52044973771,0.0,24942.058172493984,74671.11163042407,0.0,0.0,0.0,0.0,0.0,74671.11163042407,4551.686067638444,5090.789994777886,16984.566804306443,13272.305577062718,0.0,0.0
29,2025-01-30,110301.8267724755,110301.8267724755,0.0,23024.85612451094,75143.39509089824,0.0,0.0,0.0,0.0,0.0,75143.39509089824,5090.789994777886,5247.368516251779,17860.353659498618,14325.965794867381,0.0,0.0
30,2025-01-31,111275.08814455084,111275.08814455084,0.0,65297.34139787462,76118.45173038449,0.0,0.0,0.0,0.0,0.0,76118.45173038449,5247.368516251779,10800.0,11663.44927001483,4450.025573338616,0.0,0.0
31,2025-02-01,50921.90312698996,42838.98153649889,0.0,12238.318607052945,30281.066884039137,0.0,2627.110530496278,5254.221060992556,-2627.110530496278,0.0,27653.956353542857,10800.0,4574.064243086014,9609.627249132634,13387.140253020025,8082.921590491065,2627.110530496278
32,2025-02-02,102285.46519273898,95437.72526517314,0.0,14106.935964852968,67883.76276464711,0.0,2673.470580080059,5346.941160160118,-2673.470580080059,0.0,65210.29218456705,4574.064243086014,3919.7874732472437,18754.528648289837,15780.017297969662,6847.7399275658345,2673.470580080059
33,2025-02-03,106363.73979772994,98340.74146442678,0.0,14130.612471436114,70572.94332303017,8.334308437788062,3214.0206272332343,6428.041254466469,-3205.6863187954464,0.0,67367.2570042347,3919.7874732472437,4151.170290241038,19920.8839878751,15927.671494884418,8031.22183012132,3216.7987300458303
34,2025-02-04,109427.26469802178,101552.54712375677,0.0,16591.32071386305,73255.60440083337,8.3362785053928,3241.588029389742,6483.176058779485,-3233.2517508843503,0.0,70022.35264994901,4151.170290241038,4181.381765207948,19679.853328544756,15913.490868651032,7882.943014957082,3244.3667888915397
35,2025-02-05,102659.75433441783,98859.7430480928,0.0,13847.29041152772,68023.1743655547,1276.7539581641176,1778.6182757750737,3557.2365515501474,-501.8643176109558,0.0,67521.31004794376,4181.381765207948,4622.975722974263,20350.479427589875,16086.453774358124,5397.05014422056,2204.2029284964465
36,2025-02-06,106676.15063727746,96933.46244504838,0.0,13770.123245764184,71093.16987565818,747.4810024026101,3991.970592274784,7983.941184549567,-3244.4895898721734,0.0,67848.680285786,4622.975722974263,3747.67146590429,19368.714810423728,16476.4328278062,10991.912415550461,4241.130926408987
37,2025-02-07,56929.46230936332,52681.12004872723,0.0,17007.32467275035,33522.34503050275,0.0,1838.1868790957278,3676.3737581914556,-1838.1868790957278,0.0,31684.158151407028,3747.67146590429,4672.767188795795,15976.471361620335,12108.355652310125,4248.342260636093,1838.1868790957278
38,2025-02-08,44967.39483292595,44978.85449795222,0.0,10417.01252751669,26101.825705695454,11.333416362592024,3.6943656635860016,7.388731327172003,7.639050699006022,0.0,26109.464756394456,4672.767188795795,4783.67035384463,15183.507395920555,12198.828142151691,25.216379468960326,7.4721711177833425
39,2025-02-09,95611.32718252004,94761.76740285015,0.0,12143.09259570218,63801.42805503913,164.21154306401115,462.0166607791938,924.0333215583876,-297.80511771518263,0.0,63503.62293732394,4783.67035384463,4366.909503503189,18096.545293624313,15033.286453142991,1363.3435051107767,516.7538418005308
40,2025-02-10,94288.86093310162,86802.25525670548,0.0,9091.041502604641,62718.034814284765,25.649339948667325,3158.2063244250685,6316.412648850137,-3132.5569844764013,0.0,59585.47782980837,4366.909503503189,4270.936992130673,18268.165426330394,14883.589255562887,7525.808236359395,3166.756104407958
41,2025-02-11,94754.60958112098,89101.94066799537,0.0,10271.263915290565,63113.60772350912,4.661135312579294,2529.1315219788103,5058.263043957622,-2524.4703866662326,0.0,60589.13733684288,4270.936992130673,4157.655062723056,19537.01766230702,15926.93804293554,5668.773725469322,2530.6852337496707
42,2025-02-12,92849.34994933514,84361.47608910511,20.628954005013156,5572.012601801505,60807.7046341864,1587.2937725840616,3429.7843539707014,6859.568707941404,-1842.4905813866408,90.34450406495512,59055.55855686471,4157.655062723056,3764.5672563661587,20511.238598402666,16967.88229042737,10999.239919956652,3958.882278165389
43,2025-02-13,87525.23563407993,81004.72945744856,0.0,6591.985674828855,56443.03612804218,841.0330032839308,2595.985809336652,5191.971618673304,-1754.952806052721,0.0,54688.083321989456,3764.5672563661587,3221.8039197242306,18798.69352068829,15715.428754735252,7970.605164032692,2876.3301437646287
44,2025-02-14,45261.817006481244,42066.77467788547,0.0,8915.823104768475,24620.80255947447,1104.5655508769544,914.0709261058804,1828.1418522117608,190.49462477107386,0.0,24811.297184245544,3221.8039197242306,3427.327168069578,16653.572804944848,13304.423048494516,4937.8098155644,1282.259443064865
45,2025-02-15,44220.458343115766,41286.22320898573,0.0,9260.95951655041,24602.438792399822,0.0,871.4104672192566,1742.8209344385132,-871.4104672192566,0.0,23731.028325180563,3427.327168069578,3054.0995403750658,16216.197144001962,13471.024551566647,2934.235134130046,871.4104672192566
46,2025-02-16,92296.91490829803,84636.06933927044,0.0,5543.644939561896,60130.190350577526,0.0,2999.0847585121674,5998.169517024335,-2999.0847585121674,0.0,57131.10559206536,3054.0995403750658,2936.118572414838,20111.727215119732,16396.68191541119,7660.845569027593,2999.0847585121674
47,2025-02-17,93564.04363221959,84070.05600275754,0.0,8641.211211608323,60506.15328115743,0.0,3495.159243783082,6990.318487566164,-3495.159243783082,0.0,57010.99403737435,2936.118572414838,3555.1010292299675,19409.98638604703,15165.004761564476,9493.987629462054,3495.159243783082
48,2025-02-18,84233.3702367185,84167.08451868643,0.0,8327.07858560689,54827.05163420162,56.53652503448838,56.38663550557888,112.77327101115776,0.14988952890949747,0.0,54827.20152373053,3555.1010292299675,3916.3666258903463,18018.31111974669,14269.692970000475,249.56321226818307,75.23214385040833
49,2025-02-19,82773.760850853,80323.43112543685,47.44233207274294,5405.559546403807,53149.33572086471,402.81405155886443,1083.445150300148,2166.890300600296,-680.6310987412835,207.77369331257773,52676.478315436005,3916.3666258903463,2053.023336781864,19805.239410368937,17719.252882596473,3090.792988974501,1217.7165008197694
50,2025-02-20,86743.8353541999,83352.24636160232,45.725298144463295,7733.8708036775815,55050.834781888916,1801.1008235625036,1643.229297953863,3286.4585959077262,157.87152560864024,214.17729650866607,55422.88360400622,2053.023336781864,2721.8549283790585,21415.887843675766,16744.920720939903,6162.22378261381,2243.596239141364
51,2025-02-21,40008.1479059877,39834.277636015795,0.0,10459.102518021806,21598.72369522367,684.6914246370527,219.74702962455257,439.49405924910513,464.9443950125002,0.0,22063.668090236173,2721.8549283790585,3295.7428533097423,17360.07343275282,13545.160348092162,1179.4148618681202,447.9775045035701
52,2025-02-22,40906.72193532472,38781.91260577681,0.0,7977.331320332415,22522.16325899463,205.92541557487795,763.0987671008095,1526.197534201619,-557.1733515259316,0.0,21964.9899074687,3295.7428533097423,3107.375238783267,16470.25923781519,13510.440835704128,2399.6004668635,831.7405722924354
53,2025-02-23,84858.19601377701,79891.62513335512,17.379090403115697,4918.373020377747,54045.53704156345,173.15373826766756,1739.7104243785311,3479.4208487570622,-1566.5566861108637,81.40365944819392,52560.38401490078,3107.375238783267,2592.3995732718045,20643.450626355145,17184.673106307986,5500.293248663114,1797.4283371344202
54,2025-02-24,82873.97118481592,77580.19910975086,77.71680000000015,5335.929712937928,53073.94486765373,149.76485085084457,2233.410136259695,4466.82027251939,-2083.64528540885,356.03639745000066,51346.33597969487,2592.3995732718045,2862.1478092384154,20400.94298829632,16281.990408150064,5763.911009110385,2283.3317532099763
55,2025-02-25,85933.55160285044,77735.83894202404,42.9270333333335,8231.061169729486,54893.063192865055,156.5968088284847,3066.5057608249917,6133.0115216499835,-2909.908951996507,187.9930264666674,52171.14726733522,2862.1478092384154,2706.103950339272,20351.689712125182,16625.30813983063,8688.414479521693,3118.704697101153
56,2025-02-26,72330.81034329851,73512.06453855644,0.0,1161.153827055407,44702.21614674094,1150.5286996837717,4.087205723968444,8.174411447936889,1146.4414939598034,0.0,45848.657640700745,2706.103950339272,2087.0322722017772,21543.300992060245,18007.23831389254,1215.4877328761363,387.5967722852257
57,2025-02-27,72212.98264238937,71570.3306402011,107.9597224740084,942.7570168386031,44646.88849822858,480.1464491799513,349.8930894563506,699.7861789127011,130.25335972360074,601.3520034954788,45378.49386144766,2087.0322722017772,1536.8285163911416,22495.43434771619,18716.48520187969,1525.973559042136,509.94190584966765
58,2025-02-28,33929.06844867671,33512.51076819968,0.0,6872.646467205908,17622.050034067455,167.65337852972306,250.17608266223914,500.35216532447816,-82.52270413251597,0.0,17539.527329934936,1536.8285163911416,1521.564594793814,17689.51726542828,14342.246514434504,707.1729407792459,306.06054217214677
59,2025-03-01,37377.253573883965,36143.14451476014,0.0,9420.105029128728,19323.478222253212,0.0,415.58522470929563,831.1704494185913,-415.58522470929563,0.0,18907.892997543917,1521.564594793814,1423.529974781873,16592.13005425698,13527.856501958895,1234.1090591238217,415.58522470929563
60,2025-03-02,80246.7217654636,79396.24066362884,295.50989253022357,3081.3526957010154,49947.55996328649,85.70639082077201,413.6131367715036,827.2262735430072,-327.9067459507316,1799.2521097382005,51418.90532707396,1423.529974781873,1200.0,23438.25142681616,19186.160633024774,1123.8276994604955,442.1819337117609
61,2025-03-03,83744.22671820343,77172.56323864566,415.42799206832274,992.6392355622986,52317.55682268903,471.2828892603535,2495.551511684437,4991.103023368873,-2024.2686224240829,2605.442874934209,52898.73107519916,1200.0,1276.4746502419102,23733.56935052969,19155.36398871133,7323.03243182899,2652.645808104555
62,2025-03-04,74999.65935134416,74720.85867955642,0.0,1086.9605076868418,46609.1486791035,13.37094615501942,149.60571128324585,299.2114225664917,-136.23476512822643,0.0,46472.913913975266,1276.4746502419102,1524.7477520939142,22163.128667733945,17728.688429197697,321.0207635151902,154.062693334919
63,2025-03-05,78106.41582016546,74367.96908334552,3.331633333333457,4102.010978557358,48477.04572059667,2.277796358470665,1502.88301354504,3005.7660270900806,-1500.60521718657,15.605370533333913,46992.04587394343,1524.7477520939142,1445.1743144022462,22160.17797567023,18021.360254215386,3746.3168114799355,1503.6422789978637
64,2025-03-06,72269.20096949743,70907.33427569589,158.44847929443807,1232.3959911642112,44736.1870078253,2.7106696067431217,544.22200239949,1088.4440047989801,-541.5113327927471,533.3017004240224,44727.977375456576,1445.1743144022462,1200.0,21649.41849186739,17756.685861374604,1371.2324003118476,545.125558935071
65,2025-03-07,34804.524448850796,32904.49661012833,0.0,8701.940788347862,18567.737818922546,0.0,826.641738626483,1653.283477252966,-826.641738626483,0.0,17741.09608029606,1200.0,1360.5445458955883,16504.10630074263,13223.836012295495,1900.027838722468,826.641738626483
66,2025-03-08,31023.582591179038,31526.233950363872,0.0,8884.18586115992,16355.087621043802,963.540560671356,122.81917641149525,245.6383528229905,840.7213842598608,0.0,17195.809005303665,1360.5445458955883,1864.2165584216777,16450.546111914773,12871.637539377485,1083.7898520500887,443.99936330194726
67,2025-03-09,72634.50269793088,64613.13740124037,2339.0630880750678,371.5282625522125,44630.54375624329,380.8872011632251,2655.2161345465965,5310.432269093193,-2274.3289333833713,15684.141558647949,58040.35638150787,1864.2165584216777,1285.2863799834442,19832.549143987606,16585.401967224374,8851.298509269505,2782.178534934338
68,2025-03-10,71564.9248379956,73492.55480737833,21.777446757989537,1223.3580058159,43624.66774191118,2552.266476966153,107.46404259417612,214.92808518835224,2444.8024343719767,151.919468583735,46221.38964486689,1285.2863799834442,1295.0430616650917,22316.430446352275,18067.527648031857,2622.677176100502,958.2195349162268
69,2025-03-11,63188.44789031311,72468.63022419033,0.0,3785.199202797239,38966.06049690329,7874.532974835612,0.0,0.0,7874.532974835612,0.0,46840.593471738895,1295.0430616650917,1869.7288590982644,22248.921072122284,17504.40885072919,9280.182333877216,2624.8443249452043
70,2025-03-12,72150.76783511668,64810.43079201033,1284.1695444298382,352.92915899255036,43890.386043708466,1824.9794252347765,2761.0499751385682,5522.099950277137,-936.0705499037922,8553.010113507662,51507.325607312334,1869.7288590982644,1262.0705984160857,20279.09962488555,16972.963130771263,10353.939023841205,3369.3764502168274
71,2025-03-13,71603.90204772001,73615.88966909141,554.3458146000237,2375.858214083749,42937.1880761944,2389.820754063021,49.21435317914646,98.42870635829291,2340.606400883875,3135.901460182556,48413.69593726082,1262.0705984160857,1260.9025760461577,22367.423542494464,18118.664289553446,2448.0661475649495,845.8212712001535
72,2025-03-14,30545.405253606757,30994.1061506365,0.0,11436.172372298017,15897.769351506036,559.1351945598562,7.4970966442532285,14.994193288506457,551.638097915603,0.0,16449.40744942164,1260.9025760461577,1755.3435550818224,16229.004809858165,12700.497014853016,479.13268286058826,193.87549483087201
73,2025-03-15,29967.91090925623,30751.35041735955,80.46433172189394,7482.289836764814,15391.770175692633,881.8102309045196,0.0,0.0,881.8102309045196,171.96055088662763,16445.54095748378,1755.3435550818224,1200.0,15395.836641527758,12970.436879211124,783.4395081033224,293.9367436348399
74,2025-03-16,68836.32525109092,72487.88914884158,1.6400000000001,4886.546375289845,41870.839911392715,3308.1917997282753,19.594932535608425,39.18986507121685,3288.5968671926667,7.461180000000455,45166.897958585374,1200.0,1305.7820385764503,21877.53687105058,17625.601030832167,3770.3210646331504,1122.3255324450336
75,2025-03-17,65890.91660858411,60196.476750918,2427.643759774992,653.5985589882877,39205.95084593513,222.75034458505837,1537.2065164426472,3074.413032885294,-1314.4561718575883,16274.23574087549,54165.73041495303,1305.7820385764503,1544.7802628760514,20512.063771061745,16399.673252690372,6020.232141160305,1611.456631304333
76,2025-03-18,73906.99083375947,69608.92332586876,0.0,4364.728521660033,45225.87415483345,1442.5627910003986,2000.5412705129215,4001.0825410258435,-557.9784795125233,0.0,44667.89567532093,1544.7802628760514,1487.0509395067759,21948.383308286444,17830.14687074437,7053.390192188615,2481.3955341797214
77,2025-03-19,60623.43130275774,66676.83862952517,0.0,2751.1520410297067,37201.9152360274,5129.419490387481,0.0,0.0,5129.419490387481,0.0,42331.33472641488,1487.0509395067759,1819.748245758108,21898.887172996125,17438.67103450067,6053.407326767431,1709.8064967958271
78,2025-03-20,68971.61054581146,63113.50084753519,2813.741292909518,185.0262968989657,42110.89569323937,1602.3682475715254,2389.1036592032942,4778.2073184065885,-786.7354116317688,18542.409963897037,59866.570245504634,1819.748245758108,1604.6354275210344,19615.029280486517,16081.77525360744,8579.50837528337,2923.2264083938026
79,2025-03-21,28971.3045063332,29128.596534237633,45.93706759017893,14428.644812513538,14972.169277164227,817.6339495597738,239.41448741701393,478.8289748340278,578.21946214276,221.61622378530268,15772.004963092288,1604.6354275210344,1403.073429842623,15230.684581885167,12518.260309237558,1227.5825498353058,511.9591372702718
80,2025-03-22,30539.08461306484,30507.286833514638,0.0,11241.466582151746,15902.334422690074,153.510885067939,65.97887878936312,131.95775757872624,87.53200627857589,0.0,15989.86642896865,1403.073429842623,1944.5218099816732,15249.036715286386,11864.416197256829,258.22836474006345,117.14917381200945
81,2025-03-23,69362.73926000443,67174.88710131215,246.67110427488603,5327.386985729942,42089.15285300417,307.32471752951534,939.6424015443508,1879.2848030887017,-632.3176840148355,1689.68217941931,43146.51734840864,1944.5218099816732,1352.3078451623398,20302.335113304347,16977.88401011392,2632.6713687846463,1042.0839740541892
82,2025-03-24,66675.70525992429,66558.57382036283,0.0,4152.720770016584,40210.479404946665,2353.4464945747204,758.6299288409732,1517.2598576819464,1594.8165657337472,0.0,41805.29597068042,1352.3078451623398,1548.4890301294572,22267.33105548683,17859.975088473926,4374.937434113046,1543.1120936992133
83,2025-03-25,73753.78042928185,64379.52171549869,929.2396545813909,572.8139988387959,44656.83506132303,359.2280966505035,3065.449155357364,6130.898310714729,-2706.221058706861,6361.188575114207,48311.80257773037,1548.4890301294572,1276.8004844683903,21212.328135103082,17426.505480528464,9881.264595342027,3185.1918542408653
84,2025-03-26,63136.337940761485,64562.746499083805,0.0,4701.1477394622625,38322.84697133428,1903.7274494618496,30.22344470764035,60.4468894152807,1873.504004754209,0.0,40196.350976088484,1276.8004844683903,1504.1838535695028,21391.572951388865,17122.52905843399,1710.1566880107357,664.7992611949236
85,2025-03-27,66382.51750102347,65524.609205928566,356.47813773283764,3129.716348995781,40417.456286424655,2659.5437058016305,1091.71968014301,2183.43936028602,1567.8240256586205,1766.429632620885,43751.70994470416,1504.1838535695028,1476.3789197414153,21365.294921636363,17330.913326970738,5242.872556027728,1978.234248743554
86,2025-03-28,29894.424830420754,30139.383980181166,0.0,15834.008743748635,15275.298158857007,360.3892513116618,0.0,0.0,360.3892513116618,0.0,15635.68741016867,1476.3789197414153,2063.15613737569,15554.710388921147,12071.21591915528,244.9591497604133,120.1297504372206
87,2025-03-29,28059.16825698495,28588.301284775494,0.0,18629.290450530905,14253.48907744584,735.6917372621587,13.165646982756884,26.33129396551377,722.5260902794018,0.0,14976.015167725243,2063.15613737569,1550.4841392932285,14280.033943081467,12028.23229217021,582.483841214746,258.3962260701431
88,2025-03-30,65103.67320644977,60430.81846189042,79.18585844823795,1069.9137218775822,39174.39330955001,155.56892502029177,1255.6839510876227,2511.3679021752455,-1100.115026067331,391.8496750117085,38466.12795849439,1550.4841392932285,1539.6276001949184,21601.272545523956,17506.801647062886,4947.0942799963295,1307.54025942772
89,2025-03-31,57193.04536117647,67080.54097721269,0.0,5627.030217145474,34972.76834427341,8833.45815531132,12.489368797978374,24.978737595956748,8820.968786513342,0.0,43793.73713078676,1539.6276001949184,1978.7943778002768,21615.111457310908,17112.990180577013,9938.105964726243,2956.975420568419
90,2025-04-01,70633.3007422459,70138.54324806473,0.0,6516.854817199292,42412.0370717945,2779.4210760242186,969.0731427594237,1938.1462855188474,1810.3479332647948,0.0,44222.38500505929,1978.7943778002768,1739.7119097137818,19094.795449876972,15681.958535678194,5752.252630073355,1895.5468347674964
91,2025-04-02,66518.48287170833,69929.78700369451,19.356273810321863,6095.021526340563,40399.16114639673,3389.0815202437784,38.81606317807569,77.63212635615137,3350.265457065703,118.32490180249754,43867.751505264925,1739.7119097137818,1422.6995749912696,19495.249749550105,16076.46339838584,3748.263925674106,1168.5099032593353
92,2025-04-03,67490.59030275102,64208.92108601821,0.0,4233.830454033667,41137.062345536324,523.6973313538097,1353.8313997598739,2707.6627995197478,-830.1340684060642,0.0,40306.92827713026,1422.6995749912696,1495.9282385476781,21292.918779563704,17181.358414245835,3952.9679512105768,1528.3971768778106
93,2025-04-04,27510.819150851763,27441.711554099464,0.0,18255.95199457047,13816.43003230642,130.48908915728435,76.8915650533512,153.7831301067024,53.597524103933154,0.0,13870.027556410354,1495.9282385476781,1496.6128706874545,14496.532318964182,11741.575009435188,266.65254462108766,120.38792810577934
94,2025-04-05,27376.139899993606,28256.88750359835,0.0,13364.903728810876,13754.947140281907,1168.6072638702572,0.0,0.0,1168.6072638702572,0.0,14923.554404152164,1496.6128706874545,1675.306032392966,14142.341820627289,11294.473029173145,880.7476036047454,389.5357546234191
95,2025-04-06,64631.34213364484,59952.469287631844,0.0,1631.7217451966576,37961.6017480922,1028.6211933445268,1347.1703494842438,2694.3406989684872,-318.5491561397166,0.0,37643.05259195249,1675.306032392966,1530.120340620789,21270.202096649926,17359.530820881402,6229.683525807744,1690.0440805990859
96,2025-04-07,57001.7260504453,60613.75786695162,0.0,3158.1157003655344,33972.99370475729,4213.09953914518,9.117234290466005,18.23446858093201,4203.982304854713,0.0,38176.97600961201,1530.120340620789,1859.4684953023966,20613.208126522673,16400.285243269922,3692.1657149063662,1413.4837473388593
97,2025-04-08,66560.67127594142,61891.45784291503,0.0,3755.707669096447,40411.36223396874,185.09712333321872,1414.1401756857522,2828.2803513715044,-1229.0430523525336,0.0,39182.31918161621,1859.4684953023966,1661.2396607995108,20847.171095813243,17064.61453866132,4933.252274356879,1475.8392167968252
98,2025-04-09,64742.22704861621,65074.913301730914,0.0,2033.4316145289768,39079.26116117339,730.1751482334961,96.90519522834535,193.8103904566907,633.2699530051508,0.0,39712.53111417854,1661.2396607995108,1495.6162941343132,21348.58789754709,17441.41722701182,911.4492597042,340.2969113061773
99,2025-04-10,62054.75069192072,63634.441988992374,0.0,4991.634629909939,37806.368932968006,1400.45307929025,0.0,0.0,1400.45307929025,0.0,39206.82201225826,1495.6162941343132,1619.8115458826248,21423.12490794186,17240.955448859426,1579.691297071638,466.81769309675
100,2025-04-11,26029.25397649354,27234.41986612625,0.0,19314.98157727799,12877.962024493172,1631.7903666284815,0.0,0.0,1631.7903666284815,0.0,14509.752391121654,1619.8115458826248,1676.5949142478155,13429.911003436388,10827.122881254798,1205.1658896327083,543.9301222094939
101,2025-04-12,28076.641877517697,27056.750322550914,0.0,15402.41845261215,14510.055439588969,0.0,431.421501900511,862.843003801022,-431.421501900511,0.0,14078.633937688457,1676.5949142478155,1797.7105580988718,13264.038107751656,10634.866787812893,1019.8915549667856,431.421501900511
102,2025-04-13,58295.546827709404,57747.555303878515,671.8173358473464,667.9387533006673,34856.53106519708,3.8279346026679892,261.4318515595013,522.8637031190026,-257.6039169568333,4340.072680876879,38938.99982911713,1797.7105580988718,1395.9898430218057,20192.758140322203,16717.682737230345,560.1177124827313,262.70782976039067
103,2025-04-14,63471.15158840705,55598.140559443505,858.6924901079905,13.365871198887476,38068.53294086372,34.88346883686711,2394.575308555052,4789.150617110105,-2359.6918397181857,5868.1739797165565,41577.01508086209,1395.9898430218057,1559.4005893225878,19833.503719378452,15918.06834102584,7946.978790259469,2406.2031315006743
104,2025-04-15,55242.290800575225,58973.705288345765,0.0,4464.673335685954,33261.87223367597,3680.7596639325757,0.0,0.0,3680.7596639325757,0.0,36942.631897608546,1559.4005893225878,2160.09736562366,20152.505371871128,15782.902252544653,3731.4144877705385,1226.919887977525
105,2025-04-16,60711.61647655473,63869.156702769826,0.0,4948.258420818728,36015.73270778609,3361.951684797551,24.567034022274626,49.13406804454925,3337.3846507752764,0.0,39353.117358561365,2160.09736562366,1531.938719558657,19508.679544261024,16367.373212309929,3374.9842360793655,1145.2175956214583
106,2025-04-17,54427.779666722214,59936.50379940955,0.0,3349.5047983056866,33584.31897372182,4687.4294967972155,0.0,0.0,4687.4294967972155,0.0,38271.748470519036,1531.938719558657,1600.4903014081942,19247.159091785674,15528.502440681808,5508.724132687339,1562.4764989324053
107,2025-04-18,26538.888366305684,27156.521710661364,0.0,17455.023371447565,13181.982791792358,889.2725203982171,18.71515641600292,37.43031283200584,870.5573639822143,0.0,14052.540155774572,1600.4903014081942,2397.231303704639,13843.759230598258,10496.37807471779,696.3103056321934,315.13932988207534
108,2025-04-19,24624.056201099454,25282.340007922183,0.0,16452.823487205154,11913.418391330435,971.7839904622986,0.0,0.0,971.7839904622986,0.0,12885.202381792733,2397.231303704639,1935.9909645038192,12947.124084198727,10902.2868134817,658.2838068227229,323.9279968207662
109,2025-04-20,54956.686182668505,57284.46393100891,0.0,1782.6194923356202,33083.19108730555,1783.112503467494,20.611567200741522,41.223134401483044,1762.5009362667524,0.0,34845.69202357231,1935.9909645038192,1449.5766811683757,20957.223212325633,17413.12365698567,2415.512387451332,614.9824016899063
110,2025-04-21,60930.27757728114,53940.92609494986,78.65012546129574,1821.3051575851453,36493.6929229192,0.0,2152.4642745559586,4304.928549111917,-2152.4642745559586,368.51516284890124,34709.74381121215,1449.5766811683757,1337.7254940278542,19905.40393641661,16224.043256923931,6989.351482331274,2152.4642745559586
111,2025-04-22,54132.181624126635,60014.91141578858,0.0,3695.2149505156385,32505.913821678158,5406.2793596458205,0.5921964763188886,1.1843929526377772,5405.687163169502,0.0,37911.60098484766,1337.7254940278542,1616.0193468143245,20612.119374202346,16445.352225596074,5885.129534246551,1802.6853163582587
112,2025-04-23,53134.72782236148,58038.19341608901,0.0,2647.6291940175215,31859.86213548168,4350.844753814694,0.0,0.0,4350.844753814694,0.0,36210.70688929637,1616.0193468143245,1856.2665327189159,19865.39493731944,15874.747431914615,4903.465593727527,1450.2815846048982
113,2025-04-24,53578.898187877356,53591.10455957656,0.0,3450.0598139217773,31778.353520857956,2245.984232412456,377.6561830988185,755.312366197637,1868.3280493136376,0.0,33646.6815701716,1856.2665327189159,1219.368769508533,19074.452802863874,16023.514757209086,3461.9173735411896,1126.3175939029707
114,2025-04-25,25757.338207237422,25452.821631117124,0.0,20797.26592902651,12916.479743082375,0.0,142.17902080935738,284.35804161871476,-142.17902080935738,0.0,12774.300722273018,1219.368769508533,1408.0861433691352,13080.802187453004,10425.604135362395,304.51657612029715,142.17902080935738
115,2025-04-26,25326.41082654029,25499.4640181932,120.5205320234688,23251.526014602267,12440.34063532593,179.6685721508402,0.0,0.0,179.6685721508402,255.42176001621698,12875.430967492988,1408.0861433691352,1200.0,13081.802270069975,10783.537367788902,173.05319165291098,59.88952405028007
116,2025-04-27,52970.55443511404,54955.96403355643,720.234386110965,3113.2883482094903,31332.855585839243,1679.6293121499893,5.441733154507954,10.883466309015908,1674.1875789954815,4780.751944788709,37787.79510962343,1200.0,1276.4853799940463,20634.7476112102,16645.30872308562,2025.6944143501273,565.3181705378378
117,2025-04-28,66306.38658722336,65914.41342700698,0.0,4999.345827261354,38759.44322647307,1755.0887413855462,452.7972888088003,905.5945776176006,1302.2914525767458,0.0,40061.73467904981,1276.4853799940463,1732.7213513679883,20434.146888644274,16141.046605565316,3301.8117139886353,1037.8268692706492
118,2025-04-29,55286.65504376505,54790.954637666466,64.27835993044914,4010.25763845904,32941.858485703444,1192.4160875683333,363.5751602645121,727.1503205290242,828.8409273038212,444.04191154268386,34214.74132454995,1732.7213513679883,1659.4696583556715,18303.62192727528,14891.860284804068,2393.182039682828,761.0471894539567
119,2025-04-30,51828.73660819071,51691.41870830041,131.40152596756923,476.8918037634404,31364.355129230426,36.93702587933116,110.36584408145994,220.73168816291988,-73.42881820212878,667.951061437205,31958.877372465504,1659.4696583556715,1201.4503752723156,18427.84922076963,15338.77522359842,254.50745165442288,122.678186041237
120,2025-05-01,53820.91672499506,53719.47525484168,2626.8956206161874,1618.712937747334,33109.97255967995,1025.6284333935444,431.76721191393415,863.5344238278683,593.8612214796101,12930.986063627057,46634.819844786616,1201.4503752723156,1200.0,19566.23408134534,15849.954943634808,1874.586534182336,773.643356378449
121,2025-05-02,26996.715536326526,28184.501109365796,1264.7213946298891,12526.263910420272,13689.122837171555,1525.9852002546445,0.0,0.0,1525.9852002546445,5163.488210866592,20378.596248292793,1200.0,1200.0,13855.992159168867,11223.353648926783,1187.785573039269,508.6617334182148
122,2025-05-03,26248.078820387258,26957.387848373713,1540.3268286482055,17093.870245993032,13019.416517743843,770.4754266453839,11.039022562444403,22.078045124888806,759.4364040829395,7640.42819640289,21419.281118229672,1200.0,1200.0,13350.909373836243,10814.236592807358,765.7529628577016,267.86416477757234
123,2025-05-04,58572.324905208654,56259.15635744069,487.71963642487447,1399.0659817619153,34869.330313518454,3320.392123154568,1219.4889788538912,2438.9779577077825,2100.903144300677,2318.470591895345,39288.704049714484,1200.0,1261.4105913730712,18725.648139655605,15112.505460885284,6898.884613746217,2326.286353238747
124,2025-05-05,61362.88611118086,59905.96085940022,332.7415193994674,1389.6468706828114,37966.323229259884,31.5310180088444,689.7779981707831,1379.5559963415662,-658.2469801619387,1819.6822391852338,39127.75848828318,1261.4105913730712,1231.966559680748,19997.622824420963,16224.574116304077,1488.1085757274695,700.2883375070645
125,2025-05-06,53047.87129890174,57631.46596745424,977.3117766850395,2025.6919307029912,32716.706285892935,4023.2552568287338,0.0,0.0,4023.2552568287338,5366.506279159309,42106.46782188098,1231.966559680748,1200.0,19693.543949906856,15980.540503137227,4583.594668552505,1341.085085609578
126,2025-05-07,57478.46804659228,60318.34422412826,0.0,520.4987606200567,35735.61322270184,2596.880415193461,0.0,0.0,2596.880415193461,0.0,38332.4936378953,1200.0,1968.5114821372556,21254.416734656206,16524.417221147996,2839.8761775359826,865.626805064487
127,2025-05-08,64335.96606591207,60764.18954351191,35.999250000000075,275.6699086394708,38611.183170376105,4506.505185737522,1712.9258226426819,3425.8516452853637,2793.57936309484,243.2289326250005,41647.99146609595,1968.5114821372556,2957.14954031146,20043.3275395561,15345.321054683664,9714.605176340103,3215.0942178885234
128,2025-05-09,26826.136117822578,30046.23467189443,0.0,17865.2093843613,14213.24296882279,4539.706027922081,0.0,0.0,4539.706027922081,0.0,18752.94899674487,2957.14954031146,4247.512702090888,13264.80311542972,9583.163677896588,3220.0985540718534,1513.235342640694
129,2025-05-10,25077.156231417033,29006.342821227532,0.0,14942.340125115563,13510.705629375221,5492.840743503779,0.0,0.0,5492.840743503779,0.0,19003.546372879,4247.512702090888,3885.5671909046446,11940.570383401304,9997.612970622671,3929.1865898104993,1830.9469145012597
130,2025-05-11,60243.1487513701,59251.92715604944,22.473246256800962,998.8793968580122,36566.79217567766,4485.565017982801,1023.5824970134563,2047.1649940269126,3461.9825209693445,151.5033896402237,40180.27808628723,3885.5671909046446,3292.1578706266137,17502.685844026983,14711.243921912082,7291.512867545684,2518.7708363410566
131,2025-05-12,53966.2463905816,59008.17446568102,0.0,3033.036535366912,34557.47422801762,4942.303306156545,0.0,0.0,4942.303306156545,0.0,39499.777534174165,3292.1578706266137,4148.560518149446,17227.264811632784,13183.322114652008,5041.928075099424,1647.4344353855147
132,2025-05-13,63462.77219020752,58334.40024182059,0.0,1372.7580896379452,39402.297917044976,2173.03699714686,1787.8622515071002,3575.7245030142003,385.17474563975975,0.0,39787.47266268473,4148.560518149446,4641.765031780627,17834.449069725935,14002.019684209949,8527.530503544545,2512.2079172227204
133,2025-05-14,59917.135368700474,60855.307317157596,0.0,4974.11396615557,38408.15839663507,893.294284611242,0.0,0.0,893.294284611242,0.0,39301.452681246315,4641.765031780627,4283.369599109672,16787.370826697683,13920.32625902898,938.1719484571237,297.76476153708063
134,2025-05-15,57389.74722094108,59982.19128377974,0.0,3633.7657731923714,37569.57849672416,2613.3674720984777,101.9062436039238,203.8124872078476,2511.4612284945542,0.0,40081.03972521872,4283.369599109672,4560.7661921039235,17545.843650311665,13962.476423057622,2945.748438239676,973.0287343034163
135,2025-05-16,27161.2048021656,27006.241446811197,0.0,22651.428777652214,15991.274416359818,0.0,88.27242034261442,176.54484068522885,-88.27242034261442,0.0,15903.001996017205,4560.7661921039235,3840.1778803398215,12041.240086385995,10401.933950560346,154.96335535440383,88.27242034261442
136,2025-05-17,28078.22978016398,27997.500639779282,0.0,15127.459861952799,16192.46762073547,109.96654474534773,90.0128897662659,180.0257795325318,19.953654979081847,0.0,16212.421275714552,3840.1778803398215,3875.3365146602587,12576.836440025014,10155.594745531866,244.630940208499,126.66840468138182
137,2025-05-18,63214.7950648149,59396.135048819844,0.0,2184.888438277486,39327.5450999178,1227.4573597047365,1197.8512113004642,2395.7024226009285,29.606148404272517,0.0,39357.151248322065,3875.3365146602587,4094.661897646069,17566.766662395436,14031.688151853072,5562.6653230202155,1607.0036645353766
138,2025-05-19,57219.80795886281,56519.48247451398,51.76189842060876,5981.245311518395,35994.38918301661,1754.8541160946827,512.5299962576256,1025.0599925152512,1242.3241198370572,349.1081238977958,37585.82142675146,4094.661897646069,3983.4915301978367,16709.662326945283,13634.879815529086,3387.7594199388586,1097.4813682891863
139,2025-05-20,56970.51396421206,58777.62685770072,0.0,1121.1933342249665,36127.88656336549,2452.076434034857,107.66073300290098,215.32146600580197,2344.415701031956,0.0,38472.30226439745,3983.4915301978367,3851.0521125283085,17095.969382692943,13966.930675883857,2208.099139005447,925.0195443478533
140,2025-05-21,52722.931906757985,57777.556753269215,0.0,3294.830566853281,34346.76233566158,5256.727020299091,98.62755086082348,197.25510172164695,5158.099469438268,0.0,39504.86180509985,3851.0521125283085,3984.973973403885,15787.26962260307,12667.158719520463,5394.519844183385,1850.8698909605205
141,2025-05-22,54781.08342465907,53810.45747327838,0.0,287.73551879382774,35144.9616412075,0.0,517.3440987188669,1034.6881974377338,-517.3440987188669,0.0,34627.61754248863,3984.973973403885,3354.7520827727317,17227.846523083856,14521.755385265966,970.6259513806833,517.3440987188669
142,2025-05-23,25071.77313011596,24883.308070784587,0.0,17628.042854380918,13408.430454202653,94.10715013718837,135.37053963385378,270.74107926770756,-41.26338949666541,0.0,13367.167064705987,3354.7520827727317,1783.2953029674545,11834.881236289946,11000.564903219605,370.76125407449405,166.73958967958322
143,2025-05-24,26999.071469771287,26531.640856431175,0.0,20349.759993411048,14628.375867629107,534.6602689136232,478.0774307930934,956.1548615861868,56.5828381205298,0.0,14684.958705749637,1783.2953029674545,1921.4044321220654,12121.480333934998,9694.100854248198,1584.0932405040724,656.2975204309679
144,2025-05-25,58201.07545647626,57334.82664531123,245.03923825957304,6083.172384703262,34924.91565399161,537.8832268723863,399.47609040212154,798.952180804243,138.40713647026496,1577.1057336870078,36640.42852414888,1921.4044321220654,1538.814529490984,17347.443304748325,14395.759989214119,1590.273635824339,578.7704993595837
145,2025-05-26,56558.077927757404,61157.137264043384,0.0,2495.8651824482895,35059.08238285773,3484.036894561405,0.0,0.0,3484.036894561405,0.0,38543.11927741913,1538.814529490984,2016.1435342966474,19220.226459315778,15138.78732772068,4599.059336285982,1161.3456315204683
146,2025-05-27,53377.4684854791,59593.34271616104,0.0,6695.337426073903,33501.70411218883,5068.605649346095,0.0,0.0,5068.605649346095,0.0,38570.309761534925,2016.1435342966474,2133.3932360561253,17905.859255282172,14398.221265195029,6215.874230681944,1689.535216448698
147,2025-05-28,61044.3717817654,59837.87067910055,0.0,4092.6416153174505,36795.2439872533,182.98982898168074,354.52484571367586,709.0496914273517,-171.53501673199514,0.0,36623.7089705213,2133.3932360561253,2075.2184404110194,18546.117262440504,15074.712298657403,1477.8512460610943,415.5214553742361
148,2025-05-29,58943.51755723533,63882.855787533656,83.86138114774776,7011.018251030944,35639.26333162888,4066.6763520608556,0.0,0.0,4066.6763520608556,473.37095699678173,40179.31064068652,2075.2184404110194,1374.3632014047594,18296.5533302953,15450.977912644832,4939.338230298321,1355.5587840202852
149,2025-05-30,27314.664513665295,27695.62469823461,0.0,17975.45106962916,14742.510017232795,503.98645299107216,41.411605614111494,82.82321122822299,462.5748473769607,0.0,15205.084864609757,1374.3632014047594,2117.1090586642445,12923.521528448638,9799.58116650986,577.8001893656215,209.4070899444689
150,2025-05-31,28352.573741101707,29082.21394718621,0.0,16785.49821565118,15252.13858502655,2948.8803435073482,564.7362902169882,1129.4725804339764,2384.1440532903603,0.0,17636.282638316912,2117.1090586642445,3651.0650566610093,13299.86201756811,9392.327836033082,3381.436346082096,1547.6964047194379
151,2025-06-01,72908.75835206133,69593.7942109424,4269.807887811334,1374.340223620029,44726.671985371955,2249.902973863826,1837.1723914252868,3674.344782850574,412.7305824385385,21011.31162177078,66150.71418958128,3651.0650566610093,1200.0,18265.232242782156,17000.79666764845,7048.946054054326,2587.1400493798956
152,2025-06-02,77513.88059126845,67632.48937467858,5000.006802563261,226.88127494732825,48052.765901520834,54.62480302549215,3183.501326407175,6367.002652814349,-3128.876523381682,33458.37982267344,78382.26920081259,1200.0,1289.331604611512,19391.626358653455,15626.818906358934,9934.28966190177,3201.7095940823383
153,2025-06-03,71668.91691285439,76406.49328569252,212.41124627379193,4283.520575584226,44727.5991164486,4820.537620048439,109.86748351294884,219.73496702589767,4710.67013653549,1054.161181876922,50492.43043486101,1289.331604611512,1566.0605310066276,20494.532048911296,16351.514925862548,5197.1516463175485,1716.7133568624286
154,2025-06-04,82804.16121896463,66839.3990262366,5916.258442704384,9.670801983140109,51760.92747417945,207.92619633666084,5391.26090035819,10782.521800716378,-5183.334704021528,39068.07404512906,85645.66681528698,1566.0605310066276,1250.0582976146918,17816.462422862754,14715.736572571575,16167.839910149203,5460.5696324704095
155,2025-06-05,70694.29357468392,72066.2695178538,3109.382446421824,112.14687714083573,42572.41436897278,4834.753002264416,496.11889645445365,992.2377929089074,4338.634105809962,16691.774810613053,63602.823285395796,1250.0582976146918,1200.0,20838.10283327022,16923.915762802106,5381.121775065411,2107.703230542593
156,2025-06-06,31847.0140789745,33336.56736842223,2404.8212104909926,2254.2315789280847,17465.84446128486,4100.384858029045,541.4546079813913,1082.9092159627826,3558.930250047654,13568.691554217508,34593.46626555002,1200.0,1200.0,13853.482105184958,11221.32050519982,4606.841694660246,1908.2495606577397
157,2025-06-07,36934.22345474233,39457.46992650908,976.3384655415341,6076.6872127121505,18922.358799516158,4768.731908410573,338.75806857059683,677.5161371411937,4429.973839839977,6658.761593153051,30011.09423250919,1200.0,1638.7535573399975,14924.893742451623,11694.28572977982,4856.182625356501,1928.335371374121
158,2025-06-08,76843.89808448179,74642.8914567747,0.0,1877.9189569776972,48758.955451716676,3813.993463706019,1544.9695812545788,3089.9391625091575,2269.02388245144,0.0,51027.979334168114,1638.7535573399975,5546.035074622849,21386.820355661996,13806.77112253166,8866.18468904293,2816.3007358232517
159,2025-06-09,83177.09721241286,76517.27789433961,0.0,1564.2730648015515,54491.8976932619,657.1750761790152,2288.046780363592,4576.093560727185,-1630.8717041845775,0.0,52861.02598907732,5546.035074622849,5692.877726326214,20463.861629851057,16443.56953364633,7748.0890357977905,2507.1051390899306
160,2025-06-10,76953.19064500321,74765.24454004386,0.0,152.9323767170813,50003.721065963764,1882.4281463140258,1066.2456748708232,2132.4913497416464,816.1824714432023,0.0,50819.903537406964,5692.877726326214,4922.476350703209,19406.469305548206,16412.601375554746,5406.365047057698,1693.7217236421652
161,2025-06-11,81740.78492857967,81245.57955688235,61.41005970204579,1422.2191643932617,52616.96372632082,3837.2892215223524,1408.259918362172,2816.519836724344,2429.0293031601805,297.8029792625476,55343.79600874355,4922.476350703209,4427.813863954807,22344.844071568616,18544.51993604414,6620.722825548098,2687.3563255362888
162,2025-06-12,79349.96737965308,78760.9081577865,0.0,1484.6684834430712,50485.35254920843,5297.712636064499,1597.8810635188247,3195.7621270376494,3699.831572545674,0.0,54185.18412175411,4427.813863954807,5030.582236359241,22533.456346558552,17709.608105548446,8915.970308705506,3363.7852755403246
163,2025-06-13,34193.4841570634,36504.38159181933,0.0,5688.275513778716,20553.002805644686,4546.172908286033,472.24031075965104,944.4806215193021,4073.932597526382,0.0,24626.935403171068,5030.582236359241,5192.3547643046295,12237.879488893486,9767.087110852872,4751.507007202225,1987.6312801883287
164,2025-06-14,34554.090918307666,38034.356681210666,0.0,10045.434206021579,20659.29030857359,4719.003113445609,61.56924587374719,123.13849174749438,4657.433867571863,0.0,25316.72417614545,5192.3547643046295,4894.944077386351,10859.20707060807,9063.627345418987,3827.356007945171,1634.57028368895
165,2025-06-15,72575.34372859617,76654.21913504595,0.0,1672.8551417296944,45904.75678957119,5331.028799991957,91.40945672856073,182.81891345712145,5239.619343263397,0.0,51144.376132834586,4894.944077386351,5141.7669189467215,21748.67948725571,17394.28982727279,4641.830058988296,1868.4190567258802
166,2025-06-16,77670.92071962319,80346.98999098776,0.0,3301.4298540163923,49389.008042876514,5236.754701137195,426.08061813975416,852.1612362795083,4810.674082997441,0.0,54199.68212587396,5141.7669189467215,5434.430217763563,21516.37027036593,17164.862950061237,5211.210217118912,2171.665518518819
167,2025-06-17,78452.67345708626,82431.20723858173,0.0,4204.432303296071,49738.8212411116,7035.858210126296,378.04495249807553,756.0899049961512,6657.813257628221,0.0,56396.63449873981,5434.430217763563,4959.25776829449,21144.310121795585,17554.546403176588,6806.177716566335,2723.331022540174
168,2025-06-18,79277.71571872021,83541.14226946793,0.0,8766.295111734475,50191.18797851326,7254.397078192944,443.5060823640363,887.0121647280724,6810.890995828908,0.0,57002.07897434217,4959.25776829449,5115.822506773838,19502.8841742214,15656.427916487923,6956.991150650836,2861.638441761684
169,2025-06-19,73393.66676753495,72357.35706620883,73.79471522071535,617.4428983214107,46275.60893491069,7348.161185283041,2162.016977845478,4324.033955690956,5186.144207437564,353.00971802978995,51814.76286037805,5115.822506773838,4760.738470297154,20388.317452300842,16834.112769192703,12424.374647848777,4611.40403960649
170,2025-06-20,32116.458700069434,35224.91982918449,0.0,9902.984853271944,19719.381871198886,4350.539042338159,133.95012257248186,267.9002451449637,4216.588919765676,0.0,23935.970790964562,4760.738470297154,5326.237221409953,12696.869736373817,9775.515610461272,3770.7320286000436,1584.1298033518683
171,2025-06-21,36582.667458592376,37200.4341126129,0.0,14864.962642408049,22442.94206482474,778.7508814870984,0.0,0.0,778.7508814870984,0.0,23221.69294631184,5326.237221409953,5917.171655551763,12994.158313037991,9993.427242833146,617.7666540205225,259.5836271623661
172,2025-06-22,69171.58714470286,73519.26389331123,0.0,3175.458637990363,44168.09534097167,6304.81226446313,231.84193902367008,463.68387804734016,6072.970325439461,0.0,50241.06566641112,5917.171655551763,5288.731920853497,18168.736402891118,15282.272247570243,6281.415282360771,2333.4460271780467
173,2025-06-23,73251.28319341777,75694.94405452508,0.0,4976.1783374098195,47771.12324686395,3216.0763771435586,129.95665583015477,259.91331166030955,3086.1197213134037,0.0,50857.24296817735,5288.731920853497,5480.77670226679,18340.207441280567,14682.727724165303,3099.6767902870333,1201.9821148780077
174,2025-06-24,84421.77434408208,83912.7290171684,0.0,2959.3190761788264,54956.148368001916,806.595093942301,414.6571911532867,829.3143823065733,391.9379027890144,0.0,55348.086270790925,5480.77670226679,5972.618873036586,22326.10388050934,17641.486189519757,1724.2184775739636,683.522222467387
175,2025-06-25,73524.7105931398,77161.73586475063,0.0,3824.130367134396,47112.18490898001,4170.461005112045,22.531289791580136,45.06257958316027,4147.929715320465,0.0,51260.11462430048,5972.618873036586,5363.348601477557,18150.144080803682,15249.959949854114,3767.660376939597,1412.684958162262
176,2025-06-26,68843.7131203042,72221.69338551149,0.0,2116.9653946869735,44630.399489986994,4928.904304612452,328.4089907473358,656.8179814946716,4600.495313865115,0.0,49230.89480385211,5363.348601477557,4459.227677038395,17742.384155191743,15185.03999770056,5032.558941931084,1971.3770922848198
177,2025-06-27,34009.99261294586,36132.7187060642,0.0,13253.01342305935,20470.944403361253,3948.019293020099,474.66594432525085,949.3318886505017,3473.3533486948486,0.0,23944.297752056103,4459.227677038395,5368.523942125882,12051.01461978661,8942.95520344842,4439.744956413081,1790.6723753319507
178,2025-06-28,31329.929046307243,35047.19659320387,0.0,11241.001010632388,18720.92995563288,4310.467086980542,0.0,0.0,4310.467086980542,0.0,23031.397042613422,5368.523942125882,4964.586549370131,12593.753259921017,10564.4837940162,3717.2675468966295,1436.8223623268477
179,2025-06-29,66812.20173683777,71792.03307313836,193.46662219805924,52.27531596960148,41275.83349790313,10938.388361162939,1156.8371117933712,2313.6742235867423,9781.551249369568,930.661583825057,51988.04633109775,4964.586549370131,3856.654085539469,19276.81612358462,16611.36027755113,11727.035109970739,4802.966565514351
180,2025-06-30,77744.68573019003,78459.21676594575,0.0,3138.304372321699,49882.721143120856,2053.75878404224,310.6389812840445,621.2779625680889,1743.1198027581956,0.0,51625.84094587905,3856.654085539469,5522.416032411284,20758.11925318994,15314.890842899218,2301.0178273365755,995.2252426314581
181,2025-07-01,66713.5139330983,74898.49802445012,3397.290436169482,172.10130282172884,43092.83560356859,8041.198000280634,0.0,0.0,8041.198000280634,23040.96198365203,74174.99558750125,5522.416032411284,1470.6700542426063,15282.707920086115,16025.564795621565,8184.984091351844,2680.399333426878
182,2025-07-02,66641.5377254167,75760.2700471354,669.4029865459233,80.12346838198243,43750.19933498067,8492.14532057371,0.0,0.0,8492.14532057371,3815.3585533282912,56057.703208882675,1470.6700542426063,1200.0,19412.559197110655,15967.77599847797,9118.732321718711,2830.7151068579037
183,2025-07-03,75399.30432017444,86717.10047441357,726.7219950655508,3657.4685281095835,47139.990213217316,14325.773409584512,207.8536155374492,415.70723107489846,14117.919794047062,3669.875290897604,64927.78529816197,1200.0,1200.0,21189.13162124325,17163.19661320703,12733.961021828884,4983.111418732287
184,2025-07-04,37148.76859885611,41233.68585539332,1793.4811886536593,11597.365339001635,21844.84204545211,5392.574335762293,13.374662765609754,26.749325531219508,5379.199672996684,4957.054389924688,32181.096108373484,1200.0,1200.0,13415.443359887802,10866.509121509123,4154.989616272412,1810.8994413530409
185,2025-07-05,39925.08302271666,40884.60224597784,1464.624140989424,10812.843164743788,23673.154865888733,2282.6496892378036,386.33265219690196,772.6653043938039,1896.3170370409016,8378.967144554004,33948.43904748364,1200.0,1449.3788443159551,13272.959450907627,10526.656195350815,2598.12713370015,1147.2158819428364
186,2025-07-06,76894.89502513339,85439.10630636034,601.7126560466868,1881.2313215844592,49122.37538143934,7823.44357251562,122.61777071665674,245.23554143331347,7700.825801798964,2734.445681634258,59557.646864872564,1449.3788443159551,1200.0,24158.142372141745,19792.536281319175,9027.450666383727,2730.43229488853
187,2025-07-07,82085.23300356546,76348.84048349079,1611.2311575061585,294.6930048545104,51521.368886332,761.1327024676906,1906.3985450418045,3812.79709008361,-1145.2658425741147,10903.071992084615,61279.175035842505,1200.0,1807.8371237461372,19520.223463706512,15264.327594230748,6931.195890774306,2160.1094458643684
188,2025-07-08,100658.09634765289,91311.1335438108,0.0,7273.126570830342,64781.81556168535,993.9356080252559,3318.8917960658955,6637.783592131791,-2324.95618804064,0.0,62456.85937364472,1807.8371237461372,6078.443881886284,24331.967757829814,15865.347801516018,10754.76689576231,3650.2036654076483
189,2025-07-09,94476.07402237598,86883.38077614857,0.0,9719.555474959197,61213.027296791275,638.9702330158982,2646.706226604852,5293.412453209704,-2007.7359935889535,0.0,59205.29130320232,6078.443881886284,5595.439759177061,18630.547341900034,15525.447057377332,8551.759546113728,2859.696304276818
190,2025-07-10,86724.3274846414,82844.67260003854,0.0,6505.84250291835,56414.31864111875,1882.8185292893575,1357.4820214790857,2714.9640429581714,525.3365078102715,0.0,56939.65514892902,5595.439759177061,5529.88949561111,18653.694478927435,15168.48776514058,6480.430229840724,1985.0881979088715
191,2025-07-11,52109.89009851467,51126.26541975424,0.0,15610.818558548171,32822.35790016438,552.8263271814652,473.7436152489713,947.4872304979426,79.08271193249402,0.0,32901.44061209687,5529.88949561111,6363.690909530098,11822.360203573571,8825.6904923675,1876.0704321135902,658.019057642793
192,2025-07-12,46432.42379650692,47680.7134033294,0.0,15030.083000824006,29337.48902101494,1629.283262577268,0.0,0.0,1629.283262577268,0.0,30966.772283592207,6363.690909530098,5604.895663400684,11838.435740465973,10272.048671293913,1248.289606822484,543.0944208590893
193,2025-07-13,91237.70542751945,78703.15103531833,11.699675330151763,6269.9323037889135,59924.41283535585,511.056885422017,4238.341403689306,8476.682807378613,-3727.284518267289,78.86751140055304,56275.99582848911,5604.895663400684,5351.43598937925,17922.693228836084,14745.495221976515,13298.606113440046,4408.6936988299785
194,2025-07-14,91405.06985030833,84004.30951783067,0.0,8415.084102008994,58656.442621774826,1048.0743369468119,2329.440734516109,4658.881469032218,-1281.366397569297,0.0,57375.07622420553,5351.43598937925,5827.685671924705,17646.95518349523,13865.408984340225,9038.799146203819,2678.7988468317126
195,2025-07-15,93773.4961088566,81965.39799176631,0.0,5329.697182678043,60544.723478061365,740.497291153775,3546.207792742509,7092.415585485019,-2805.7105015887346,0.0,57739.01297647264,5827.685671924705,6446.962188124543,17522.638743026844,13635.98851727189,12866.001121981135,3793.0402231271014
196,2025-07-16,87589.51857367757,80053.63055671842,0.0,5352.723611052371,57317.61906129843,634.0427665051648,2471.5752112495666,4943.150422499133,-1837.5324447444018,0.0,55480.08661655402,6446.962188124543,5789.71939836026,16620.326700634592,14053.983138301875,8510.596772048048,2682.9228000846215
197,2025-07-17,84790.56983894794,82772.95109281255,0.0,6868.690675302846,54854.6071234438,3462.618147850808,1412.3555500557875,2824.7111001115754,2050.26259779502,0.0,56904.869721238814,5789.71939836026,5377.050690981697,18711.822039388142,15527.977688545108,7971.8511238347255,2566.5615993393903
198,2025-07-18,52981.752163117184,50552.67463058959,0.0,16341.777526703081,33276.5134069707,531.2911174860076,962.0779570362726,1924.155914072545,-430.78683955026486,0.0,32845.72656742043,5377.050690981697,6249.622562800141,11322.81220657847,8386.163202691961,3281.963691745152,1139.1749961982753
199,2025-07-19,48874.559392441835,45717.37928078609,0.0,16823.802581953347,31411.61378674883,541.8732005583273,1423.4289175067781,2846.8578350135567,-881.5557169484514,0.0,30530.058069800376,6249.622562800141,5607.239533772437,12046.854605040398,10336.096956207663,4037.392938866542,1604.053317692887
200,2025-07-20,89704.50720258469,83439.81382333874,0.0,7920.569144982421,57487.63356966387,1064.50758919654,2007.6364666283157,4015.2729332566314,-943.1288774317754,0.0,56544.5046922321,5607.239533772437,5680.99206303746,17699.41676500594,14270.15030331629,7833.291800108745,2362.472329693829
201,2025-07-21,94895.60607901918,85303.72038145899,0.0,6865.365447401188,61881.062852376876,617.7204365007158,3243.494508585188,6486.989017170377,-2625.774072084473,0.0,59255.28878029241,5680.99206303746,6631.111464336352,18913.14801520412,14464.542431146328,10537.996305662497,3449.401320752094
202,2025-07-22,88267.46276925298,92529.25070993468,0.0,16355.209139267174,57652.65161778849,5335.9101983591845,24.406190906970938,48.812381813941876,5311.504007452213,0.0,62964.1556252407,6631.111464336352,5796.191331166027,16475.39512554808,14096.498171547242,4460.324398052716,1803.042923693366
203,2025-07-23,98636.02302696728,81952.8130683224,0.0,4398.519551787337,64614.20564120528,531.019008668075,5496.5438676797185,10993.087735359437,-4965.5248590116435,0.0,59648.68078219362,5796.191331166027,5463.220364652301,19144.3172091093,15806.57080924089,17507.212707410574,5673.55020390241
204,2025-07-24,95998.25453056526,85481.85324460133,0.0,8032.047040728172,62742.24265054056,722.4553060143714,3416.8712046937057,6833.7424093874115,-2694.4158986793345,0.0,60047.82675186123,5463.220364652301,5926.848598853646,17979.30943732604,14145.975233452884,11639.858307560773,3657.689640031829
205,2025-07-25,46443.63013593028,46601.41495282814,0.0,17604.343052113963,29461.061428673944,709.829696033911,166.81823723373458,333.63647446746916,543.0114588001765,0.0,30004.07288747412,5926.848598853646,6098.1970516979545,12302.835402566492,9811.08306851898,955.9977592632019,403.42813591170494
206,2025-07-26,46856.7804349729,47400.69608475218,0.0,16780.320186484965,29246.45796863587,1266.8787722219558,134.16764930123384,268.3352986024677,1132.711122920722,0.0,30379.169091556592,6098.1970516979545,6105.298763789048,11288.909424834526,9137.625093233983,1287.9963720544831,556.4605733752192
207,2025-07-27,86462.24257360003,81783.70563044638,0.0,4977.683022817966,55607.64050542311,2226.5059268464875,1854.1894381537659,3708.378876307532,372.3164886927211,0.0,55979.956994115826,6105.298763789048,5590.2120385144135,18865.320317766254,15744.487510137835,7983.750667725215,2596.358080435929
208,2025-07-28,93644.59027001107,89120.11951155675,242.68846929725657,7073.391810223768,60623.50963315009,2344.47619210808,2009.5671942457088,4019.1343884914177,334.9089978623715,1163.473641058361,62121.89227207082,5590.2120385144135,6188.050361574621,19981.497087066975,15646.958149770062,7867.25373855563,2791.0592582817353
209,2025-07-29,90427.80804719927,89904.89652478343,0.0,10346.0046414395,58506.65392109433,515.7528655532035,278.40492295479453,556.8098459095891,237.34794259840896,0.0,58744.00186369274,6188.050361574621,6201.197020249041,18304.283897562913,14814.63796421899,1355.9796988558764,450.32254480586244
210,2025-07-30,81751.66275803307,84936.3250429541,0.0,7571.8415538554445,52930.89475845851,4639.362921883267,199.78664903464428,399.57329806928857,4439.5762728486225,0.0,57370.47103130713,6201.197020249041,6061.626501552605,17825.488978555008,14564.259539456345,4874.126837234531,1746.2409563290664
211,2025-07-31,84411.86162603972,82015.61348951141,0.0,4387.882236477793,54202.17656033138,1113.72289480842,890.4561004604436,1780.9122009208875,223.2667943479762,0.0,54425.44335467936,6061.626501552605,5197.750803121971,19527.490078708015,16594.755092341064,4176.9810613813825,1261.6970653965836
212,2025-08-01,47425.26048226295,45782.86654442767,0.0,21224.116404560606,30432.316002999898,0.0,728.9795755900223,1457.9591511800445,-728.9795755900223,0.0,29703.33642740988,5197.750803121971,6221.145862921439,12559.657470425696,9252.266997225295,1642.3939378352782,728.9795755900223
213,2025-08-02,44536.93880433352,40566.74113395809,73.05426243736906,20627.057385948283,28107.094587825603,0.0,2106.927865170069,4213.855730340138,-2106.927865170069,397.73579926975054,26397.902521925287,6221.145862921439,2807.2402746980033,11359.095297447031,12273.382220333191,3970.197670375434,2106.927865170069
214,2025-08-03,66600.06218057271,70975.37062915524,0.0,3262.9574236607264,42515.93710634163,7082.079589263947,213.94678554906056,427.89357109812113,6868.132803714886,0.0,49384.06991005651,2807.2402746980033,4081.822555020047,19609.521946691282,14736.588724530102,6022.563447945766,2574.639981970376
215,2025-08-04,72557.34508664736,72644.12531593829,0.0,5352.921123151956,47574.04888441932,442.6439550669771,117.80276335336927,235.60552670673854,324.8411917136079,0.0,47898.89007613293,4081.822555020047,2559.2234845817675,17083.62248867083,15208.073379217829,731.0026120639407,265.350748375695
216,2025-08-05,72584.54334375565,73406.73867564203,0.0,5316.46590036115,47115.718054177974,708.4562732885274,25.23414862526083,50.46829725052166,683.2221246632665,0.0,47798.940178841236,2559.2234845817675,1847.2523965231096,18835.458006317604,15897.494964370055,980.9639712273913,261.3862397214366
217,2025-08-06,79023.76016488623,73884.38866255444,0.0,1883.3323515975462,51028.79415844715,1431.5967705023984,2251.628316813594,4503.256633627188,-820.0315463111956,0.0,50208.76261213595,1847.2523965231096,2033.2933616127352,19574.843030050313,15688.185985760085,7056.368106620442,2728.8272403143937
218,2025-08-07,76783.86697804066,70322.64107610419,375.86940827260923,4317.487799469503,48177.42170931862,1317.7323724087892,1863.596424494701,3727.1928489894026,-545.8640520859126,887.4081999465061,48518.96585717922,2033.2933616127352,1291.0942562775547,19268.508577415567,16275.471142508275,8200.359766778516,2302.840548630964
219,2025-08-08,42419.308718516695,41601.855464537424,0.0,22557.67115560613,25083.23231167175,0.0,388.1684449948933,776.3368899897868,-388.16844499489343,0.0,24695.063866676854,1291.0942562775547,1918.68687844032,14232.524731498994,10963.511672567696,817.4532539792745,388.1684449948934
220,2025-08-09,40105.66712727087,39277.44626405805,0.0,18187.474690643117,23871.176234257575,0.0,375.8345622165503,751.6691244331006,-375.8345622165503,0.0,23495.341672041024,1918.68687844032,1505.878397847248,13366.158978677384,11198.116405262444,828.2208632128179,375.8345622165503
221,2025-08-10,71477.25480996276,68083.8449209577,967.6190393676557,242.87932983570215,46571.19974818466,275.83749251395125,1375.5020665455313,2751.0041330910626,-1099.66457403158,6475.239161226491,51946.774335379574,1505.878397847248,1486.6205684409467,18533.145405027986,15029.179824538336,3665.8895905978598,1467.4478973835153
222,2025-08-11,73477.64226989387,73577.66929564558,34.42224988223927,4111.734254840162,46464.34123641105,1639.9773368657302,337.28173619812634,674.5634723962526,1302.695600667604,232.07649995219936,47999.11333703086,1486.6205684409467,2486.968431237976,21256.79410966842,16317.690152314099,1876.8406765142252,883.940848486703
223,2025-08-12,76283.726140604,75489.07409514263,33.977614330752886,3998.4447636388577,48730.8316737199,1774.768553573835,565.3567093327513,1130.7134186655026,1209.411844241084,229.85979209540852,50170.10331005639,2486.968431237976,2683.226992989534,18881.21363293748,15117.150337102963,2901.1946333868696,1156.9462271906964
224,2025-08-13,67265.29003932989,69771.62245500584,63.87434588125541,498.4970171264272,43364.87382606731,2517.8055618895005,12.86013402956454,25.72026805912908,2504.945427859936,435.8504720462289,46305.66972597348,2683.226992989534,2267.6749923867446,18894.827022648296,15678.806688887635,2584.2726219157257,852.1286546593981
225,2025-08-14,68986.69402889715,73288.88636707168,92.18425864493099,3877.132308940621,44665.78920000623,4364.648395339535,51.343630758260744,102.68726151652149,4313.304764581275,636.1605570505726,49615.254521638075,2267.6749923867446,2026.5381953937742,19971.949740717584,16394.302407274918,4613.365857921557,1506.2264292047723
226,2025-08-15,41101.50002718485,40958.12287753159,0.0,20757.80501374642,24877.83611064723,726.2423358241751,327.90703870519326,655.8140774103865,398.33529711898177,0.0,25276.171407766215,2026.5381953937742,2451.167674807416,13991.707626208192,10951.116645756352,1269.5211905209399,569.9878173132518
227,2025-08-16,40278.4576599452,38857.08890678732,0.0,19808.21014532467,24974.294091142372,1429.0656601508297,1137.699144203755,2275.39828840751,291.36651594707473,0.0,25265.66060708945,2451.167674807416,2084.658062247425,12891.87918999992,10772.28079520393,3987.178117935173,1614.0543642540315
228,2025-08-17,71967.7589300705,69316.38160276407,812.8170958781699,3568.4270969997656,44975.35167877092,1536.7692017119873,936.1114264102287,1872.222852820457,600.6577753017589,5649.7350938283535,51225.744547901035,2084.658062247425,1707.927562529586,19654.92334064141,16259.545355665596,5042.593103018583,1448.367826980891
229,2025-08-18,73074.2292545701,74518.90173615045,39.71623114674037,5088.269027907298,46743.39373141124,1638.664482309754,63.85687707265282,127.71375414530564,1574.8076052371011,267.86612096919043,48586.06745761754,1707.927562529586,2979.6683154932693,20692.982342399562,15616.749019676332,1966.4323235737047,610.0783711759042
230,2025-08-19,71171.96221998055,67682.34807477458,69.12587853527532,1257.8293300897526,45926.58129527595,38.67922681258697,1114.9857282062958,2229.9714564125916,-1076.306501393709,466.21268914986206,45316.487483032106,2979.6683154932693,1590.7033320567577,18031.85820164713,15855.873628427036,3527.905901203248,1127.8788038104913
231,2025-08-20,80003.87778295542,75214.9728565895,136.12504478485073,796.8084151749416,49935.67735327501,723.3475232272074,1444.3831255670639,2888.766251134128,-721.0356023398567,917.574546453905,50132.216297389066,1590.7033320567577,1274.8887611733257,22041.218596462342,18137.620176929595,5806.205526296446,1685.4989666427996
232,2025-08-21,74272.1036119467,69573.05431956737,136.29959441690835,180.87218136012615,46797.05124940589,933.3949648047135,1349.4987309126993,2698.997461825399,-416.1037661079863,709.9099062173166,47090.85738951523,1274.8887611733257,1200.0,19744.54281235168,16060.47956306085,6051.253521081617,1660.630385847604
233,2025-08-22,41810.01406271555,39863.86422506416,698.4665683219707,16280.250552531783,25074.94455294616,0.0,929.7924551872314,1859.5849103744629,-929.7924551872314,4350.718194790434,28495.870292549364,1200.0,1488.0121275516556,14696.315400304497,11644.804559450155,1946.1498376513923,929.7924551872314
234,2025-08-23,39060.97682511751,39470.23604290813,23.434013549209247,14614.119881190141,22868.699701101308,551.6122315881215,0.5951466737363642,1.1902933474727284,551.0170849143852,144.23666402478418,23563.953450040477,1488.0121275516556,1200.0,13730.28915822992,11380.745132962722,412.05366161611863,184.46589053644348
235,2025-08-24,68456.14864564937,66469.94905789965,2491.698461582686,999.5533870281364,44099.85902986815,858.8675730688178,1018.5660364310781,2037.132072862156,-159.6984633622601,16967.506275803782,60907.66684230967,1200.0,1415.1596697092991,21236.11024411839,17007.60559499753,3347.9857323020856,1304.8552274540173
236,2025-08-25,94277.0445417825,79453.07833739546,18.882184341214156,4152.022501077454,60067.6148141476,300.67299355668945,4851.624245125167,9703.248490250335,-4550.951251568478,127.36033338148948,55644.023895960614,1415.1596697092991,1990.2207713916182,21206.821118307773,16659.970114315216,15121.002660795486,4951.848576310731
237,2025-08-26,72482.79786735825,73590.96307335499,0.0,3583.1295981718176,46983.31247381502,1074.3439132931107,139.34569575965548,278.69139151931097,934.9982175334552,0.0,47918.31069134847,1990.2207713916182,2618.3846617767367,20598.25047633285,16119.235384483009,1699.1642400067394,497.46033352402577
238,2025-08-27,71466.20911810474,78978.61663372414,0.0,8177.713941455229,46371.58358178838,6549.786523982899,129.0662121423938,258.1324242847876,6420.720311840505,0.0,52792.30389362889,2618.3846617767367,1803.8554923987174,19051.737252855084,16164.983427252839,8058.323236575785,2312.32838680336
239,2025-08-28,70152.69568249697,77258.11228846942,344.17743714293226,3152.6190133130594,44236.93195020559,6924.767676683079,127.65398560573712,255.30797121147424,6797.113691077342,1885.3145906098039,52919.36023189273,1803.8554923987174,1358.393589898129,21488.37600640267,17806.500277436695,7646.351647091475,2435.90987783343
240,2025-08-29,44973.45644479558,42168.48096211873,0.0,16292.919504826586,27367.649199501502,0.0,1238.0222912874717,2476.0445825749434,-1238.0222912874717,0.0,26129.626908214028,1358.393589898129,1849.6292750025434,15148.573635253517,11828.23252796138,2804.9754826768485,1238.0222912874717
241,2025-08-30,41280.06740867971,40454.04358657221,0.0,19703.610080195795,24891.927723670768,97.64573480643756,384.3359645585357,768.6719291170714,-286.69022975209816,0.0,24605.23749391867,1849.6292750025434,1491.1685995112155,13475.412005185726,11237.698332142638,1132.2251582881013,416.8845428273482
242,2025-08-31,68635.59668855561,71058.00857187108,165.37259854165234,148.4714916069113,44835.43172064998,2966.5500284198865,102.70985259529958,205.41970519059916,2863.8401758245873,1149.5536345911473,48848.82553106571,1491.1685995112155,2092.837633824848,20456.760339948454,16028.473744475981,3044.895838438487,1091.5598620685953
243,2025-09-01,80756.30750621928,68698.6068099948,0.0,7427.903182173228,51043.980708806965,656.5080245251619,3641.5575876571625,7283.115175314326,-2985.049563132002,0.0,48058.93114567496,2092.837633824848,6329.306026337586,20440.776532772532,12744.207438284287,13229.120753732092,3860.3935958322168
244,2025-09-02,64746.20031836399,69570.70980790758,0.0,12688.613328756328,42146.20024314277,4506.622888721111,34.454964340274884,68.90992868054977,4472.167924380837,0.0,46618.3681675236,6329.306026337586,5841.040207212155,17177.78877033761,14353.448141186349,5135.958308005687,1536.6625939139788
245,2025-09-03,67453.16413025474,62979.630455893086,0.0,5219.401675691901,44211.62823378572,108.83231084640622,1351.8723216641722,2703.7446433283444,-1243.040010817766,0.0,42968.58822296795,5841.040207212155,4882.398891935538,16185.730073421792,13973.218543220602,4637.330827971519,1388.1497586129744
246,2025-09-04,66090.94545394284,62952.08349044589,0.0,5485.756700950727,43914.50257127488,734.8522703301625,1180.5484960729907,2361.096992145982,-445.6962257428286,0.0,43468.80634553205,4882.398891935538,4941.736728824837,18354.511506814742,14813.750267319578,3932.909568834305,1425.4992528497114
247,2025-09-05,33859.617500236236,32576.547766444455,0.0,23140.100116114507,20990.143367875797,289.8026777800773,690.2734832393155,1380.546966478631,-400.47080545923814,0.0,20589.672562416556,4941.736728824837,5122.775418047087,12890.795596648713,10278.609612985434,1827.4509950189308,786.8743758326748
248,2025-09-06,33755.12050506118,34277.111769875584,0.0,23497.058432590544,20756.55230442147,1443.4092059104892,136.69359828941322,273.38719657882643,1306.715607621076,0.0,22063.267912042546,5122.775418047087,5687.096805457623,13426.738887450327,10367.76925016528,1199.8814623397514,617.8300002595763
249,2025-09-07,59897.75921669935,65938.52377949849,0.0,8174.248726248005,39699.70756032921,5313.221684689936,0.0,0.0,5313.221684689936,0.0,45012.92924501915,5687.096805457623,5051.931383676182,17762.843769405838,14959.552332822022,6040.764562799137,1771.0738948966455
250,2025-09-08,59188.07361234903,59998.66545075277,669.4410946390623,1648.4830864056376,37625.739002024515,1366.823403244492,174.76948853555703,349.53897707111406,1192.053914708935,3166.410939677049,41984.2038564105,5051.931383676182,1200.0,16267.327215586469,16643.27328993361,2379.2177828834383,630.3772896170544
251,2025-09-09,55608.80060704505,60028.77890013011,345.2746712465537,3448.9518855089495,35499.15932607906,4323.958386612212,0.0,0.0,4323.958386612212,1346.8024439323053,41169.92015662358,1200.0,1200.0,20117.196943163402,16294.929523962355,4419.978293085054,1441.3194622040705
252,2025-09-10,65607.01408675716,61559.902164995816,3539.1192915353654,229.5177100795073,40382.10189246888,306.02021885972056,1032.0027237764607,2064.0054475529214,-725.9825049167403,21692.553686326675,61348.67307387882,1200.0,1200.0,18702.658402377245,15149.153305925569,4579.497066960412,1134.0094633963677
253,2025-09-11,62787.449701854865,57189.08002376289,1357.0238317260514,896.4484010482656,39270.50524205162,566.5088565261154,1804.1951439277,3608.3902878554,-1237.6862874015847,7541.1539245250515,45573.9728791751,1200.0,1316.2096606214918,21310.426192357874,17156.85652125053,6891.380759307944,1993.031429436405
254,2025-09-12,32598.628744798552,32669.68088845162,0.0,17995.28077051606,17995.289558379955,585.1862110006325,128.52499254586832,257.04998509173663,456.66121845476425,0.0,18451.950776834718,1316.2096606214918,1622.3312228017312,14985.444799859706,11862.700881924142,621.3512713668052,323.58706287941243
255,2025-09-13,31891.661207808724,32247.35156867268,0.0,21692.756445558058,17434.79195408359,975.1888690954017,137.88965462048213,275.77930924096427,837.2992144749196,0.0,18272.09116855851,1622.3312228017312,1399.9295295388933,14461.342966936025,11913.849327154738,946.9717039178901,462.95261098561605
256,2025-09-14,68477.58225023863,62802.67925153461,2353.813045354095,1635.7058663160683,43362.85641343867,0.0,2142.9168068715994,4285.8336137432,-2142.9168068716003,13113.857245583993,54333.79685215106,1399.9295295388933,1200.0,18954.72766925075,15533.265988678113,5674.902998704007,2142.9168068716
257,2025-09-15,58917.506822621974,60667.71125726664,406.1109504720593,1192.9576800414338,37034.702834245705,2159.802922274348,0.0,0.0,2159.802922274348,2261.4644806262468,41455.9702371463,1200.0,1787.6828655025488,22552.206923219193,17738.373028855258,1750.2044346446685,719.9343074247827
258,2025-09-16,71540.97097728927,68165.52217292445,0.0,5082.405172372229,43851.129226083576,1230.4083399540134,1243.5478843680116,2487.0957687360233,-13.13954441399801,0.0,43837.98968166958,1787.6828655025488,1318.3811903358733,21124.834341415284,17533.487324196387,4892.336160805015,1653.683997686016
259,2025-09-17,67027.37514249033,66641.21456755634,0.0,2580.2459333375705,41752.48484177269,1909.6249681427953,517.2370455785741,1034.4740911571482,1392.387922564221,0.0,43144.872764336906,1318.3811903358733,1411.3386023886762,21143.097701954026,17042.247467735244,3023.977207240093,1153.7787016261725
260,2025-09-18,58328.883572311795,68206.31613068166,432.3644018035932,5852.565914278272,36490.500077146695,8723.611484031158,0.0,0.0,8723.611484031158,2406.0196007881987,47620.13116196605,1411.3386023886762,1204.1823001220391,21139.49565042258,17309.432148882264,9877.432558369866,2907.870494677053
261,2025-09-19,33437.343621697655,33922.51884796166,3.2066847220140433,13924.182692732058,19088.932136249277,1008.8077347265939,142.90538827924274,285.8107765584855,865.9023464473512,12.781845301947977,19967.616327998574,1204.1823001220391,2220.399141187804,15713.659822767166,11813.469299482218,1169.9072559574147,479.17463318810735
262,2025-09-20,31804.82134808696,31500.888447123827,388.05299314346615,13949.4285160691,18168.121234172424,737.4139281805351,391.6798684286601,783.3597368573202,345.73405975187495,1519.891555841274,20033.746849765572,2220.399141187804,1654.7708073402168,14753.393112251037,12459.313921386172,1530.786091390277,637.4845111555051
263,2025-09-21,67005.12682447262,68065.80728989492,0.0,5501.770632129259,41527.53847977105,953.8261275196737,0.0,0.0,953.8261275196737,0.0,42481.36460729072,1654.7708073402168,2027.312281768845,20743.483407613447,16466.93423318112,1060.6804654223051,317.9420425065579
264,2025-09-22,72709.19521239365,65620.94298384749,10.906666666666638,1398.5501754486097,45717.312693222586,721.5396281350013,2307.3182289925817,4614.636457985163,-1585.7786008575804,73.52183999999981,44205.05593236501,2027.312281768845,1659.5733627557734,20790.761151810457,17171.481560078246,8269.912061864494,2547.8314383709157
265,2025-09-23,72895.86043594171,70235.7674628546,0.0,3128.151987021008,45855.072280916305,192.29408937721382,889.0381260954964,1778.0762521909928,-696.7440367182826,0.0,45158.32824419802,1659.5733627557734,2494.263867920452,22314.62335711597,17323.623464615725,2846.84198042335,953.1361558879009
266,2025-09-24,59516.635598138986,62901.694529346925,1049.3510365265415,214.34642430202882,37924.518524755316,2895.0789176905755,0.0,0.0,2895.0789176905755,7111.357247437952,47930.954689883845,2494.263867920452,1457.6041063216935,18981.40961584381,16307.935574272367,3385.058931207943,965.0263058968584
267,2025-09-25,66377.49856645042,68735.48878201577,0.0,4457.79968165422,42241.54906552493,1989.96839076532,49.49564926561143,98.99129853122287,1940.4727414997087,0.0,44182.02180702464,1457.6041063216935,1626.0859878768888,19950.560562957187,16008.320362595641,2805.3575583384877,712.8184461873848
268,2025-09-26,35254.31722975637,33877.57942681111,0.0,12758.610082255394,20034.707480692057,408.47394571315715,726.0242133053864,1452.0484266107728,-317.5502675922294,0.0,19717.15721309983,1626.0859878768888,2138.943718782669,15595.546772318561,12170.820927762838,2183.5810384896904,862.1821952097721
269,2025-09-27,32935.3838143276,34473.08992783047,0.0,14097.252199863022,18454.14640645989,1966.2360491331895,24.719505710244206,49.43901142048841,1941.5165434229452,0.0,20395.662949882837,2138.943718782669,1707.1943022429257,15595.315541332768,13020.780063365313,1657.8036116109747,680.131522087974
270,2025-09-28,66305.04894693618,73214.3670976292,5.868333333333339,5430.416037885065,41914.57748130789,6182.3395944909425,19.02625908005261,38.05251816010522,6163.31333541089,39.56136916666671,48117.45218588545,1707.1943022429257,2127.99774480872,20649.826990008376,16347.636763597571,7007.341123799946,2079.8061239103668
271,2025-09-29,72749.17476986552,65511.691507159696,1631.8698113378805,878.3064302192915,45802.508110455514,451.07692228704445,2306.8934456012043,4613.786891202408,-1855.816523314159,10655.234565148854,54601.92615229021,2127.99774480872,1749.4798658058962,20242.259891478083,16736.89660319979,7788.031168308684,2457.252419696885
272,2025-09-30,71720.14741490406,71765.98630368535,874.1507124488097,2165.8984678842385,45675.549688171726,1300.856233996328,360.818967094571,721.637934189142,940.037266901757,4398.951077773075,51014.538032846554,1749.4798658058962,2533.462285870799,22876.2084396045,17824.144658021236,1971.4789291306577,794.4377117600136
273,2025-10-01,65867.63993878372,64650.82207840443,0.0,9240.2054379066,41061.78318517521,1737.5712472926944,608.6653591935376,1217.3307183870752,1128.9058880991565,0.0,42190.68907327437,2533.462285870799,4453.885343219975,21161.654502895988,15412.559395731487,3901.307970509252,1187.855774957769
274,2025-10-02,68862.15900002609,62097.74775228996,0.0,6553.132638938358,43696.910887731385,1239.4914874171857,2654.637743048256,5309.275486096512,-1415.1462556310707,0.0,42281.76463210031,4453.885343219975,4497.6847383148515,19865.32916368183,16051.497166996895,8562.617448562609,3067.801572187318
275,2025-10-03,28799.340839329932,29799.858329496863,0.0,19428.920109572733,16129.49672122984,1261.4167097200066,5.120274893340612,10.240549786681225,1256.296434826666,0.0,17385.793156056505,4497.6847383148515,4511.621474744845,13374.955037563894,10821.170517639766,1023.8152942544755,425.5925114666761
276,2025-10-04,31147.533980821107,31618.43657103656,0.0,16162.54313131746,17812.52915342577,946.7463643659921,130.03081791441102,260.06163582882203,816.7155464515811,0.0,18629.244699877356,4511.621474744845,4263.7360691553695,13594.77827061204,11234.867264226279,1074.7704249602084,445.61293936974175
277,2025-10-05,67810.39839881827,58563.958719345566,253.2557757182168,701.119778541387,42393.395701811816,1425.540230279633,2955.9033980052354,5911.806796010471,-1530.3631677256026,1300.913477528834,42163.94601161505,4263.7360691553695,3838.5691824972037,19804.12551498988,16423.99186513415,11419.307159505446,3431.083474765113
278,2025-10-06,60586.53725200961,64342.699336181344,20.44752097402529,2632.1485909380754,38900.284522091635,3254.955808512227,0.0,0.0,3254.955808512227,99.17047672402266,42254.410807327884,3838.5691824972037,3983.2729659117085,20356.08216391702,16358.193147699725,3756.1620841717267,1084.9852695040756
279,2025-10-07,64889.78176844945,65628.27332279447,0.0,3518.4161785713895,40217.27867333483,4003.205477721617,548.4965121362274,1096.9930242724547,3454.7089655853897,0.0,43671.987638920225,3983.2729659117085,4649.3465313786655,19678.041764751666,15339.747620528588,5354.252051939846,1882.898338043433
280,2025-10-08,57610.757518780665,57088.50252643458,672.4776578888527,407.5415000538055,34784.60089041,2932.3788963359093,618.8757172105769,1237.7514344211536,2313.5031791253327,3720.8894088127317,40818.99347834807,4649.3465313786655,1773.9731295786228,18225.153048542146,17350.210030939183,4856.35559158529,1596.3353493225468
281,2025-10-09,69518.98626444954,57884.838284425874,1495.9764951024238,183.9520901411488,42137.74961619454,101.12720604833177,3335.077849809238,6670.155699618475,-3233.9506437609057,9188.823350292198,48092.62232272583,1773.9731295786228,1200.0,20807.667487760933,17370.786481707117,11766.413173015068,3368.7869184920155
282,2025-10-10,30641.600594078787,31591.438548416212,0.0,19117.812888423676,15743.973296153534,1554.6370830045057,83.5248899367621,167.0497798735242,1471.1121930677436,0.0,17215.085489221277,1200.0,1298.948404799027,16005.058836877597,12875.044093551729,1306.573164584478,601.737250938264
283,2025-10-11,31346.74927896652,32615.023191962166,0.0,14973.800597505418,15907.038771133017,1783.236796110668,2.3597997339753354,4.719599467950671,1780.8769963766924,0.0,17687.91576750971,1298.948404799027,1754.5506671487635,16446.668289519257,12911.759278395837,1278.346689578615,596.772065104198
284,2025-10-12,63407.45894110355,64550.76458161258,889.3271878933559,3400.874046344524,37512.80395789651,2496.942306399962,197.60536712456138,395.21073424912277,2299.3369392754007,5740.290902531049,45552.431799702965,1754.5506671487635,1200.0,21175.564948747222,17651.30320891914,2315.263274431961,1029.9194692578822
285,2025-10-13,68599.41807838283,62950.699634321776,4.271556282989799,724.3695622971202,41655.410623081814,1132.4444639473656,1800.4219148899863,3600.8438297799726,-667.9774509426206,20.717047972500524,41008.1502201117,1200.0,2177.1516349784615,22756.683456984385,17553.477128676735,7472.136262575308,2177.903402872442
286,2025-10-14,69849.30459797061,61693.51957761412,2512.7137651608045,342.2869597680349,42794.89665104514,1634.9153367117167,2556.5175604591045,5113.03512091821,-921.602223747389,16439.47878243544,58312.77320973319,2177.1516349784615,1715.6484321032572,18449.842011901306,15359.724912227746,10793.04206541324,3101.4893393630105
287,2025-10-15,72141.04400820978,64326.427618359325,1186.4431336536106,127.53232915063904,44448.891560560376,362.48569720077904,2559.398126553003,5118.796253106006,-2196.9124293522236,7709.1562770617475,49961.135408269896,1715.6484321032572,1295.4037169164228,20229.131665949768,16763.816893087467,8380.401189258857,2680.226692286596
288,2025-10-16,67827.79345272854,68988.1672619789,315.2830223069516,2040.287905983645,41639.37753167511,1768.8239595403747,83.24227587481657,166.48455174963314,1685.5816836655583,1677.2455816591855,45002.204796999846,1295.4037169164228,1437.5920591032213,21940.63115965311,17643.9417313509,1803.2426318192229,672.8502623882748
289,2025-10-17,31106.950563426904,32498.837290279524,0.0,13203.96752932332,16006.657004964733,1928.4547016492697,28.92892917825642,57.85785835651284,1899.5257724710132,0.0,17906.182777435744,1437.5920591032213,1697.6923341194865,16087.264193552099,12796.59374926256,1510.9478699493684,671.7471630613463
290,2025-10-18,33007.12667463094,32618.95320634356,0.0,13317.175975726277,17808.814084898673,354.6551892967598,256.87170446524647,513.7434089304929,97.7834848315133,0.0,17906.597569730187,1697.6923341194865,1970.382270368686,15682.963270138625,12457.77930618801,1005.0670378655648,375.0901008974997
291,2025-10-19,68694.62244591782,69115.23444715902,290.8376278821147,1820.7560207896568,42341.4726057128,2196.3282181731634,467.61862938684396,935.2372587736879,1728.7095887863195,1533.9550306326641,45604.13722513178,1970.382270368686,1497.9988212676783,21709.150658468672,18009.55713755054,3225.0945113201797,1199.7280354445652
292,2025-10-20,76178.19977613131,73407.51519950505,0.0,4584.522671045079,47811.3882689435,552.7270982995665,1278.68352320769,2557.36704641538,-725.9564249081236,0.0,47085.43184403538,1497.9988212676783,1794.085290767058,21661.74915391515,17279.538992121827,3566.596819219415,1462.9258893075457
293,2025-10-21,74668.33610014952,75631.3022103078,0.0,4864.2779346279485,46475.75532947098,869.9915087245369,10.485550187679326,20.971100375358652,859.5059585368575,0.0,47335.26128800784,1794.085290767058,1957.220822058544,21882.215513250107,17577.772587570245,1023.760719160623,300.48271976252494
294,2025-10-22,69833.10580295068,68945.25011289411,661.6362516207294,712.2414755140412,43686.64162877541,54.387324035448835,392.1997080319893,784.3994160639785,-337.81238399654035,4308.775380008494,47657.604624787375,1957.220822058544,1200.0,21164.457520281532,17824.709331280734,1022.5145388486292,410.32881604380555
295,2025-10-23,80691.47121501739,66276.24448911451,1273.796781827719,119.02396907333002,50282.763968827916,1193.1753737384638,4834.951542517121,9669.90308503424,-3641.776168778655,7656.612820485343,54297.600620534606,1200.0,1200.0,21323.790887029354,17272.270618493778,16407.56958382512,5232.676667096608
296,2025-10-24,33917.92894228537,34218.14724487318,0.0,11921.154244026045,17997.77063642096,191.86467736626017,0.0,0.0,191.86467736626017,0.0,18189.635313787217,1200.0,1814.8872594253644,17492.3355299876,13615.393245807136,300.21830258781125,63.95489245542005
297,2025-10-25,32838.531087171614,32707.95004995593,124.0044471640731,10865.700592319668,17271.047389435393,4.626895377606703,56.12554963363689,112.25109926727379,-51.49865425603019,571.7681463994423,17791.316881578805,1814.8872594253644,1270.9970390527335,16091.170367380899,13523.349195913894,145.2765918531529,57.66784809283912
298,2025-10-26,74214.87585008377,67791.92063324605,1413.359357579024,542.4820049611338,45903.81765450324,88.72251749327273,2220.8718770977225,4441.743754195445,-2132.1493596044497,9667.506955377938,53439.175250276734,1270.9970390527335,1367.9204874908382,21217.130871594585,17098.644902397322,6633.830019378493,2250.4460495954804
299,2025-10-27,70126.64146358336,76826.90626866621,0.0,8531.503264910354,43786.29451786981,6102.946430242666,13.898084105349962,27.796168210699925,6089.048346137316,0.0,49875.34286400712,1367.9204874908382,1983.2325122055515,22047.581657083967,17304.76031999477,6780.845086893831,2048.2135608529056
300,2025-10-28,69539.903566981,72810.95895459692,0.0,2933.157898023108,42900.46245485493,5742.659088779872,680.5812968657065,1361.1625937314127,5062.077791914166,0.0,47962.5402467691,1983.2325122055515,1733.8650753360123,21735.842367138983,17830.463010565167,6714.606687233249,2594.8009931256634
301,2025-10-29,77185.3666961174,77487.57831972116,0.0,4236.803683763814,47640.59754488661,1970.3900417784093,296.86511281315137,593.7302256263026,1673.5249289652581,0.0,49314.12247385187,1733.8650753360123,1412.5903110900892,22250.86907251933,18312.351236561986,2738.7324846316355,953.6617934059545
302,2025-10-30,67075.23983560862,69732.29688987823,156.85835665406282,1018.3495095525819,41647.18138396654,2940.2615842947107,37.27073065557089,74.54146131114177,2902.99085363914,570.4915112511626,45120.66374885684,1412.5903110900892,1200.0,22496.41772084633,18413.429633866614,2990.246525638654,1017.3579254204744
303,2025-10-31,36854.88828725364,35821.525719981626,0.0,7848.229574514735,20046.157348203604,0.0,420.8805104051994,841.7610208103988,-420.8805104051994,0.0,19625.276837798407,1200.0,2030.0673675290675,17483.912884337253,13414.90880553702,1033.362567272014,420.8805104051994
304,2025-11-01,34010.43504446799,33705.56474987921,0.0,8183.759986614179,18204.439302534585,19.519721027916706,143.93661733554978,287.87323467109957,-124.41689630763307,0.0,18080.02240622695,2030.0673675290675,1809.240151092992,16718.478024864078,13740.711694932379,366.93961746942813,150.443191011522
305,2025-11-02,72526.03898615623,79334.37243347956,0.0,6443.958666968803,45196.792599903856,6324.4403533658915,2.230302885312218,4.460605770624436,6322.210050480579,0.0,51519.002650384435,1809.240151092992,1531.5180433410783,22863.051211337624,18769.021378160196,6817.371246473618,2110.3770873406093
306,2025-11-03,81661.22545554626,79447.21984372038,0.0,4690.353729936256,51359.82246557932,9.692306366810028,746.2301201500127,1492.4602403000251,-736.5378137832024,0.0,50623.284651796115,1531.5180433410783,2697.695275896153,22117.77011132228,16865.834280871473,2244.709045315407,749.4608889389492
307,2025-11-04,74383.98380828318,77733.50389623045,0.0,7355.872410843755,46719.71619629928,3415.857598147685,15.53266058409679,31.06532116819358,3400.3249375635883,0.0,50120.04113386287,2697.695275896153,1597.8042512109444,19934.007233000317,17136.44778094694,3480.4027719263368,1154.1518599666583
308,2025-11-05,83412.21418020467,76208.00826999414,0.0,2031.4895065089963,52935.342270562905,49.59330686989838,2552.6359732168294,5105.271946433659,-2503.042666346931,0.0,50432.29960421598,1597.8042512109444,1901.8191661501419,22236.238280911617,17737.739584093124,7346.791010014847,2569.1670755067953
309,2025-11-06,76054.1788910834,80488.56479999557,0.0,5645.841760709401,47511.81070857866,5019.489153394097,10.242617756571718,20.485235513143436,5009.246535637526,0.0,52521.05724421619,1901.8191661501419,1276.7360269672752,21240.5963923724,17767.457903086226,4510.509507864604,1683.4056688879375
310,2025-11-07,34910.19458551466,35306.522872551,0.0,7930.162062717825,18553.205311137095,615.4097917607137,69.45553703383547,138.91107406767094,545.9542547268783,0.0,19099.159565863974,1276.7360269672752,1801.618390445102,18871.078417735822,14813.179391235979,755.8981978403181,274.5921342874068
311,2025-11-08,36270.22778474704,36336.31182492359,0.0,8995.82872935426,19242.547283703192,67.67360334588244,0.5693939310310832,1.1387878620621663,67.10420941485137,0.0,19309.651493118043,1801.618390445102,2112.9565002374743,17205.640509243145,13656.364513673812,68.39138059203502,23.127261712991896
312,2025-11-09,78877.77956544363,78503.0922302152,0.0,3541.334392686397,49416.94412291936,301.91444359976396,159.87018892907554,319.7403778581511,142.04425467068842,0.0,49558.98837759005,2112.9565002374743,1622.5001432126378,21349.217765883288,17734.277111687814,990.9167389389083,260.5083367956635
313,2025-11-10,81123.03391188405,84701.08146842587,0.0,6430.560688272267,50850.48659944072,3629.5853206233787,59.828615321343946,119.65723064268789,3569.756705302035,0.0,54420.243304742755,1622.5001432126378,1847.2171862213381,22157.012323398758,17744.934643245164,3938.4406124004863,1269.6903888624702
314,2025-11-11,83009.03821842495,81060.47892025893,2.0516666666667334,5148.843059778035,52743.175276069334,578.6984411112055,904.5883634991683,1809.176726998336,-325.8899223879623,8.98527416666696,52426.27062784804,1847.2171862213381,2208.531286381754,21207.816685981667,16853.14882550078,3079.365056995317,1097.48784386957
315,2025-11-12,79108.96596675235,83211.52146742176,0.0,8415.293249420592,49617.07616490548,4387.976555910203,1.485633602983832,2.971267205967664,4386.490922307219,0.0,54003.567087212694,2208.531286381754,1926.7557739944982,21546.518048156235,17706.27758015508,4116.027580496937,1464.1444855730515
316,2025-11-13,76399.98742055272,78156.60606809967,579.008990437605,2594.0868385991344,48203.43752088539,2241.8327295061904,156.02043864893517,312.0408772978704,2085.8122908572554,4039.1667172927323,54328.41652903538,1926.7557739944982,1763.5191715304659,20487.209713100623,16741.552809829136,2609.3214320766924,903.2980151509985
317,2025-11-14,37075.03333449348,37719.17679967457,0.0,6526.497800815455,19985.45183105643,810.6510453646794,13.868390310704545,27.73678062140909,796.7826550539747,0.0,20782.234486110407,1763.5191715304659,2075.8128982034104,17437.680762386666,13843.45706352755,700.7773795847854,284.08540543226434
318,2025-11-15,39447.29434217568,38515.20545978112,0.0,7050.9221862288905,20979.184464241225,0.0,313.5683420027299,627.1366840054598,-313.5683420027299,0.0,20665.616122238498,2075.8128982034104,1942.382757286118,17749.9130721638,14497.516715278234,932.0888823945565,313.5683420027299
319,2025-11-16,78603.80186037034,82702.38885918197,0.0,4335.970517658233,49387.53922605027,4831.848993730961,83.51185113956842,167.02370227913684,4748.337142591393,0.0,54135.87636864167,1942.382757286118,1549.956488411022,22552.934737778924,18621.060779588523,4803.740619848942,1694.1281823832223
320,2025-11-17,77437.51366838126,84193.9235030124,0.0,6997.516665309158,48741.0816968797,6835.174026787526,0.0,0.0,6835.174026787526,0.0,55576.25572366723,1549.956488411022,1803.3855697312456,22487.19121674591,17986.538712375987,6756.409834631155,2278.3913422625083
321,2025-11-18,80886.38449437148,78941.42937554796,424.1959766252663,282.15636999965557,50916.94591352125,1202.0901957837912,1121.3031547495511,2242.6063094991023,80.78704103424025,2049.857213832413,53047.590168387906,1803.3855697312456,1372.27428348085,24110.09108666102,19917.173937820786,4013.6323640845494,1521.9998866774815
322,2025-11-19,79584.15184450007,86759.53529805789,30.342440927892834,7354.67327388308,49855.76565969574,8009.417082024271,44.39067277005907,88.78134554011814,7965.026409254211,68.17320239910138,57888.96527134905,1372.27428348085,1200.0,22220.735369660284,18153.84250455759,7437.3139947751115,2714.1963667781492
323,2025-11-20,79288.47795506162,82387.12116399434,0.0,2540.4817675892496,49837.04908539445,3159.3067155755293,88.84518150839826,177.6903630167965,3070.4615340671307,0.0,52907.51061946158,1200.0,1566.9672726867268,24859.435882387916,19805.87251931616,3750.082482550939,1141.9474200335749
324,2025-11-21,35802.312144551805,38917.79640000091,0.0,6260.126144309077,19333.435841051745,2394.2380872401627,43.10762979486876,86.21525958973751,2351.1304574452943,0.0,21684.566298497037,1566.9672726867268,1907.7942244995688,18350.220696808487,14556.934507783315,3294.3661566772457,841.1869922082565
325,2025-11-22,40595.86268893023,38061.64240201574,0.0,4822.453985815618,21388.055681413884,0.0,647.4041172272636,1294.8082344545273,-647.4041172272638,0.0,20740.65156418662,1907.7942244995688,1350.4806336107545,18531.26928771963,15511.910354852835,2534.220286914486,647.4041172272637
326,2025-11-23,80116.61308155904,84232.47054739055,0.0,4353.082304026654,50525.96507529111,4679.3686275100945,42.18888260883778,84.37776521767556,4637.1797449012565,0.0,55163.14482019237,1350.4806336107545,1537.9656707663244,23571.34435047654,18924.052390445984,4299.699869406923,1601.9784251122023
327,2025-11-24,78701.58100993671,80544.4482538687,43.391396965188946,2277.7789109797936,49398.06508516126,2553.113784365747,112.17068621221901,224.34137242443802,2440.9430981535284,99.38773909007925,51938.39592240487,1537.9656707663244,1200.0,23433.0849660199,19284.96792616581,2391.9035646082484,963.2086143341348
328,2025-11-25,91061.61355017438,85197.97384262699,0.0,4297.725072939189,58352.96155072828,372.1773554715361,2322.8146158924205,4645.629231784842,-1950.6372604208855,0.0,56402.32429030739,1200.0,1568.9450712948806,23155.46178345129,18423.873480430157,6296.5720241173385,2446.8737343829325
329,2025-11-26,85820.05561897802,86277.3697310126,0.0,4681.6444113067755,54288.10635500077,1461.4391370278022,219.88398680076403,439.767973601528,1241.5551502270382,0.0,55529.66150522781,1568.9450712948806,1893.3939797511364,23926.60220400988,19088.543767637377,1961.1812694007017,707.0303658100314
330,2025-11-27,82110.31203209635,84443.66813628822,0.0,4641.980190360077,51894.583112630746,2818.55817562673,57.71957249386567,115.43914498773134,2760.8386031328646,0.0,54655.42171576361,1893.3939797511364,1529.684973176859,22884.912202692973,18864.11699009816,2691.222514577445,997.2389643694422
331,2025-11-28,37219.50965153234,38220.40870522691,0.0,3456.673245454703,20169.061866575154,720.0160729124441,0.0,0.0,720.0160729124441,0.0,20889.077939487597,1529.684973176859,1836.6164002145729,18769.782239148783,14927.285329376573,1000.8990536945657,240.00535763748138
332,2025-11-29,47596.815127926806,40263.67422001975,0.0,2344.910181109819,25283.955471657187,82.89326207140222,2090.6903139578994,4181.380627915799,-2007.7970518864972,0.0,23276.158419770694,1836.6164002145729,1300.9343785418775,18270.67241271239,15281.358473802458,7594.21990725234,2118.3214013150337
333,2025-11-30,85002.09907547437,87675.230762874,0.0,2638.725670445245,53402.04688768557,4093.7409457360727,194.79257882563917,389.58515765127834,3898.9483669104334,0.0,57300.995254596,1300.9343785418775,1332.3317353109842,25070.628182473116,20278.951206711026,4221.221661646727,1559.3728940709968
334,2025-12-01,89704.8844278082,93238.04540845868,897.8463046967303,2543.6819657849837,57280.44128215489,5646.154528154926,178.46836433108888,356.93672866217776,5467.686163823837,4255.622249988454,67003.74969596718,1332.3317353109842,1745.0247353867967,25904.517441941447,20611.23542790434,5045.615230786767,2060.5198737160645
335,2025-12-02,92994.45314020469,95615.3407666422,281.7729023569646,2889.1577729263518,59585.3975821875,6018.614843524871,534.1649261825233,1068.3298523650467,5484.449917342347,1418.0082174412498,66487.8557169711,1745.0247353867967,1339.8924542249517,24919.815784834056,20549.66983876124,6772.706834044151,2540.369874024147
336,2025-12-03,83178.81357816428,92839.23794021271,0.0,845.8772459609962,52986.847571292674,9581.706922589801,22.644972096520775,45.28994419304155,9559.06195049328,0.0,62545.90952178595,1339.8924542249517,1327.6483687907573,25482.272655135977,20651.660527550917,9786.051681697212,3216.5472796264544
337,2025-12-04,89652.49412759452,90772.57522960851,1069.8655933475516,533.7690523661377,58231.472780899596,5919.5533463341235,1176.398491953827,2352.796983907654,4743.1548543802965,4504.788050264724,67479.41568554462,1327.6483687907573,1200.0,24486.034486850644,19948.571466260706,7755.949352507601,3149.582940731867
338,2025-12-05,43924.36803261988,48560.39288395668,0.0,2966.1447418107227,23315.408378710228,4266.048486938116,9.887460482958522,19.774920965917044,4256.161026455158,0.0,27571.569405165388,1200.0,1500.7175465856963,21115.65614150265,16833.035682690024,4732.18298878352,1431.903622795664
339,2025-12-06,46030.78497782784,48045.94976803373,33.2824359231323,634.2654269607496,24196.255725721574,2376.169078308305,38.333897528416664,76.66779505683333,2337.8351807798886,70.85194175364401,26604.942848255105,1500.7175465856963,1354.7323917835272,20588.0136823758,16807.677722046352,2375.995258802187,830.3902569645184
340,2025-12-07,94207.47760461646,90926.26005381465,1483.433625433915,191.20188661343377,59963.61506854537,1059.5335579024754,1303.9879698066095,2607.975939613219,-244.4544119041343,8918.95285976694,68638.11351640816,1354.7323917835272,1225.45964968326,24642.92637118617,20077.11582855104,4519.742055131314,1657.1658224407681
341,2025-12-08,102835.59745479228,103552.69124295664,0.0,10628.181138310885,66167.5304606683,1470.4443288223192,159.95144885857454,319.90289771714913,1310.4928799637446,0.0,67478.02334063205,1225.45964968326,1968.2254462571575,23204.261952961002,18126.9629649819,1538.0787965381746,650.0995584660142
342,2025-12-09,101255.70492257616,97748.72288981715,24.683107986221785,5876.904504574321,65468.44328129108,514.7816584603396,1459.6435814186077,2919.2871628372154,-944.8619229582682,143.3718327379692,64666.95319107079,1968.2254462571575,1875.2644406674885,24166.90595575313,19658.85872919074,4250.749616561654,1631.2374675720544
343,2025-12-10,96325.72943780097,99887.28844697782,0.0,7117.318478521693,61624.47892624805,3768.195093078587,151.73870510324866,303.4774102064973,3616.4563879753387,0.0,65240.93531422339,1875.2644406674885,1729.6208357011806,23754.898664521857,19372.547162732375,4340.388642920152,1407.8037361294446
344,2025-12-11,99684.21785624995,96987.79665405465,0.0,6542.506845586971,64118.74077263726,319.51161897006773,1154.5601133846394,2309.120226769279,-835.0484944145717,0.0,63283.6922782227,1729.6208357011806,1762.5207592537993,23444.343038264884,18960.3079297972,3187.6636342236757,1261.063986374662
345,2025-12-12,53412.253860697565,55990.27076469304,0.0,8496.585982085353,28218.293265644657,2206.0410079708745,0.0,0.0,2206.0410079708745,0.0,30424.334273615532,1762.5207592537993,2030.3490619992008,18622.24119370264,14842.969894428279,2578.0169039954753,735.347002656958
346,2025-12-13,54181.687157728535,55707.59551717011,0.0,8361.81564205427,28853.20505577576,2815.6095254451793,379.38722911737347,758.7744582347469,2436.222296327806,0.0,31289.427352103565,2030.3490619992008,2095.004028507682,18363.45801013099,14816.211518348468,3596.4279122214953,1317.9237375991
347,2025-12-14,94283.85613306588,96558.98247980324,0.0,3546.5904001592876,60147.456100484895,2993.5996216538133,171.0080239410646,342.0160478821292,2822.591597712749,0.0,62970.047698197646,2095.004028507682,1594.267710438177,24654.384031086924,20420.713751442967,3071.903517477345,1168.874564492336
348,2025-12-15,95425.37548214696,98888.06846106668,0.0,4441.3872269387375,60956.48060194049,3377.6324068135464,225.00258627244347,450.00517254488693,3152.6298205411026,0.0,64109.11042248159,1594.267710438177,1777.2526708700345,25328.614753013742,20351.491485552462,4509.709305665954,1350.880055210292
349,2025-12-16,100569.50678690417,98250.40112216947,0.2538166666666939,3895.968137153271,65335.17453297213,40.49932285037356,1048.0670958257356,2096.134191651471,-1007.567772975362,1.3904077000001491,64328.99716769677,1777.2526708700345,2119.190861866335,24362.374191857194,19425.77872350766,2446.566746259986,1061.5668701091934
350,2025-12-17,100044.75855856968,96554.51806828505,2.44443333333345,4086.7354095976925,64392.91431954285,559.2820196088533,1571.5314783641056,3143.0629567282112,-1012.2494587552524,13.390605800000637,63394.05546658759,2119.190861866335,1818.9846080601017,23939.819230419205,19661.439205065173,4220.228303928361,1757.9588182337232
351,2025-12-18,94593.263657162,96118.34380319351,0.0,4523.708491656303,60810.82186032296,1984.683356972505,61.700772566331636,123.40154513266327,1922.9825844061734,0.0,62733.80444472914,1818.9846080601017,1483.7086305373355,23842.71960337382,19614.351258503288,1915.6843223789092,723.2618915571668
352,2025-12-19,51081.302111890676,52759.730451437084,0.0,6067.614706543835,27262.0630918366,1361.315159632156,0.0,0.0,1361.315159632156,0.0,28623.378251468755,1483.7086305373355,1579.4862036331544,19460.655942668545,15676.931497775287,1678.428339546415,453.77171987738535
353,2025-12-20,53332.84260266743,50309.87758593728,0.0,3448.777398465173,28583.63843338132,149.42643850414981,1196.3578122820052,2392.715624564011,-1046.9313737778557,0.0,27536.70705960346,1579.4862036331544,1591.703169262071,21019.750886347847,17015.002948875735,3271.4541561334777,1246.166625116722
354,2025-12-21,98142.6998057472,96204.18819386407,31.182648535199405,2411.901880328528,62821.881033406804,700.0261170126921,969.1372837854826,1938.274567570965,-269.1111667727903,203.50794146488425,62756.277808098894,1591.703169262071,1656.9627853760335,24878.702320534307,20093.015225130224,2900.2210820041187,1202.4793227897133
355,2025-12-22,97259.84092278157,96776.15113085414,0.0,3187.624744458753,62709.88694293846,500.75325175597044,439.90629671952877,879.8125934390575,60.846955036441614,0.0,62770.733897974904,1656.9627853760335,1726.086991050467,24152.039568184508,19500.940265122463,1727.6172475074407,606.8240473048522
356,2025-12-23,99954.87073827174,94950.04305811563,116.83750600139415,3347.0494750746657,64467.90556824505,79.46327892753958,2106.683710492279,4213.367420984558,-2027.220431564739,737.215938036047,63177.901074716356,1726.086991050467,1504.5431061904044,24532.252905700447,20070.51434999142,5243.738821418768,2133.1714701347923
357,2025-12-24,98441.82820350536,95988.88060684619,133.25095618118144,3532.9161681982755,63441.41649312379,141.35672263960166,1117.7379694750712,2235.4759389501423,-976.3812468354695,834.8736959593356,63299.90894224766,1504.5431061904044,1560.572493635867,24653.840155060654,19919.184076898215,2722.1479623108635,1164.8568770216048
358,2025-12-25,94132.19970295607,92666.62266056758,2070.074754653812,2611.6538146866815,59849.917493373534,146.62016511254782,654.1961769064211,1308.3923538128424,-507.5760117938735,13900.49781028978,73242.83929186943,1560.572493635867,1411.8156223072158,23402.50658630085,19089.911519099478,1728.4306141089737,703.0695652772706
359,2025-12-26,51608.257645858874,50762.662425047776,0.0,3047.5332354417424,27377.636695289177,47.697243442357596,347.8695670790113,695.7391341580226,-300.1723236366537,0.0,27077.464371652524,1411.8156223072158,2205.822189506565,21015.267609438408,16307.7608531657,995.2477051400108,363.7686482264638
360,2025-12-27,51942.52465620497,50589.44232418148,0.0,3680.157382287043,27286.8596515145,219.4043852033111,514.4918082935975,1028.9836165871952,-295.0874230902866,0.0,26991.77222842421,2205.822189506565,1893.178325424423,20272.922910008936,16702.447034781166,1830.7653125021054,587.626603361368
361,2025-12-28,96291.96430233351,93345.28709961136,388.81085455988034,2635.6930916053348,61757.02170686342,27.38995943408041,1294.9882167854144,2589.9764335708287,-1267.598257351334,2355.319936239294,62844.74338575138,1893.178325424423,1558.9429017486543,24157.694704600526,19868.544592034614,3032.6774462887397,1304.118203263441
362,2025-12-29,97297.52668992567,97686.20365283277,0.0,5271.436964799933,61971.39433027787,1419.7675738756814,479.02182573232085,958.0436514646417,940.7457481433605,0.0,62912.14007842123,1558.9429017486543,1836.6521889674993,24426.64243615376,19535.642014787587,2643.3121475835565,952.2776836908812
363,2025-12-30,97373.13215423853,97810.7877350501,0.0,7068.663661148805,62365.175884470256,1596.1668379607552,358.5467448886795,717.0934897773591,1237.6200930720756,0.0,63602.79597754233,1836.6521889674993,1834.9180520072414,23785.695774555374,19267.974300654085,2507.4757421175236,890.6023575422646
364,2025-12-31,98782.13223774708,96847.9331254469,0.6610204710181051,3918.1032653332477,63253.34561140463,427.80093076008274,873.6795987318379,1747.3591974636756,-445.878667971755,3.861351081452261,62811.32829451433,1834.9180520072414,1435.9961814983285,24437.355951101996,20153.28800385064,2695.4691039376526,1016.2799089851987
