day,date,G0,G,R,W,base,increase,cancel,refund,adjustment,emergency,total,S0,Send,C,D,absolute_adjustment,surcharge
0,2025-01-01,55701.850358288066,55701.850358288066,34716.10944554526,18.208766666666747,37824.86372097995,0.0,0.0,0.0,0.0,220573.20118972813,258398.06491070808,6000.0,2415.4427740740744,8372.01328333333,10007.432262833328,0.0,0.0
1,2025-01-02,98836.28155720164,98836.28155720164,1448.5162770000018,600.9022666666665,74191.66797113692,0.0,0.0,0.0,0.0,9550.977948960845,83742.64592009777,2415.4427740740744,4170.13795388889,27470.68757386831,20672.031273,0.0,0.0
2,2025-01-03,99396.21604282121,99396.21604282121,0.0,44805.67577002743,57951.39930147235,0.0,0.0,0.0,0.0,0.0,57951.39930147235,4170.13795388889,10800.0,16414.33191909008,7328.733012962964,0.0,0.0
3,2025-01-04,122183.87943648433,122183.87943648433,0.0,78949.21566790971,78998.65739801129,0.0,0.0,0.0,0.0,0.0,78998.65739801129,10800.0,8016.231362050589,5128.700926644308,6659.639524736358,0.0,0.0
4,2025-01-05,113751.14552765078,113751.14552765078,0.0,26174.15816330521,95381.10509274603,0.0,0.0,0.0,0.0,0.0,95381.10509274603,8016.231362050589,1233.6230244708836,13924.339832459646,17383.062768114054,0.0,0.0
5,2025-01-06,120659.58985372393,120659.58985372393,0.0,22076.890359347628,98313.14202992608,0.0,0.0,0.0,0.0,0.0,98313.14202992608,1233.6230244708836,5156.069193405574,23263.2465386057,15313.028144229404,0.0,0.0
6,2025-01-07,121022.8522784843,121022.8522784843,0.0,23894.830247573656,100400.27242445239,0.0,0.0,0.0,0.0,0.0,100400.27242445239,5156.069193405574,5925.991248403444,20358.90121796085,15797.780137050204,0.0,0.0
7,2025-01-08,122924.8141684196,122924.8141684196,0.0,30169.643102009562,101886.88986169416,0.0,0.0,0.0,0.0,0.0,101886.88986169416,5925.991248403444,5939.2160777876625,16932.98633314522,13703.816583401835,0.0,0.0
8,2025-01-09,124585.5712235458,124585.5712235458,0.0,29948.998301633517,103690.02186263556,0.0,0.0,0.0,0.0,0.0,103690.02186263556,5939.2160777876625,5929.272563869713,18705.084040904145,15160.067235658513,0.0,0.0
9,2025-01-10,125786.05699700954,125786.05699700954,0.0,73648.57946548652,80230.57324259948,0.0,0.0,0.0,0.0,0.0,80230.57324259948,5929.272563869713,10800.0,11911.348012310988,5264.537197454637,0.0,0.0
10,2025-01-11,112844.24058801107,112844.24058801107,0.0,68185.03785367822,72736.41660030372,0.0,0.0,0.0,0.0,0.0,72736.41660030372,10800.0,9069.417592592594,7109.685707015086,7316.369589348886,0.0,0.0
11,2025-01-12,98508.6352806484,98508.6352806484,0.0,10153.186994858183,80354.58478399788,0.0,0.0,0.0,0.0,0.0,80354.58478399788,9069.417592592594,3025.483377141778,15416.319366820902,17926.759481030662,0.0,0.0
12,2025-01-13,112817.60456610912,112817.60456610912,0.0,19696.500574603775,89472.87795027485,0.0,0.0,0.0,0.0,0.0,89472.87795027485,3025.483377141778,3772.5129622213217,21972.73893824788,17125.591913409196,0.0,0.0
13,2025-01-14,114486.44177227224,114486.44177227224,0.0,20782.955335964445,91646.82675865243,0.0,0.0,0.0,0.0,0.0,91646.82675865243,3772.5129622213217,4311.745051862727,20725.603275248417,16302.429772273948,0.0,0.0
14,2025-01-15,116006.42783512914,116006.42783512914,0.0,21843.771055757075,94238.35095406845,0.0,0.0,0.0,0.0,0.0,94238.35095406845,4311.745051862727,4698.820276922049,19704.979702554476,15612.66585651574,0.0,0.0
15,2025-01-16,117414.77040272643,117414.77040272643,0.0,24288.303760202394,95217.76303340249,0.0,0.0,0.0,0.0,0.0,95217.76303340249,4698.820276922049,5118.629866552977,19339.402957137972,15287.087764613927,0.0,0.0
16,2025-01-17,118579.6222623126,118579.6222623126,0.0,68245.13424629635,73879.4434600324,0.0,0.0,0.0,0.0,0.0,73879.4434600324,5118.629866552977,10800.0,13327.060153932998,5681.685604583412,0.0,0.0
17,2025-01-18,104633.52258715332,104633.52258715332,0.0,61256.70901795163,65763.1323683154,0.0,0.0,0.0,0.0,0.0,65763.1323683154,10800.0,9525.869388888888,6742.221592289581,6607.917039754559,0.0,0.0
18,2025-01-19,96533.79436705832,96533.79436705832,0.0,10539.708408044376,77646.12520382507,0.0,0.0,0.0,0.0,0.0,77646.12520382507,9525.869388888888,3153.5327331554804,16031.839381617592,18720.89288927032,0.0,0.0
19,2025-01-20,108700.18859076241,108700.18859076241,0.0,15985.085953078478,86080.95485557738,0.0,0.0,0.0,0.0,0.0,86080.95485557738,3153.5327331554804,3930.5042927305667,20782.903600349207,16134.877512665282,0.0,0.0
20,2025-01-21,110957.76550915313,110957.76550915313,0.0,23292.0658418766,86951.38712964635,0.0,0.0,0.0,0.0,0.0,86951.38712964635,3930.5042927305667,4661.523059662902,18588.83207212678,14399.037088183592,0.0,0.0
21,2025-01-22,111667.82606363935,111667.82606363935,0.0,19273.039739892854,89682.07654626005,0.0,0.0,0.0,0.0,0.0,89682.07654626005,4661.523059662902,4361.376298349108,19821.86338032763,16325.8414232478,0.0,0.0
22,2025-01-23,113945.42033496074,113945.42033496074,0.0,19674.693251915895,93160.44700890256,0.0,0.0,0.0,0.0,0.0,93160.44700890256,4361.376298349108,5430.903188764169,19695.933061427968,14991.131578383105,0.0,0.0
23,2025-01-24,115147.58396580767,115147.58396580767,0.0,68414.57403082695,69843.04450362455,0.0,0.0,0.0,0.0,0.0,69843.04450362455,5430.903188764169,10473.869287984115,12446.985766751499,5543.388981770766,0.0,0.0
24,2025-01-25,101497.32808343071,101497.32808343071,0.0,62786.29980054738,61582.73656937405,0.0,0.0,0.0,0.0,0.0,61582.73656937405,10473.869287984115,9303.083927322634,6974.524425326348,6703.0716091096765,0.0,0.0
25,2025-01-26,94230.86489128665,94230.86489128665,0.0,9136.876751907621,75165.09561644743,0.0,0.0,0.0,0.0,0.0,75165.09561644743,9303.083927322634,3051.279851590013,15903.272495816038,18508.27438977035,0.0,0.0
26,2025-01-27,106649.34318970847,106649.34318970847,0.0,17865.62029272591,82647.03245375137,0.0,0.0,0.0,0.0,0.0,82647.03245375137,3051.279851590013,3933.8872848289047,19970.839072285416,15382.03295863619,0.0,0.0
27,2025-01-28,108470.11034983698,108470.11034983698,0.0,17466.030240171272,84660.17981524723,0.0,0.0,0.0,0.0,0.0,84660.17981524723,3933.8872848289047,4019.6966495000797,20770.80165681574,16747.12091381669,0.0,0.0
28,2025-01-29,110821.66755317533,110821.66755317533,0.0,25191.706538412018,85714.12321689879,0.0,0.0,0.0,0.0,0.0,85714.12321689879,4019.6966495000797,4927.044684345266,18042.87754422443,13798.117579461124,0.0,0.0
29,2025-01-30,111128.73734296838,111128.73734296838,0.0,23510.317324791176,87003.83548101288,0.0,0.0,0.0,0.0,0.0,87003.83548101288,4927.044684345266,4955.657785415178,20263.607599373492,16387.770364529606,0.0,0.0
30,2025-01-31,112116.5285977003,112116.5285977003,0.0,65755.0445652841,68163.59626042392,0.0,0.0,0.0,0.0,0.0,68163.59626042392,4955.657785415178,10800.0,12301.331522578152,4704.1705401619665,0.0,0.0
31,2025-02-01,51803.34164107885,43725.04549524591,0.0,12683.046734578063,24970.762051628408,0.0,2309.3142269318714,4618.628453863743,-2309.3142269318714,0.0,22661.447824696537,10800.0,4262.327692217458,13409.094233362157,16745.271406027634,8078.296145832939,2309.3142269318714
32,2025-02-02,102421.33860983717,95654.60927209203,0.0,13527.685719424473,75506.12973127014,0.0,3139.3057687797127,6278.611537559425,-3139.3057687797127,0.0,72366.82396249042,4262.327692217458,4444.093148792905,18984.508903945585,15213.863301278025,6766.729337745142,3139.3057687797127
33,2025-02-03,105467.43815581445,97442.1543928122,0.0,13434.709396133456,79409.03787822342,0.0,3818.606905002456,7637.213810004912,-3818.606905002456,0.0,75590.43097322097,4444.093148792905,4576.053958705658,19325.072461880372,15534.543965201625,8025.283763002269,3818.606905002456
34,2025-02-04,109040.43800258891,101167.94484937575,0.0,16061.032767925703,82661.95849147161,8.098151997357455,3825.906461841474,7651.812923682948,-3817.8083098441166,0.0,78844.15018162748,4576.053958705658,4695.296177580974,20024.89544453826,16112.847313088205,7880.718593905231,3828.6058458405932
35,2025-02-05,102679.64462103522,98761.6486162646,0.0,13665.636316763135,76485.84335824908,1255.0428192645804,2125.596414675431,4251.192829350862,-870.5535954108504,0.0,75615.28976283822,4695.296177580974,4783.927366954367,22462.196030168856,18114.610714000723,5399.57094893654,2543.944021096958
36,2025-02-06,106329.20999631079,96731.36292809536,0.0,12946.248959702014,80443.80250498527,761.5442917339115,4785.735037556402,9571.470075112804,-4024.1907458224905,0.0,76419.61175916277,4783.927366954367,4342.894018055012,20584.14087229529,17070.084120568605,10864.127271929732,5039.58313480104
37,2025-02-07,56850.594271528775,52711.44182539769,0.0,16995.62279616233,27098.490616094714,0.0,1595.884444250677,3191.768888501354,-1595.884444250677,0.0,25502.60617184404,4342.894018055012,4835.861926676324,18244.569709523777,14334.43034695508,4139.152446131076,1595.884444250677
38,2025-02-08,45074.29530396208,45070.63173789591,0.0,10463.405369542528,21013.060692072613,19.38482062324673,23.76072179534719,47.52144359069438,-4.375901172100463,0.0,21008.684790900516,4835.861926676324,4769.988153886486,16259.73709051347,13229.673438826761,92.08788182964395,30.222328669762767
39,2025-02-09,95594.23023443688,94638.3903258396,0.0,11711.883414894619,70948.13283770121,201.93804647386307,550.3047056221893,1100.6094112443786,-348.3666591483262,0.0,70599.76617855288,4769.988153886486,4742.18169035833,17874.2987444929,14503.207800214583,1408.5459110148863,617.6173877801436
40,2025-02-10,93878.79086832104,86436.13510001186,0.0,8521.970225317229,67561.8301309118,14.37570007874591,3509.4567334752237,7018.913466950447,-3495.081033396478,0.0,64066.74909751531,4742.18169035833,4760.086653529931,18796.909602667693,15209.382311306395,7457.723451749946,3514.248633501472
41,2025-02-11,94213.95909134799,88658.32647902059,0.0,9636.311468490749,68484.93083617011,4.930488299027903,2756.968659761729,5513.937319523458,-2752.0381714627015,0.0,65732.89266470741,4760.086653529931,4749.695077775325,20056.68576513498,16255.267887938478,5571.737424671125,2758.612155861405
42,2025-02-12,92038.29588925873,83558.61784764755,0.0,5143.039414088647,66019.61957247087,1484.166654459982,4042.7915663323943,8085.5831326647885,-2558.6249118724127,0.0,63460.99466059846,4749.695077775325,4027.0607276532965,19995.859028081126,16847.016727855542,10953.288424023283,4537.513784485722
43,2025-02-13,87369.00370961455,80971.9206582084,0.0,6529.351639731365,60616.164356529116,804.7902476861088,2848.8943433603035,5697.788686720607,-2044.1040956741945,0.0,58572.06026085492,4027.0607276532965,3313.436305756921,19765.01042903739,16651.92042722702,7806.8533701696415,3117.157759255673
44,2025-02-14,45554.1554950543,41874.98138653541,0.0,8425.665533645011,19497.854217551212,875.0606801453631,808.4349797155918,1616.8699594311836,66.62570042977131,0.0,19564.47991798098,3313.436305756921,3448.6730914217724,18556.846995396692,14909.332959172963,5400.563046183458,1100.1218730973794
45,2025-02-15,44496.380372710955,40922.20137779206,0.0,8664.793799013822,19999.912497128644,0.0,797.7367920052898,1595.4735840105795,-797.7367920052898,0.0,19202.175705123354,3448.6730914217724,3038.887251917351,17611.177549116917,14633.86107033868,3574.1789949188988,797.7367920052898
46,2025-02-16,92474.40080630523,85053.324035102,0.0,5134.620827010378,65846.71503292132,0.0,3429.3046792471832,6858.6093584943665,-3429.3046792471832,0.0,62417.41035367414,3038.887251917351,3432.252975144409,22038.394511512066,17497.070403420425,7421.076771203214,3429.3046792471832
47,2025-02-17,92745.53598012045,83366.85699511218,0.0,6738.570489215032,65887.66160657268,0.0,4039.976708024293,8079.953416048586,-4039.976708024293,0.0,61847.68489854839,3432.252975144409,5304.507023535457,19786.287871992372,14341.864532761883,9378.678985008257,4039.976708024293
48,2025-02-18,82124.26666400633,82162.70409546269,0.0,6901.831630360592,57822.20861806683,81.16183942458618,27.443970123051898,54.887940246103796,53.71786930153428,0.0,57875.926487368364,5304.507023535457,5204.183247046397,17156.716213731095,13987.231531962345,169.7499211782233,54.49791659791395
49,2025-02-19,81330.57683903733,78903.51212067573,47.7231746608029,3053.900724616208,56777.49064726896,430.20994345022666,1232.0634527637071,2464.1269055274142,-801.8535093134806,258.8301382725606,56234.46727622804,5204.183247046397,4279.776533000276,20263.017000150045,17245.009812763044,3048.791161797819,1375.466767247116
50,2025-02-20,85829.1348635884,82423.38680531955,66.51936057122884,6889.28673347636,59302.795963464465,1872.7875051910034,1938.7029191100567,3877.4058382201133,-65.91541391905321,364.556542515345,59601.43709206076,4279.776533000276,4819.521705033908,21693.237075004377,17085.751375923282,6027.3400517454465,2562.965420840391
51,2025-02-21,37916.22996166685,37766.999156449194,0.0,10582.390064383097,16442.496435990455,615.1341473635858,158.98759080843425,317.9751816168685,456.14655655515156,0.0,16898.64299254561,4819.521705033908,3179.3619076630416,16318.373033508142,14694.025974775373,1204.0543266223715,364.03230659629617
52,2025-02-22,41464.76442377272,38580.1838114376,0.0,7405.387397288092,18122.678531869293,214.39838496483338,680.2141085978585,1360.428217195717,-465.8157236330251,0.0,17656.862808236267,3179.3619076630416,2932.7712165816206,18694.55343573398,15364.5199049178,3182.620508352681,751.6802369194696
53,2025-02-23,84838.80511061949,79952.5000829169,0.0,3367.94064700976,58387.70939985152,693.3298280928611,2061.60416599161,4123.20833198322,-1368.2743378987489,0.0,57019.43506195277,2932.7712165816206,3994.816250604048,21562.4485365981,16509.74278402428,6196.941603367854,2292.7141086892307
54,2025-02-24,81478.01042969675,76223.6122657404,77.71680000000015,4362.579687231453,56140.54275352317,153.91000543632148,2395.1456489325437,4790.2912978650875,-2241.235643496222,396.4653396000008,54295.77244962695,3994.816250604048,3907.0030784653363,20077.61903561647,16341.903273774178,5742.965821380685,2446.4489840779843
55,2025-02-25,84543.8715305138,76176.19526967872,31.095000000000027,7497.273379388136,57411.66410441995,70.18287469603702,3281.3137791168692,6562.6275582337385,-3211.1309044208324,159.57954000000012,54360.11273999912,3907.0030784653363,3211.1673349260873,18499.714874434645,15611.02121747739,8595.192788868122,3304.708070682215
56,2025-02-26,71933.01462528863,73105.79865264577,0.0,1146.942351631678,47157.82000745635,1297.8215011274776,10.616003390706933,21.232006781413865,1287.2054977367707,0.0,48445.02550519312,3211.1673349260873,2091.520469484855,21851.002350409868,18706.9940827291,1239.8043146567416,443.2231704331995
57,2025-02-27,73003.61643405395,72427.58555199578,99.60860605536527,933.6495397436604,46578.842070758095,560.1199297741033,375.90062004515596,751.8012400903119,184.21930972894734,559.3756695961188,47322.437050083165,2091.520469484855,2293.0999253009277,23450.204779331718,18813.24436102422,1601.3888970372427,562.6072633031904
58,2025-02-28,33887.836811958965,33463.08872490449,0.0,6950.626591375927,13703.565263944614,182.97468299844945,188.43695477034763,376.87390954069525,-5.462271771898202,0.0,13698.102992172717,2293.0999253009277,1961.0068050284563,18519.74943038839,15299.880846859824,768.9675538449308,249.42851576983074
59,2025-03-01,37360.02409762153,34847.8595898623,0.0,8217.863615488644,14836.544189496644,0.0,481.09155099949044,962.1831019989809,-481.09155099949044,0.0,14355.452638497154,1961.0068050284563,1411.4145636354474,18241.38451733702,15270.154476296693,2512.164507759232,481.09155099949044
60,2025-03-02,82291.10024430373,81242.62769967024,0.0,904.2410810901666,54535.55823279226,0.0,498.96199539269287,997.9239907853857,-498.96199539269287,0.0,54036.59623739957,1411.4145636354474,4632.085099927474,26744.610890792563,18764.53133887915,1048.4725446334987,498.96199539269287
61,2025-03-03,80431.70818567308,73866.30004751678,56.41142571214502,559.7374814904222,55016.4476185771,0.0,2603.500097655773,5207.000195311546,-2603.500097655773,264.34242138413003,52677.289942305455,4632.085099927474,1937.6343097841434,19846.489839653615,18500.662481248437,6565.408138156279,2603.500097655773
62,2025-03-04,74591.23306934211,74291.16390898821,0.0,1060.2359901969621,48693.82986379902,6.098722952804819,151.62055135422423,303.24110270844847,-145.5218284014194,0.0,48548.308035397604,1937.6343097841434,1519.9650137317594,23196.696588974053,19165.22660351613,323.8429927022253,153.65345900515916
63,2025-03-05,78086.39091560534,74471.42170220526,3.331633333333457,3897.2814564053547,50199.087392399546,106.88549606627522,1631.9230887692574,3263.846177538515,-1525.0375927029822,16.901375900000627,48690.951175596565,1519.9650137317594,1597.8373006181873,23036.393706677893,18589.393844211307,3963.5986863024273,1667.5515874580155
64,2025-03-06,73564.548874815,72306.32716023081,0.0,712.7358893517496,47039.208666186525,49.398538099399026,584.0723820572589,1168.1447641145178,-534.6738439578598,0.0,46504.53482222866,1597.8373006181873,2803.9269461588733,24039.244508205855,18386.307370660128,1432.274928797378,600.5385614237252
65,2025-03-07,33604.02702989036,31686.198043918383,0.0,8710.566769352834,13828.572457475773,0.0,626.7901456821314,1253.5802913642628,-626.7901456821314,0.0,13201.782311793642,2803.9269461588733,1431.4752842499593,17308.16966815913,15254.823926926912,1917.8289859719778,626.7901456821314
66,2025-03-08,31564.550336761175,32069.881932974116,0.0,8952.131891538618,12648.814817303763,902.1318568704484,123.74942278753596,247.49884557507193,778.3824340829124,0.0,13427.197251386675,1431.4752842499593,1798.746852947966,19600.347962845422,15545.737438076594,1272.987443684102,424.46004174435205
67,2025-03-09,72855.03447013033,64817.58893461306,2505.7896524330963,596.3868416201217,45689.92480495962,548.0308493134764,2916.052813366524,5832.105626733048,-2368.0219640530477,16087.415352430491,59409.318193337065,1798.746852947966,1312.9469076265118,20161.508664291265,16768.041968865236,9082.130632138855,3098.7297631376828
68,2025-03-10,71728.43866209974,73604.10725698632,30.008434194353867,1112.3900479792892,46156.075014777314,2473.552283018911,67.75863356004673,135.51726712009346,2405.7936494588644,192.98424030388972,48754.85290454007,1312.9469076265118,1384.2481674077167,23239.384523148896,18759.73032994751,2260.6622019543247,892.2760612330172
69,2025-03-11,63339.305388451554,72656.0208234093,0.0,3934.491484213431,39891.44473255717,9133.209105523962,0.0,0.0,9133.209105523962,0.0,49024.653838081125,1384.2481674077167,1938.0941680822252,22548.153360993798,17765.542821797924,9316.715434957745,3044.4030351746537
70,2025-03-12,72199.35636876052,65012.48058922266,1296.693973307112,455.4439369889935,44998.46055732145,1831.9577026085408,2964.6448696115563,5929.2897392231125,-1132.687167003015,8197.207703266611,52062.98109358505,1938.0941680822252,1281.49818739364,21100.696446458824,17682.500504251377,10156.881745839739,3575.2974371477367
71,2025-03-13,72368.54871281316,74275.59461103776,274.30230420227906,1885.6338430876212,45414.6912751199,2495.5276016959656,101.48857998828262,202.97715997656525,2394.039021707683,1378.0365643306266,49186.76686115821,1281.49818739364,1978.2839521679073,23639.6729852048,18521.027929719043,2577.168656696703,933.3311138869378
72,2025-03-14,30434.92215091348,30753.3897660648,0.0,11313.195207242034,11718.537937287172,311.66070990607955,2.4942064425990464,4.988412885198093,309.16650346348047,0.0,12027.704440750655,1978.2839521679073,1753.2033247425293,19017.584948275125,15606.816372785695,360.5639264188112,106.38110974462558
73,2025-03-15,30502.751261527377,31351.12648976297,174.3923432028725,7663.73577069831,12109.375044757267,681.9443896618104,6.789569831736689,13.579139663473377,675.1548198300737,506.02380632189926,13290.55367090924,1753.2033247425293,1200.0,18081.794234399003,15144.136322131468,880.2811015050343,234.10436638567353
74,2025-03-16,69129.28713296753,72804.44374271286,72.33341541272,5019.810232827967,42946.96054727822,3532.156095824237,21.11799320087617,42.23598640175234,3511.0381026233613,163.35195214928711,46621.35060205087,1200.0,1361.8737330092924,22948.59806450487,18442.678072540584,3793.9137766278163,1198.5033584756218
75,2025-03-17,65841.32550775763,60329.99576264014,2453.534639239947,799.7336575434267,39132.37063420836,231.0876973725949,1483.951182176887,2967.902364353774,-1252.863484804292,15483.664769247996,53363.17191865207,1361.8737330092924,1589.1116092336408,20637.638012639018,16511.972701635692,5863.868634144511,1560.9804146344188
76,2025-03-18,73929.75141688941,69688.12995878476,0.0,4360.49095735655,46078.01518888389,1422.4160466532967,2093.5793577463733,4187.1587154927465,-671.1633110930766,0.0,45406.85187779081,1589.1116092336408,1508.7699332721427,22494.674437510024,18292.993802748468,6787.37671342242,2567.7180399641384
77,2025-03-19,60893.84801103995,67000.71537376601,0.0,2709.8233698259423,37173.64146078817,5385.898592216778,0.0,0.0,5385.898592216778,0.0,42559.540053004945,1508.7699332721427,1942.9622160964695,23340.25525999043,18514.833706050358,6106.867362726069,1795.299530738926
78,2025-03-20,69855.05219662796,63982.514947281015,2823.925303143823,316.1742507362485,43196.967823061204,1631.2745298825105,2482.230677169494,4964.461354338988,-850.9561472869837,17767.857049568724,60113.868725342945,1942.9622160964695,2293.2142047101815,20874.091543524126,16592.7873605022,8581.052217327302,3025.9888537969973
79,2025-03-21,28904.00451295601,29150.445189505932,51.465374426647884,14587.166935528929,11143.550690686767,832.3432694277705,188.61080877674937,377.22161755349873,643.7324606510211,205.89838302830057,11993.18153436609,2293.2142047101815,1383.8673612788673,17893.11195171141,15311.832839974426,1438.598035105911,466.0585652526729
80,2025-03-22,31187.07947266795,31173.359164269623,0.0,11262.827779737812,12111.85239228268,188.47091724372854,65.57964001017679,131.15928002035358,122.89127723355173,0.0,12234.743669516232,1383.8673612788673,1956.379479108412,18495.109185009966,14465.777533811486,378.39693825972006,128.40327909141962
81,2025-03-23,69596.77878793911,67736.3976496741,262.6316372838203,5512.9266310419935,42300.914325155405,296.07792370195716,873.7676528530009,1747.5353057060017,-577.6897291510438,1610.05259027081,43333.277186275176,1956.379479108412,1451.5156741955104,21951.368229846637,18234.985690597383,2285.9742334491593,972.4602940869866
82,2025-03-24,66924.39421329432,66734.27981802808,0.0,4164.321636427462,40308.04711543561,2395.1845452740413,782.0216161368708,1564.0432322737415,1613.1629291371705,0.0,41921.210044572785,1451.5156741955104,1515.8383280439584,23755.635314756248,19184.17421648896,4404.25105649675,1580.416464561551
83,2025-03-25,73693.30033289213,64777.702905017504,957.8837918560251,869.3161878517107,45083.79269251861,363.97519398876227,3088.159636024212,6176.319272048424,-2724.1844420354496,6158.230895926648,48517.83914640981,1515.8383280439584,1274.584247482643,21754.076130843925,17837.930338488768,9430.365876542099,3209.4847006871328
84,2025-03-26,63266.28078922579,64612.15826086019,0.0,4597.272367897006,38394.52575866815,1761.1837022104728,27.717957512704608,55.435915025409216,1733.465744697768,0.0,40127.99150336591,1274.584247482643,1528.8180896029119,22071.160886254176,17648.82985995765,1635.03008757873,614.7791915828623
85,2025-03-27,67446.45289589411,66441.60268806372,356.47813773283764,3063.4260559025133,40577.35675339404,2657.6721573715345,1105.6759283596098,2211.3518567192195,1551.9962290119247,1868.69799659016,43998.05097899612,1528.8180896029119,2246.2061171619143,23010.611289952354,17992.94592005831,5379.304486147685,1991.5666474834547
86,2025-03-28,29704.821506713808,29914.67227033358,0.0,15983.342743076953,11463.303353639512,354.03744159651114,24.4334234813198,48.8668469626396,329.6040181151913,0.0,11792.907371754703,2246.2061171619143,1923.1167253176902,17895.9432276303,14786.494467040342,354.5993403004597,142.44590401349018
87,2025-03-29,28478.569135011025,28976.631597747946,0.0,18644.80046540019,11110.294797940373,497.89369022091216,11.22358631291325,22.4471726258265,486.6701039079989,0.0,11596.96490184837,1923.1167253176902,1498.9023008854383,15823.236478965544,13198.614529951117,568.330650640589,177.18814971988397
88,2025-03-30,65441.03891492656,60764.13197940458,79.18585844823795,1064.1065205357345,38597.5235315663,134.69880816914105,1197.6859464634506,2395.371892926901,-1062.9871382943095,390.0185211937779,37924.55491446576,1498.9023008854383,1534.6895707511903,23165.174075989016,18731.58245867193,4918.192575195785,1242.5855491864975
89,2025-03-31,57356.07133439191,67399.20495694986,0.0,5774.727227370653,34848.51234365351,9133.654597691868,0.3687122778997753,0.7374245557995506,9133.285885413967,0.0,43981.79822906748,1534.6895707511903,1994.7679024452677,22415.88288274322,17742.79463649734,10044.969839081354,3044.9202448418555
90,2025-04-01,70848.81542223107,70340.35689581763,0.0,6507.240955717765,43591.56047925171,2806.123252406801,1002.878728327292,2005.757456654584,1803.2445240795091,0.0,45394.805003331225,1994.7679024452677,1751.063676604313,20229.464351000326,16605.199927567122,5675.129129405723,1938.2531457962257
91,2025-04-02,66758.42102334526,70172.97774259732,31.930842196249387,6113.837925947872,40630.639561623,3512.414274062258,27.280936465794156,54.56187293158831,3485.1333375964637,185.50222773911082,44301.27512695857,1751.063676604313,1551.815352234165,20184.519740941218,16528.784482095518,3619.4411622398757,1198.0856944865468
92,2025-04-03,68444.76066971486,65278.28028184031,0.0,4416.522235480517,41583.692988635645,528.7600883182425,1289.4615221539111,2578.9230443078222,-760.7014338356685,0.0,40822.991554799984,1551.815352234165,2217.9005866547013,23151.321414287595,18153.093634594465,3893.8885927715946,1465.7148849266587
93,2025-04-04,26922.268296384173,26887.90617416513,0.0,18231.746599274244,10383.517211178998,175.05658416802163,64.08133709949384,128.16267419898767,110.9752470685278,0.0,10494.492458247527,2217.9005866547013,1535.757693117056,14943.6101530251,12718.252828134213,360.89713997895353,122.43353182216771
94,2025-04-05,27683.256872283127,28613.79299826607,0.0,13529.304342620708,10734.719721604726,923.2486511589528,5.27226990739097,10.54453981478194,917.9763812515619,0.0,11652.696102856287,1535.757693117056,1601.5261876349482,15690.431722346973,12650.058050034944,964.5837198311175,313.0218202937086
95,2025-04-06,64796.901395891444,60168.712503993316,0.0,1661.7442259547233,38181.258671395306,1076.5717198491182,1362.1588268422315,2724.317653684463,-285.5871069931136,0.0,37895.6715644022,1601.5261876349482,1580.6292200312807,21661.575169553857,17564.683158181928,6238.412648378555,1721.0160667919376
96,2025-04-07,57361.45422955577,60990.21039113799,0.0,3346.2113711125635,33750.13660683659,4239.630451813011,32.81948890576565,65.6389778115313,4206.810962907245,0.0,37956.94756974383,1580.6292200312807,1660.8923312270904,22784.436508504583,18383.156771812486,3928.1547219811855,1446.0296395101025
97,2025-04-08,66914.88739792429,62264.22536649177,0.0,3685.6241244870316,40027.82909755297,136.10349503059152,1303.321242502959,2606.642485005918,-1167.2177474723674,0.0,38860.611350080595,1660.8923312270904,1729.0428707220417,21916.16915680329,17690.761531465207,4849.229588374141,1348.6890741798225
98,2025-04-09,64685.00560830782,65090.73012416118,0.0,1999.4535233542922,38938.89809779033,723.1602848117261,97.07891927541328,194.15783855082657,626.0813655363128,0.0,39564.97946332664,1729.0428707220417,1518.882869268974,21821.62939709464,17864.663812954415,975.6032314490792,338.13234754598864
99,2025-04-10,62989.78433250747,64526.981855686616,7.89019258861058,5113.023077740237,37897.06404686263,1515.6661142610938,3.131116921390738,6.262233842781476,1512.534997339703,16.143334036297247,39425.742378238625,1518.882869268974,2274.3707210212624,22533.01054714703,17571.799476612036,1581.4848912327698,508.35315500842194
100,2025-04-11,26100.273987037854,27352.19226705761,0.0,19643.911282889818,9819.236250300153,1207.7080309304229,0.0,0.0,1207.7080309304229,0.0,11026.944281230575,2274.3707210212624,1426.8237390105378,16602.22684900407,14210.596031502946,1251.9182800197543,402.5693436434743
101,2025-04-12,29054.76465045407,28038.19482565437,0.0,15420.66425476362,10811.416316766212,2.6622074317339877,279.59150934312686,559.1830186862537,-276.9293019113929,0.0,10534.48701485482,1426.8237390105378,1756.7678853536886,17344.31731148375,13751.947290593002,1026.3456714231643,280.47891182037154
102,2025-04-13,58618.389665265975,58116.65822965979,740.1422196838731,780.5052556969904,34914.71815960824,307.713006838117,335.77358356112904,671.5471671222581,-28.06057672301199,4537.7832897960625,39424.44087268129,1756.7678853536886,1394.8115245032675,21714.197026730115,17914.260316416774,1151.56250838829,438.3445858405014
103,2025-04-14,63627.7843815248,55828.73339950567,860.6827552453539,25.52356622881871,37511.29179251575,100.05200994297039,2279.1626205816,4558.3252411632,-2179.1106106386296,5547.406834617873,40879.588016495,1394.8115245032675,1595.2413175070126,20818.284077993885,16682.42328947168,7964.57761116615,2312.5132905625906
104,2025-04-15,56178.059489857405,60008.868118337254,0.0,4692.84704521097,32913.947429928536,3535.5165246741853,0.0,0.0,3535.5165246741853,0.0,36449.46395460272,1595.2413175070126,2656.4813934963527,22218.2956389608,17041.70339916784,3830.8086284798574,1178.5055082247281
105,2025-04-16,60141.534243704795,63454.952737520434,0.0,4985.613522237455,35921.298597449175,3686.8878741964536,46.45844947401976,92.91689894803952,3640.429424722434,0.0,39561.72802217161,2656.4813934963527,1558.8502532978812,19355.86995506107,16666.12268977809,3689.141700033033,1275.421074206171
106,2025-04-17,55211.256347824856,60883.0409279669,0.0,3323.2542150092513,33392.33411698279,4448.927506918477,0.0,0.0,4448.927506918477,0.0,37841.26162390127,1558.8502532978812,2363.118035487679,20882.122942035956,16190.678579078303,5671.784580142044,1482.9758356394923
107,2025-04-18,26279.828548947582,27024.84665956212,0.0,17921.621252283057,9975.251248456543,688.8065385613764,7.36459280553109,14.72918561106218,681.4419457558453,0.0,10656.693194212388,2363.118035487679,2004.225797995856,16169.006514149314,13419.898290203586,795.4432582046161,236.9667723259899
108,2025-04-19,25525.19138255313,26134.327094808847,0.0,16794.3868871208,9525.92035819692,605.6574641374207,11.936890324069264,23.873780648138528,593.7205738133514,0.0,10119.64093201027,2004.225797995856,1480.9544489733935,15927.395641096091,13372.134683408045,693.7030595810395,213.82271170320948
109,2025-04-20,55486.57806924808,57830.303657592354,231.7244885931915,2130.440347007704,33006.451457918076,1823.341278403045,20.43193055995681,40.86386111991362,1802.9093478430882,1170.342214658583,35979.70302041974,1480.9544489733935,1423.2426193420897,21188.334539540465,17214.491623695954,2431.460227455206,628.2123566943052
110,2025-04-21,60999.37834085895,53155.21259228952,79.58104137917053,918.0282496572527,35550.68154439097,0.0,2017.6288212781326,4035.257642556265,-2017.6288212781326,390.1858458820731,33923.23856899491,1423.2426193420897,1333.533917158846,20424.172803384397,16624.317802706282,7844.165748569427,2017.6288212781326
111,2025-04-22,54114.78307186238,60101.13073161047,0.0,3761.3766706252663,32317.82576408355,5292.568109404932,0.0,0.0,5292.568109404932,0.0,37610.39387348849,1333.533917158846,1617.8018679107636,20689.38730864113,16502.562564322587,5986.347659748088,1764.1893698016443
112,2025-04-23,53454.52891194408,58459.7082233969,0.0,2829.735169342801,31915.341788148646,4442.897394201445,3.7087810318708656,7.417562063741731,4439.188613169575,0.0,36354.530401318225,1617.8018679107636,1907.1187306998445,20893.00610988033,16662.949772492895,5050.284583959611,1484.6745790990194
113,2025-04-24,55243.58920723683,55195.41016850263,4.733591288170871,3344.389854813267,32083.02959222845,2185.8067103338853,369.6354698413054,739.2709396826108,1816.1712404925797,17.82197119996333,33917.02280392099,1907.1187306998445,2681.33928474151,21414.993191263347,16649.34598628581,3562.0109542468754,1098.237706619267
114,2025-04-25,25704.92300505672,25358.254947034813,102.87302750050105,21065.155781965783,9430.722738503766,8.852365676083917,104.46722666724727,208.93445333449455,-95.61486099116335,189.69786271092394,9524.805740223528,2681.33928474151,1950.0,16072.736309667835,13677.121767098306,388.27240851460846,107.4180152259419
115,2025-04-26,25621.750385582032,25750.458365995935,180.8178479893715,23307.418186011346,9342.15007147421,137.21490653583575,22.14477682310706,44.28955364621412,115.0701297127287,458.83565550922003,9916.055856696157,1950.0,1200.0,16992.970498108556,14439.306103467934,272.9603554038854,67.88307900171897
116,2025-04-27,52984.95376720969,54884.59737113379,696.3911104083513,3129.267588554122,30588.890973583977,1822.028085420388,2.067154524723074,4.134309049446148,1819.960930895665,4405.171138836589,36814.023043316236,1200.0,1283.548646970374,20016.083828322928,16137.834118668237,1930.0429351700345,609.4098496648523
117,2025-04-28,66063.1787643097,65920.3992714858,0.0,5023.3844530816805,39159.34722541805,1635.019863225163,493.4318387149615,986.863677429923,1141.5880245102016,0.0,40300.935249928254,1283.548646970374,1705.959262981983,20499.35761751063,16224.310115773163,2901.6301395049973,1038.4384597900157
118,2025-04-29,55639.511075408605,53234.39235669491,64.27835993045073,2126.758933615771,32010.21220998277,1153.3290690820527,688.9389616876,1377.8779233752,464.3901073944528,421.6320053301468,32896.234322707365,1705.959262981983,1658.5739635863445,19901.81492525794,16163.11685891501,4275.879720691658,1073.3819847149507
119,2025-04-30,52009.19662059414,51864.68936342507,129.69542390964583,495.31182531259236,30623.571681492544,16.261780109785754,88.35309022911181,176.70618045822363,-72.09131011932607,540.5765183156184,31092.056889688836,1658.5739635863445,1200.0,19236.500504823685,15994.281976134898,199.5945881642864,93.7736835990404
120,2025-05-01,54671.37356919721,54574.69213831176,2550.77710917732,1601.5699194356766,33485.22362408915,1051.667143201238,431.43511536294096,862.8702307258819,620.2320278382971,12469.393308621973,46574.848960549425,1200.0,1922.852440426423,20326.070166682257,15813.549638628849,1928.3711727284594,781.9908297633536
121,2025-05-02,26909.254869413642,28055.041073942848,1481.2633740872757,12778.021133046848,10680.49905609824,1113.0184252614492,0.0,0.0,1113.0184252614492,5395.628934900879,17189.14641626057,1922.852440426423,1200.0,16413.31804228276,13945.354810632816,1145.786204529207,371.00614175381634
122,2025-05-03,26826.562742319024,27437.6543828885,1651.0881641355818,17238.3385307346,10310.289268998758,621.2474962789936,25.902557323693276,51.80511464738655,595.3449389553003,6679.0519317225935,17584.686139676654,1200.0,1200.0,15701.222980470979,12717.990614181494,798.0247806071654,232.98505608335782
123,2025-05-04,58543.00074457732,56263.61959407618,485.8035424658706,1381.186101290115,35143.19805861275,3355.9880327046462,1150.7212165849933,2301.4424331699865,2205.2668161196525,2317.259599493102,39665.724474225506,1200.0,1261.4105913730712,18833.158787804445,15199.589085885833,6860.237416923147,2269.3838941532085
124,2025-05-05,61474.00001181183,60245.43873218516,256.39000642051496,1530.1192878727315,38191.61686755246,0.0,605.537191324489,1211.074382648978,-605.537191324489,1407.879087495365,38993.958763723334,1261.4105913730712,1231.9665596807483,20643.1698908213,16747.467240088346,1228.561279626665,605.537191324489
125,2025-05-06,53003.23460997193,57648.80395061319,1023.6347299277176,2113.4461095542747,33399.71967614224,3594.8080566061963,0.0,0.0,3594.8080566061963,5550.2068505254265,42544.734583273865,1231.9665596807483,1200.0,19566.737410698093,15877.827206378126,4645.569340641262,1198.2693522020654
126,2025-05-07,57427.515978473544,60380.19518768645,0.0,597.2971272281275,36373.718964608925,2584.125462205361,0.0,0.0,2584.125462205361,0.0,38957.844426814285,1200.0,1957.545016966952,21227.69260625299,16512.640495794665,2952.6792092129085,861.3751540684539
127,2025-05-08,65224.88047702295,61693.88170631508,82.43748333333338,318.8301838742917,39249.33745131018,4481.732850168787,1741.1825932856705,3482.365186571341,2740.550256883117,572.7872274833337,42562.67493567664,1957.545016966952,3745.333062599552,21168.24928791992,15537.272682145796,9655.069378623743,3235.093543341933
128,2025-05-09,26422.872473703712,29691.8760743293,0.0,17974.549929962533,11098.272194958967,3576.005764580318,0.0,0.0,3576.005764580318,0.0,14674.277959539286,3745.333062599552,4114.17486870085,15189.382467766289,11971.442173399528,3269.003600625584,1192.0019215267728
129,2025-05-10,25839.474738927565,29751.668448343677,0.0,15073.974192238926,10994.88108789869,4203.385343765257,0.0,0.0,4203.385343765257,0.0,15198.266431663946,4114.17486870085,3767.830439142763,15096.626101966813,12539.977129195391,3912.1937094161117,1401.1284479217522
130,2025-05-11,60645.4207967696,59506.26823708252,22.473246256800962,926.61488490288,36951.29655592503,4455.654299929591,1033.8083587405501,2067.6167174811003,3421.8459411890403,149.6942933165512,40522.83679043062,3767.830439142763,3251.589250972511,18856.129391875536,15738.081876772421,7415.1464265741015,2519.02645871708
131,2025-05-12,54044.003599846015,59080.906160306804,0.0,2803.8001339829916,34959.20286887782,4986.867079703119,0.0,0.0,4986.867079703119,0.0,39946.069948580945,3251.589250972511,4376.807383126211,17543.23407395871,13197.323280968223,5036.902560460789,1662.2890265677065
132,2025-05-13,63633.646713501905,58505.27476511498,0.0,1302.719834725851,39298.72989452044,2139.3967467784996,1792.0138652402534,3584.0277304805068,347.38288153824624,0.0,39646.11277605868,4376.807383126211,4795.593246529451,19454.9204561029,15381.57829238044,8527.530503544547,2505.1461141664195
133,2025-05-14,59696.00005786485,60640.80133836332,0.0,4807.536730501464,38068.5299401793,741.0728452702433,0.0,0.0,741.0728452702433,0.0,38809.60278544955,4795.593246529451,4487.333510985204,16297.629402728187,13478.513578199658,944.8012804984745,247.02428175674777
134,2025-05-15,57592.25722591355,60072.92493071313,0.0,3473.951490366039,37712.746036471755,2508.0099473142163,101.99019467235736,203.98038934471472,2406.019752641859,0.0,40118.76578911361,4487.333510985204,4624.726354820501,19527.692618747376,15693.77746173361,2855.433369621248,937.9935104437627
135,2025-05-16,27578.90015763912,27412.77769157294,0.0,22817.721482042285,12718.079372818178,12.212314667039077,87.79282996233096,175.5856599246619,-75.58051529529187,0.0,12642.498857522885,4624.726354820501,3659.3722918199524,14465.09648893586,12585.546812738537,196.11525704558392,91.86360151801065
136,2025-05-17,28820.912817504017,28718.963955029634,0.0,15267.550955628758,13044.888884253809,105.92873613194374,96.96755142997651,193.93510285995302,8.961184701967227,0.0,13053.850068955777,3659.3722918199524,3662.3098125686956,15789.31656522987,12786.702649162326,327.6838835161706,132.27713014062442
137,2025-05-18,63381.851482077254,59712.736795310564,0.0,2229.2430572174144,39621.13738212267,1164.2264756452087,1294.1849890938645,2588.369978187729,-129.9585134486556,0.0,39491.17886867401,3662.3098125686956,4128.513644253536,17830.22205040419,14022.896412311038,5413.119993791852,1682.2604809756008
138,2025-05-19,57215.756348419396,55811.42498055102,51.76189842060876,5324.277465652873,35725.737826049444,1662.5583952246322,529.8540748740385,1059.708149748077,1132.704320350594,361.2204081282182,37219.66255452826,4128.513644253536,3929.936678098296,16854.8006992551,13831.107835936351,4091.765303458416,1084.0402066155825
139,2025-05-20,56852.14672300523,58638.98860270848,0.0,1102.1444314906428,35766.940848030616,2400.301280594731,114.60676504430917,229.21353008861834,2285.694515550422,0.0,38052.63536358104,3929.936678098296,3810.172681083462,16406.510272971176,13397.060918420006,2228.370152790863,914.7071919092194
140,2025-05-21,52801.31008960529,57789.996760754984,0.0,3101.274037935732,34660.03007638052,4859.324000625548,115.14685565262431,230.29371130524862,4744.177144972924,0.0,39404.20722135345,3810.172681083462,4114.993214165159,16061.94189322313,12735.834453737207,5426.879520899445,1734.9215225278072
141,2025-05-22,55313.06482459896,54370.26703241503,0.0,316.131812969687,35258.84939798957,0.0,494.31395119244485,988.6279023848897,-494.31395119244485,0.0,34764.53544679713,4114.993214165159,4074.0174285525827,17233.592683315786,13996.088280537107,942.797792183926,494.31395119244485
142,2025-05-23,25065.05324730408,24881.643146251365,21.687788621870887,17700.026479587716,10263.210525884173,98.20699944963891,96.34992079187035,192.6998415837407,1.857078657768568,39.038019519367595,10304.10562406131,4074.0174285525827,1763.6190760774211,15061.653100946503,14279.297528994313,423.4632418087941,129.0855872750833
143,2025-05-24,27377.774324504593,26777.84486109625,123.84772511256762,20391.978206569645,11699.509278285179,491.2258971160354,350.3436592555115,700.687318511023,140.8822378605239,239.28525386649304,12079.676770012196,1763.6190760774211,1899.929602335694,13855.439593017849,11100.226596712011,1829.5015405893616,514.0856249608566
144,2025-05-25,58526.36961411037,57589.09189229566,300.5476323176391,6044.620087815518,34733.17179976614,571.6723284086597,400.95897504273097,801.9179500854619,170.7133533659288,1811.7029291407916,36715.588082272865,1899.929602335694,1522.1631962585195,19157.889573336364,15857.880319871914,1668.9834566555742,591.5164178456175
145,2025-05-26,56851.004039318126,61622.67684442704,0.0,2652.4153447907734,34669.03566544285,3774.8019890959818,0.0,0.0,3774.8019890959818,0.0,38443.83765453883,1522.1631962585195,2035.4342703991065,20676.2346468934,16285.80609725713,4771.6728051089085,1258.2673296986604
146,2025-05-27,53951.15314300814,60011.079637758376,0.0,6581.809230383126,33266.64823998674,4703.755848489254,0.0,0.0,4703.755848489254,0.0,37970.40408847599,2035.4342703991065,2238.819952993611,20293.97891073786,16255.075803362617,6059.926494750234,1567.918616163085
147,2025-05-28,60935.0674382092,59896.52738561332,0.0,4132.924517362935,36893.580165797466,137.83496324325444,326.43020531581976,652.8604106316395,-188.59524207256533,0.0,36704.98492372489,2238.819952993611,2089.115831857255,19076.38145933213,15586.602691081745,1258.2416769511105,372.3751930635712
148,2025-05-29,59572.85965792554,64576.27126335509,65.07422314480031,6937.176674296597,35948.58685438131,4240.9198718481975,2.101679028188315,4.20335805637663,4238.818192820009,350.9278976870171,40538.33294488834,2089.115831857255,2039.1711685373934,19152.607943111456,15558.562630908156,5011.558437596193,1415.741636310921
149,2025-05-30,27331.48244078554,27724.411065839588,0.0,18073.09280265356,11542.358133998714,384.49935939198673,15.869075539461292,31.738151078922584,368.6302838525254,0.0,11910.98841785124,2039.1711685373934,2039.1603966027167,16079.445743476708,13024.360746957344,514.1295492432617,144.03552867012354
150,2025-05-31,29773.129987580032,30493.375047894642,0.0,16992.47841935744,11487.49048197628,2472.208093193215,346.4080865949046,692.8161731898092,2125.8000065983106,0.0,13613.290488574592,2039.1603966027167,3439.069564983304,20272.614878919303,15160.899800382109,3426.577636370356,1170.477450992643
151,2025-06-01,72341.67497303787,69563.2523101074,4055.6908198582396,1017.8169621740778,49499.21055444211,164.06933080927638,1185.7589025162988,2371.5178050325976,-1021.6895717070224,20413.529383134664,68891.05036586974,3439.069564983304,1200.0,17849.802506718694,16473.502638927115,3141.89336286851,1240.4486794527243
152,2025-06-02,77261.23264542465,67584.43395758679,5110.827483142543,295.2009499291522,51559.45951591298,32.65141254776194,3418.539798580852,6837.079597161704,-3385.8883860330902,34309.363542922336,82482.93467280222,1200.0,1327.7165648778478,19180.569117948035,15421.316077147841,9708.683276039374,3429.4236027634397
153,2025-06-03,71667.88233375184,76352.4843005018,240.18157255770515,4241.706740535708,47850.845909102696,5180.180169687451,116.92885854004614,233.85771708009227,5063.2513111474045,1235.465726150323,54149.56294640042,1327.7165648778478,1602.5302188722856,20585.5790031341,16426.98670394363,5140.606406418236,1843.6555817691965
154,2025-06-04,82707.70211484944,67056.85188891759,5910.350621903308,150.23541159805995,55876.34657365744,212.71667966267398,5601.709017051143,11203.418034102286,-5388.9923373884685,39968.466057375794,90455.82029364476,1602.5302188722856,1236.4235080288147,18427.38064376473,15255.674361208556,15853.927943353036,5672.614576938701
155,2025-06-05,70709.19112671264,71766.66007013191,3484.3556779623113,145.1645866396641,46472.770237558536,4293.417737163222,494.5770252800781,989.1540505601562,3798.8407118831446,18127.91847121605,68399.52942065772,1236.4235080288147,1200.0,20996.39106323069,17039.857918442794,4601.982606849253,1925.7162710011519
156,2025-06-06,32045.242169322864,32405.744074192953,3512.9825335990495,2261.7277998008904,15126.252769549128,2711.821090419109,474.7648084381235,949.529616876247,2237.0562819809857,14587.339302211496,31950.648353741606,1200.0,1200.0,14747.386357847998,11945.382949856881,4113.786700446879,1378.7051719111598
157,2025-06-07,37119.67480646847,39355.23425297666,1704.7041485913996,6552.835943282054,16267.17947199159,4390.869673631187,319.46510992088633,638.9302198417727,4071.4045637103,7469.473422287916,27808.057457989806,1200.0,1701.23554894818,15418.301566136726,12037.712274517387,5245.454548623449,1783.0883344646154
158,2025-06-08,76632.78650795888,74407.59379678199,0.0,1678.2136925662344,52039.57468299637,3897.829607764164,1622.8469055759103,3245.6938111518207,2274.9827021882534,0.0,54314.55738518463,1701.23554894818,5619.3768240071095,21148.050999979212,13603.59416243013,8624.543300662166,2922.1234414972982
159,2025-06-09,83294.33050168195,76548.58852235966,0.0,1150.6410547824896,59457.67893068803,860.2610757203504,2509.4419648231014,5018.883929646203,-1649.1808891027513,0.0,57808.498041585284,5619.3768240071095,6070.536237045821,21364.164539521087,16898.929805277246,7872.365494599047,2796.195656729885
160,2025-06-10,76617.46594833968,74389.15719520181,0.0,187.2242055268889,54027.51078171517,2259.463359007742,1175.2776787718087,2350.5553575436174,1084.185680235933,0.0,55111.696461951105,6070.536237045821,4902.265263386363,19131.22438229002,16547.73562594843,5344.6463255916815,1928.4321317743893
161,2025-06-11,81808.62930569991,81529.39838683141,0.0,1269.9893071867095,57539.19232603259,2633.389769175468,1141.4866921538332,2282.9733843076665,1491.9030770216345,0.0,59031.09540305423,4902.265263386363,4594.909191501381,23429.385408813316,19254.422645835268,4882.944755720926,2019.283281878989
162,2025-06-12,80026.84538493252,79295.61012779623,0.0,1488.2441857912327,55169.215949736004,5904.159309656491,1693.3340287579654,3386.6680575159307,4210.825280898526,0.0,59380.041230634524,4594.909191501381,5710.873454327296,22897.929853307105,17542.95534463544,9215.696949451165,3661.3871319767954
163,2025-06-13,34068.60978410611,36013.48995512187,0.0,5264.242868210305,17476.645608946725,4161.209203011404,435.77663499588766,871.5532699917753,3725.4325680155157,0.0,21202.07817696224,5710.873454327296,5257.910484948625,14797.895049222987,12393.961662311422,5239.111394514029,1822.8463693330225
164,2025-06-14,35483.12275581861,37995.23225543983,0.0,9054.091285869137,18123.259319423418,4366.846198931412,179.6021602699953,359.2043205399906,4187.244038661417,0.0,22310.503358084836,5257.910484948625,5021.930803983057,15579.894381261582,12832.096161690893,4742.138080257206,1635.2175599137993
165,2025-06-15,72027.03948038089,76405.5935247775,0.0,1633.4508677068684,49604.25524763264,5755.458145272889,54.42183785897507,108.84367571795013,5701.036307413914,0.0,55305.29155504655,5021.930803983057,5280.001075231205,20594.23726112616,16449.068937388867,4678.58214169102,1972.9078862832716
166,2025-06-16,77411.15302879346,80158.40996627853,0.0,3083.191900274981,54119.899890997694,5367.50585623028,413.40726322296547,826.8145264459309,4954.098593007315,0.0,59073.99848400501,5280.001075231205,5706.778092442713,21037.189125508026,16656.023876171144,4789.429104773371,2202.575881966392
167,2025-06-17,77986.93130012177,82311.79223571214,0.0,4125.878719590088,54563.43782249179,7568.383382448859,482.03243454847836,964.0648690969567,7086.3509479003815,0.0,61649.78877039217,5706.778092442713,5094.563101840949,21578.39889998409,18029.496600528706,7057.464871782093,3004.826895364765
168,2025-06-18,78908.3350725531,83361.54625811285,0.0,8682.815744110154,55175.01943666831,8075.170782678739,530.634481310131,1061.268962620262,7544.536301368608,0.0,62719.55573803692,5094.563101840949,5362.88920349979,18467.611171103898,14717.2715571012,7237.464722962462,3222.3580755363773
169,2025-06-19,73028.12187149291,72048.99362166872,14.888934471582502,389.6388142692631,49552.37273808858,7884.268203984756,2217.6134554701393,4435.226910940279,5666.654748514617,104.59476466286708,55323.622251266075,5362.88920349979,4929.060107427185,20027.293307033702,16612.553765162647,12493.00268658893,4845.702856798392
170,2025-06-20,32369.166045930215,35512.320339911246,0.0,9904.903951188347,16901.30378491398,3995.832043046178,99.44718003766391,198.89436007532782,3896.3848630085145,0.0,20797.688647922496,4929.060107427185,5292.660624242768,15155.76354520456,11948.928006481663,3805.4251934660188,1431.39119438639
171,2025-06-21,37356.412622231335,37950.24973257362,0.0,14936.167698442276,19433.40733843608,543.0714162520646,0.0,0.0,543.0714162520646,0.0,19976.478754688145,5292.660624242768,5881.529987151317,16575.57477638762,12896.233142256282,593.837110342282,181.02380541735488
172,2025-06-22,69883.67199522624,74324.00040590594,0.0,3183.546813321711,47491.47491425039,6934.113792945258,284.72916011882785,569.4583202376557,6649.38463282643,0.0,54140.85954707683,5881.529987151317,5275.639434807763,22254.81047207068,18571.697979486453,6328.146170477969,2596.1004244339138
173,2025-06-23,73261.14017189255,76266.97719106235,0.0,5481.375142392468,50833.13734035683,3463.44868643964,0.0,0.0,3463.44868643964,0.0,54296.58602679647,5275.639434807763,5457.775247123755,18738.91482939733,15014.598780727447,3005.837019169808,1154.48289547988
174,2025-06-24,84423.30899202387,83981.46116596146,0.0,2910.6432074480854,60493.96754994735,785.9833739407698,432.07612686421993,864.1522537284399,353.9072470765499,0.0,60847.8747970239,5457.775247123755,6012.848972706093,22644.522923627817,17842.497215114432,1523.856799167168,694.0705848444765
175,2025-06-25,73282.55847452962,77088.05928644392,0.0,3845.0851881733274,50390.8366025593,4126.89138052674,0.0,0.0,4126.89138052674,0.0,54517.727983086035,6012.848972706093,5374.687155405348,17788.938774603183,14983.386042999256,3805.5008119142863,1375.63046017558
176,2025-06-26,68937.66981570749,72247.17312465704,0.0,2107.1505728124293,46881.26234318153,5170.727812737359,307.449033314984,614.898066629968,4863.278779422376,0.0,51744.5411226039,5374.687155405348,4495.426888396105,17810.3839937874,15217.74527527612,4944.1718410362655,2031.024970894104
177,2025-06-27,34663.34149802784,36823.525500086565,0.0,13204.529594948406,17212.777665054942,3566.1674581857587,337.34634150667404,674.6926830133481,3228.8211166790848,0.0,20441.598781734025,4495.426888396105,5496.525904432913,15507.162758096712,11659.812719625214,4509.882282922772,1526.0688275685939
178,2025-06-28,31703.04891436389,35429.75062999202,0.0,11309.830204650641,15977.262588558377,3850.141126272735,0.0,0.0,3850.141126272735,0.0,19827.40371483111,5496.525904432913,4948.847742134764,14925.813972331829,12582.819663657116,3726.7017156281267,1283.3803754242451
179,2025-06-29,66836.11824209992,71746.79975686644,0.0,197.42566910904725,44658.50137891056,11655.422519121403,1179.9509800674368,2359.9019601348737,10475.471539053966,0.0,55133.97291796452,4948.847742134764,3602.2638155159384,18387.005728321103,16105.400173897036,11842.363827510044,5065.0918197745705
180,2025-06-30,78125.13381720503,78809.52922460026,0.0,3105.6755655914385,53015.59137565294,2362.2018992091316,388.3310569249373,776.6621138498746,1973.8708422841946,0.0,54989.462217937136,3602.2638155159384,5484.148689430249,21749.85941659278,15923.689740917278,2611.9630405665907,1175.731689994648
181,2025-07-01,66908.26609068169,74818.96436840104,3402.434073859214,24.64576098186035,50350.161435706636,9013.596465418843,0.0,0.0,9013.596465418843,28790.977240927103,88154.73514205258,5484.148689430249,1458.8779782571853,15541.854147372738,16211.645499427672,7910.698277719353,3004.5321551396146
182,2025-07-02,66442.92448904851,75336.70096510972,860.5955088276035,80.12346838198243,51340.49509888352,8653.007632690438,0.0,0.0,8653.007632690438,5187.667146815913,65181.16987838987,1458.8779782571853,1200.0,18133.667470105975,14921.260831217305,8893.776476061214,2884.3358775634792
183,2025-07-03,75009.62656293748,85489.29824884215,2020.221580091331,3687.0372767128656,55934.65714306914,13930.773542547551,148.32766865431324,296.6553373086265,13782.445873893239,8110.124946545419,77827.2279635078,1200.0,1260.6433079485048,21092.02443017695,17029.960811289675,11220.160101276566,4791.918849503497
184,2025-07-04,37278.26864268496,40693.80520577056,2485.816922525811,11636.78856151586,21638.681840437486,3494.500308401825,15.080464165075885,30.16092833015177,3479.4198442367488,6721.340891093865,31839.442575768102,1260.6433079485048,1200.0,14297.605669828956,11635.639569715113,3498.4894295023005,1179.9139002990175
185,2025-07-05,40491.15335215587,40529.97302044854,2420.442923620412,10896.323804510634,22779.786318815342,781.2978812434596,312.62621531724915,625.2524306344983,468.6716659262104,10727.21721662402,33975.67520136558,1200.0,1467.6034667504096,15911.416067454078,12647.403894562434,1656.9173622250341,573.0588423984024
186,2025-07-06,76694.28429180013,85211.668208939,534.3810662742729,1875.1979043890665,58062.08098599578,9158.214660133079,140.79153727865088,281.58307455730176,9017.423122854427,2917.589335631591,69997.0934444818,1467.6034667504096,1200.0,22724.804952102968,18647.93513127877,8975.185585454296,3193.52975732301
187,2025-07-07,81985.33409275091,76490.52664231362,1637.4465066308449,481.435966682915,60126.05189880147,1119.4997344401108,2169.506618189156,4339.013236378312,-1050.0068837490453,13566.43776776637,72642.48278281878,1200.0,1771.8758470971568,19591.40080635498,15354.346390760093,6816.716333721988,2542.6731963358598
188,2025-07-08,100517.91245888537,91175.51109550081,0.0,7329.340665659754,75107.12778437117,1272.3322815868871,3463.2704313301447,6926.540862660289,-2190.938149743258,0.0,72916.18963462792,1771.8758470971568,5851.908460852496,24225.0213726032,15950.237959428792,10785.436476132396,3887.3811918591073
189,2025-07-09,94841.28987544213,87169.62579515175,0.0,9705.129612672818,71287.55171073519,792.7412742279744,2854.801157051887,5709.602314103774,-2062.0598828239126,0.0,69225.49182791128,5851.908460852496,5580.3427577459815,19211.47525583227,15805.704090020003,8646.81484522515,3119.0482484612116
190,2025-07-10,86647.1045111336,82780.05500232917,0.0,6828.802075108706,65948.50826292139,2215.227496726541,1476.1646978973415,2952.329395794683,739.0627988291994,0.0,66687.57106175058,5580.3427577459815,5087.707160231038,18636.85042973992,15539.220885852783,6493.035605639154,2214.573863472855
191,2025-07-11,52860.2683508775,50439.51562719353,0.0,14719.28953002114,31953.788273274593,670.8200985532442,590.4705156241841,1180.9410312483683,80.34958292906003,0.0,32034.137856203655,5087.707160231038,5836.507150031184,13302.783980801361,10101.33503362897,3374.2875550283106,814.0772151419322
192,2025-07-12,47708.65771738849,48980.221628190935,0.0,15424.462043191548,28313.25542381006,1489.0885402959698,0.0,0.0,1489.0885402959698,0.0,29802.34396410603,5836.507150031184,5230.658580939895,15877.789283411661,13406.273031745608,1271.5639108024443,496.3628467653233
193,2025-07-13,91612.70220877856,79132.22048476264,0.0,6274.22157421993,68090.99762257835,558.7311681637032,4314.030260964707,8628.060521929414,-3755.299092801004,0.0,64335.69852977734,5230.658580939895,5305.959676229823,18539.513288325084,14949.234777782382,13093.844405367328,4500.273983685942
194,2025-07-14,92080.25714675104,84682.79467377855,0.0,8562.58171965621,67483.57390516298,1362.1323939398553,2470.7981343834135,4941.596268766827,-1108.6657404435582,0.0,66374.90816471943,5305.959676229823,5765.1738094669545,20522.321144959293,16209.787407503607,9271.850078728723,2924.8422656966986
195,2025-07-15,94110.5336821349,82317.51965626267,0.0,5557.71133628496,70286.1216579419,879.2814396333631,4125.274037753352,8250.548075506704,-3245.9925981199885,0.0,67040.12905982189,5765.1738094669545,6223.875685572709,18936.452884995757,14925.695148351384,12837.538512987638,4418.367850964473
196,2025-07-16,87571.7296324093,80171.68436691767,0.0,5440.648204225385,67094.75839405847,913.064127722128,2760.0891456700942,5520.1782913401885,-1847.0250179479663,0.0,65247.733376110504,6223.875685572709,5582.268478863662,16704.838238932138,14108.365459573175,8327.389765091979,3064.4438549108036
197,2025-07-17,85217.10436994428,83216.08075053486,0.0,6880.318862918913,63697.985977041724,3952.0877323503682,1500.77356013086,3001.54712026172,2451.314172219508,0.0,66149.30014926124,5582.268478863662,5349.675125286148,20129.89389036346,16514.548069414166,7988.446250560701,2818.1361375809834
198,2025-07-18,53821.09943562279,49642.2014823534,0.0,15080.173570925224,31156.744904527688,591.5302819817441,1031.7345364383827,2063.4690728767655,-440.20425445663864,0.0,30716.540650071045,5349.675125286148,5861.2592142823005,14880.811217534949,11593.03140610677,5108.030253946759,1228.911297098964
199,2025-07-19,50293.70386085111,46993.21157069557,0.0,17032.824975247124,29631.493292754807,619.4874600454461,1109.6233850417645,2219.246770083529,-490.1359249963184,0.0,29141.357367758486,5861.2592142823005,5334.467360289749,17114.106389693414,14336.538844244962,4185.311497148208,1316.1192050569132
200,2025-07-20,90118.19783115352,83956.48719622658,0.0,7923.278855609375,66260.16687159633,1263.3672021179525,2239.6072414367363,4479.214482873473,-976.2400393187836,0.0,65283.926832277546,5334.467360289749,5744.20701253234,18812.970720695797,14869.740596745269,7635.517609560869,2660.729642142721
201,2025-07-21,94713.14630556147,85140.77610745726,0.0,6835.183899587612,72354.90014922484,880.194480166517,3594.355437973174,7188.710875946348,-2714.1609578066573,0.0,69640.7391914182,5744.20701253234,6581.311291853904,18749.73161305397,14433.8887551843,10556.55536855746,3887.75359802868
202,2025-07-22,88866.3703053507,93182.32863520039,0.0,16615.657288527884,66752.84817551673,6127.1781995299525,59.53032461680262,119.06064923360525,6067.647874913149,0.0,72820.49605042988,6581.311291853904,5653.505385502012,18981.852872223943,16210.326142218097,4667.40809428675,2101.923057793453
203,2025-07-23,98980.52472157899,82169.94758502986,0.0,4382.463658211913,74321.59912541587,845.3253141819332,6061.3773816040175,12122.754763208035,-5216.052067422084,0.0,69105.54705799378,5653.505385502012,5549.2251241598215,19288.363396627694,15717.42658647641,17776.676458312868,6343.15248633133
204,2025-07-24,95871.99350545478,85334.92979323948,0.0,8163.980526798163,72790.26709358461,983.5082106396555,3813.428936307333,7626.857872614666,-2829.9207256676773,0.0,69960.34636791694,5549.2251241598215,5735.346004824989,17826.149862329898,14271.672595888569,11728.20883765147,4141.265006520552
205,2025-07-25,47122.59322948876,47288.28601036104,0.0,17978.916685938508,27982.06388859374,704.0889887467981,124.91629980180474,249.83259960360948,579.1726889449933,0.0,28561.23657753873,5735.346004824989,5762.540958250054,14629.33841933318,11825.288661577315,963.9057232376122,359.61262938407083
206,2025-07-26,48220.99368626455,47652.410579454074,0.0,16189.782301582645,27944.25069328112,1152.7474330287864,258.4260726798634,516.8521453597268,894.321360348923,0.0,28838.572053630043,5762.540958250054,5650.69060853503,16285.273820780429,13291.737109575668,2366.828043667323,642.6752170227921
207,2025-07-27,86831.46345373837,82245.34010302859,0.0,4954.449235558896,64295.33502483866,3095.8029137635885,2118.2038797885452,4236.4077595770905,977.5990339750433,0.0,65272.9340588137,5650.69060853503,5463.815070991272,19862.573953995154,16256.87288652546,8847.850683618282,3150.1381843764084
208,2025-07-28,93939.88585441255,89335.48048348827,0.0,7058.588684889681,70575.50288890566,2768.1856747032407,2263.433536431586,4526.867072863172,504.7521382716541,0.0,71080.25502717732,5463.815070991272,5835.571606195128,20986.493071483033,16664.47850621779,7967.542485982352,3186.1620946659996
209,2025-07-29,91229.32340672276,90710.32657649466,0.0,10628.597395430326,68097.17141418712,690.4071379920294,305.88404766697766,611.7680953339553,384.52309032505184,0.0,68481.69450451217,5835.571606195128,6047.817905726863,20112.95558676723,16100.472355702896,1341.0708350027853,536.0197603309874
210,2025-07-30,81676.48400147447,84934.64308790833,0.0,7478.48588844595,62385.51700804189,4991.454129970885,150.15570113333752,300.31140226667503,4841.298428837547,0.0,67226.81543687943,6047.817905726863,6016.704737114791,17794.236848490782,14441.333699028393,4356.295702352481,1813.973744456966
211,2025-07-31,84671.2595450645,82216.16677609019,0.0,4533.685712161408,62796.29192025757,1340.9698403492393,981.0541664846565,1962.108332969313,359.9156738645827,0.0,63156.20759412215,6016.704737114791,5037.51156801268,20361.88762870537,17374.40283144325,4263.538763717528,1428.0441132677363
212,2025-08-01,48224.79813520254,46519.50243817176,0.0,21847.46279054823,28867.05997765832,0.0,581.9233761829003,1163.8467523658005,-581.9233761829003,0.0,28285.13660147542,5037.51156801268,5592.254898154405,15375.847283312141,11955.167302355285,1705.2956970307841,581.9233761829003
213,2025-08-02,45936.07858050023,41785.05408676843,150.43715067563159,20717.878566551473,26453.602637163953,0.0,1984.1676110541455,3968.335222108291,-1984.1676110541455,831.9024252270254,25301.337451336833,5592.254898154405,2647.79072063226,15476.871038574714,15186.283301015454,4151.0244937317975,1984.1676110541455
214,2025-08-03,67061.62997851308,68905.57881429714,418.31397468816766,1589.4972097675577,48181.5053915531,8291.326509235507,712.3486342795043,1424.6972685590085,7578.977874956003,2228.5272154610625,57989.010481970174,2647.79072063226,3901.7746827426013,19822.78963150068,14927.874035616249,8427.387404245163,3476.1241373580074
215,2025-08-04,72549.25186172072,72511.29711292216,0.0,5281.263869655517,54258.15335173039,415.08582006642825,157.4656787223852,314.9313574447704,257.620141344043,0.0,54515.773493074434,3901.7746827426013,2431.0897904154513,16515.760858040783,14701.382698107469,677.1010270630311,295.82761874452797
216,2025-08-05,72728.66821314179,73682.64402684482,0.0,5388.724572181242,53648.711860381016,846.6313380932418,21.83294897912885,43.6658979582577,824.798389114113,0.0,54473.51024949513,2431.0897904154513,1823.1387957028817,19414.55587669237,16272.946155362133,1091.4113376433493,304.0433950102095
217,2025-08-06,79179.84469736519,73959.02651735599,0.0,1845.435647375603,58829.72731775987,2403.810488175816,2822.3976818650353,5644.795363730071,-418.58719368921993,0.0,58411.14012407065,1823.1387957028817,1969.4997052310234,20355.088340728413,16355.896737414681,8162.965509176224,3623.667844590308
218,2025-08-07,76865.0265516977,70635.8105562106,469.79780759059213,4573.7497221024705,54170.16137749486,1504.7698945282418,1728.0981371323069,3456.1962742646137,-223.32824260406505,1746.8152406985173,55693.648375589306,1969.4997052310234,1338.2168261708305,19536.98938343636,16393.11599173763,7968.349860329114,2229.688101975054
219,2025-08-08,42589.89676713213,41752.07061792532,0.0,22612.50375988535,23154.802945640306,0.0,325.10891388288485,650.2178277657697,-325.10891388288485,0.0,22829.694031757423,1338.2168261708305,1877.7996252406258,15151.426783564004,11787.031175524025,837.8261492068016,325.10891388288485
220,2025-08-09,40910.803905002365,40007.317749129565,0.0,18363.51660231984,22447.696122519257,0.0,314.37288056642996,628.7457611328599,-314.37288056642996,0.0,22133.323241952825,1877.7996252406258,1333.1548548155188,16905.53915890697,14183.667012097241,903.4861558727896,314.37288056642996
221,2025-08-10,71513.90566464383,67985.83150528332,907.7098159707829,58.22852246010734,53708.54655967892,335.36765323914636,1492.6117044369523,2985.2234088739046,-1157.244051197806,7240.117246917698,59791.41975539881,1333.1548548155188,1500.0191783657094,17792.188724204294,14261.494975410304,3800.553860953316,1604.4009221833346
222,2025-08-11,73758.0566457808,73807.2779479403,34.42224988223927,4127.546765301557,51976.11890468765,1925.2747244015914,380.08298654285693,760.1659730857139,1545.1917378587343,301.2896660606148,53822.600308607005,1500.0191783657094,2389.6946593774537,22906.27455935303,17753.37446016539,1954.3996906379436,1021.841228010054
223,2025-08-12,76290.36794598034,75367.47173430272,33.977614330752886,3780.221428620134,55846.79228013611,2172.501323854187,696.151049815558,1392.302099631116,1476.3502740386289,275.12089637228183,57598.26345054702,2389.6946593774537,2705.5154540503127,18823.397656882968,14962.713386869636,3227.160043938584,1420.3181577669538
224,2025-08-13,67060.64924340938,69606.09445142266,63.87434588125541,469.5870340517529,49584.5309477798,2725.495800543599,2.359417255427954,4.718834510855908,2723.1363832881716,535.0696086790231,52842.73693974699,2705.5154540503127,2278.746974571074,18228.915498860395,15149.513185608237,2559.3568663589535,910.8580174366275
225,2025-08-14,68998.64215328905,73486.10668917162,87.1681227669302,4007.6664803829317,50983.93149059474,4718.314795368496,54.54162002573359,109.08324005146719,4663.7731753427615,748.1665775729035,56395.8712435104,2278.746974571074,2016.9586042567962,20394.35200792178,16755.034659699493,4804.034542957732,1627.3132184818987
226,2025-08-15,41367.067236892224,40905.63975829771,0.0,20735.04307460054,23378.11623061038,714.1296517420723,326.4000417194467,652.8000834388934,387.7296100226256,0.0,23765.845840633003,2016.9586042567962,2223.615329637467,14867.782881690655,11856.913081326824,1475.6483972481979,564.443258966804
227,2025-08-16,41401.87537733963,39941.3044607115,19.126537623472018,19814.698247008426,23281.38388131445,1221.542577879476,847.1266596128719,1694.2533192257438,374.41591826660397,44.84216745823014,23700.64196703929,2223.615329637467,2087.7686623041345,17572.180975052004,14355.728590392124,4142.782100038148,1254.3075189060305
228,2025-08-17,72115.87292157562,69669.77371388735,846.9485254204043,3867.3620953143636,50609.708802955705,1724.926671099587,794.965259338033,1589.930518676066,929.961411761554,7227.620911404091,58767.291126121345,2087.7686623041345,1623.493455909655,20535.864279377678,17051.897752050954,4647.437635455515,1369.9408163712287
229,2025-08-18,73157.06715390732,74496.24922334703,39.71623114674037,5002.908072517041,53452.48534726426,1685.4756551428945,42.46742428501052,84.93484857002105,1643.008230857884,334.7085379891545,55430.2021161113,1623.493455909655,2921.9458687652805,20896.497861789496,15757.556096479433,1829.364739327817,604.2926426659753
230,2025-08-19,71201.02226942273,67884.35766581015,69.12587853527532,1301.2075244272105,52518.4022648884,46.87252324225147,1167.1218726516568,2334.2437453033135,-1120.2493494094053,590.7301445906238,51988.883060069624,2921.9458687652805,1573.1287512164597,18676.586187958725,16341.970218040511,3354.9563596098496,1182.7460470657406
231,2025-08-20,80023.9693795233,75231.73317062945,136.12504478485073,805.0456096480941,57123.917978030506,745.4146039847003,1563.2146714186374,3126.429342837275,-817.8000674339373,1129.5247533979882,57435.64266399456,1573.1287512164597,1233.4784454804503,22198.983232957675,18286.86169385813,5760.1376466124075,1811.6862060802043
232,2025-08-21,74304.29009565922,69620.77434636831,222.17514343246242,134.77408147908568,53098.309169662156,981.7317936613221,1406.4387359268778,2812.8774718537557,-424.7069422655559,994.3955585614583,53667.99778595807,1233.4784454804503,1326.3177925885554,19895.797434689855,16032.040509701494,6032.119635786878,1733.6826671473186
233,2025-08-22,41758.23468736331,39831.31352428241,778.2143707707498,16372.005900448079,23615.246511656653,0.0,738.9855725507366,1477.9711451014732,-738.9855725507366,4821.0019584579095,27697.262897563825,1326.3177925885554,1517.749089706823,14919.286458940196,11912.33386433512,1926.9211630809011,738.9855725507366
234,2025-08-23,39289.30070001382,39800.22726533793,23.132336880679162,14630.518995200608,21390.468289675628,516.9782602798455,0.45800934299983603,0.9160186859996721,516.5202509368456,151.60933591597123,22058.597876528445,1517.749089706823,1292.8190213782464,15080.376413230117,12417.541956212113,513.7210091496229,172.78409610294835
235,2025-08-24,68212.96529832002,65782.02572068859,2491.698461582685,678.6142925575069,50497.32010586889,1816.0074607293857,1308.0859156699007,2616.1718313398014,507.92154505948474,20596.517778633966,71601.75942956234,1292.8190213782464,1398.7580042749619,19821.97537775468,15960.454971374245,5173.436742816675,1913.4217359130294
236,2025-08-25,94308.25847240194,79464.5522954199,18.882184341214156,4179.049607828763,67534.5989124435,493.87864549640295,5126.588559430082,10253.177118860163,-4632.709913933679,156.90151078331903,63058.79050929313,1398.7580042749619,1952.4326958343845,21226.266488748508,16694.968633482815,15243.142226129647,5291.21477459555
237,2025-08-26,72389.36293050152,73143.15327599202,0.0,3396.678475765446,53162.510205494895,629.6843006273142,158.47236289957667,316.94472579915333,471.2119377277375,0.0,53633.72214322263,1952.4326958343845,2402.8567688475027,20064.603953586586,15846.947536693326,1344.7893795005161,368.3671297753481
238,2025-08-27,72104.58753623447,79635.81955866178,0.0,8267.517427097699,52344.706638382384,6765.480327468577,171.6016888538198,343.2033777076396,6593.878638614758,0.0,58938.58527699714,2402.8567688475027,1761.5171224126445,21217.678666783137,17763.525401885716,8241.470869083863,2426.7617980100126
239,2025-08-28,70190.02371960458,76857.92659161336,403.8222806680601,2907.328445714797,50187.404418577935,7517.044500075215,154.59571383238233,309.19142766476466,7362.448786242832,2469.735068395991,60019.58827321675,1761.5171224126445,1424.1812969856576,20474.882558513593,16888.2571152803,7235.575027707758,2660.2772138574537
240,2025-08-29,45204.89245363437,42396.07691971947,0.0,16308.246216294732,25245.68801195468,0.0,994.3312972709361,1988.6625945418723,-994.3312972709361,0.0,24251.356714683745,1424.1812969856576,1981.4367683063913,15953.054890716186,12420.444537291452,2808.815533914908,994.3312972709361
241,2025-08-30,41866.28009094211,40978.99409288337,105.84606851292162,20054.515445289682,23261.570001071977,0.0,301.2640748696516,602.5281497393032,-301.2640748696516,220.68640907706964,23180.992335279392,1981.4367683063913,1242.0145697758276,16753.07821816205,14235.473335388771,887.2859980587444,301.2640748696516
242,2025-08-31,68983.61026227858,71613.42128064067,217.97002507628383,344.04645038862986,50322.92691616801,3496.052187428266,138.97972516721222,277.95945033442445,3357.0724622610533,1852.5600652193768,55532.55944364844,1242.0145697758276,2158.679515584091,21135.385898776643,16294.664126781649,3423.187499978837,1304.3304543099675
243,2025-09-01,80837.67298318165,68648.85370178164,0.0,6876.150686166734,51176.3781543318,536.7736825554573,3466.3120485058453,6932.6240970116905,-2929.5383659503877,0.0,48246.83978838141,2158.679515584091,6814.262981090273,21097.596649084386,12899.028166802796,13250.633098364695,3645.2366093576643
244,2025-09-02,64213.088198132406,69066.34402985143,0.0,12253.262492027365,42378.94633317011,4162.93758908081,27.15027744863105,54.3005548972621,4135.787311632178,0.0,46514.73364480228,6814.262981090273,6235.5912988590235,17242.79053595889,14487.464848134823,5164.7046501811255,1414.7961404755679
245,2025-09-03,67252.06802855684,62744.99270092699,0.0,4557.3876770302795,45448.02547591404,340.2130934476621,1369.590361097356,2739.180722194712,-1029.3772676496937,0.0,44418.64820826434,6235.5912988590235,5368.901339211769,17999.519671469658,15359.631897572948,4845.421690180243,1482.9947255799102
246,2025-09-04,65819.45106407467,62005.78162840624,0.0,4574.3469800288585,44447.439691016174,725.3539747716828,1294.2325173279155,2588.465034655831,-568.8785425562328,0.0,43878.56114845994,5368.901339211769,5128.708909323104,19589.696238301014,16083.827139923626,4583.641877997158,1536.0171755851431
247,2025-09-05,34142.38332868072,32889.384815304526,0.0,23222.984566343905,16874.119243816323,470.9029678605959,509.84239241582344,1019.6847848316469,-38.93942455522756,0.0,16835.179819261095,5128.708909323104,5036.814019873112,15393.915698941837,12551.777116647883,2056.917651100062,666.8100483693554
248,2025-09-06,34450.31272925406,34975.00272913506,0.0,23573.35707223317,16897.253937036156,1267.7374260702368,97.40163042608492,194.80326085216984,1170.3357956441519,0.0,18067.58973268031,5036.814019873112,5632.020226892905,16551.980897810936,12871.418940909047,1202.5801974063545,519.9807724494972
249,2025-09-07,60357.4350541898,66478.39780704098,0.0,7949.441695161309,40122.780155675966,5382.102839671466,0.0,0.0,5382.102839671466,0.0,45504.882995347434,5632.020226892905,5439.220743813038,19692.063315709922,16124.090820496915,6120.962752851165,1794.0342798904885
250,2025-09-08,59129.52922921531,59975.406403093686,677.0258692253087,1616.9085708122384,38417.42887030619,1585.6712337245044,178.39410981735105,356.7882196347021,1407.2771239071535,3228.4581939880813,43053.16418820142,5439.220743813038,1200.0,18185.54125055347,18545.587082380047,2555.5527539705927,706.9511877255193
251,2025-09-09,55816.76296099569,60272.69423478108,534.7223765375306,3706.8816858076993,36379.46764993832,4107.332083600263,0.0,0.0,4107.332083600263,2579.375370513451,43066.17510405203,1200.0,1200.0,21040.52978339079,17042.829124546544,4455.931273785386,1369.110694533421
252,2025-09-10,65716.45621689543,61789.18195765949,3551.3195087447366,300.3136438776713,41613.53667509725,379.6178339182493,992.3564889923754,1984.7129779847508,-612.738655074126,21646.566410641164,62647.36443066429,1200.0,1200.0,19600.99564487669,15876.80647235012,4578.700448253588,1118.8957669651252
253,2025-09-11,63089.47039355451,56926.27184549888,1637.3211765113247,910.9835380603887,39575.98225228429,3018.508073806829,2210.606986934915,4421.21397386983,807.9010868719142,8207.046736767872,48590.93007592407,1200.0,1371.3560943152368,21064.75376701457,16908.230066398086,11916.79410667551,3216.776344870525
254,2025-09-12,32992.08852005658,33056.410060431226,0.0,18039.530185259922,14506.22903384348,570.3969931550405,158.1561134674123,316.3122269348246,412.2408796876282,0.0,14918.469913531108,1371.3560943152368,1556.0150171502241,17363.319182209547,13898.095507038244,767.7439175313131,348.28844451909254
255,2025-09-13,32287.384347724495,32643.07470858845,0.0,21693.496754160704,14090.579985423776,835.431958172574,153.0407053521621,306.0814107043242,682.391252820412,0.0,14772.971238244187,1556.0150171502241,1396.4665967983892,16242.473944268786,13299.99747317437,1062.4957042803749,431.51802474302013
256,2025-09-14,68588.06132291452,63024.58692582316,2359.5640958418135,1613.0506313318995,44189.80966772087,0.0,2105.8250835482254,4211.650167096451,-2105.8250835482254,13102.697936957406,55186.682521130046,1396.4665967983892,1200.0,20255.76619711386,16583.990556780776,5563.474397091373,2105.8250835482254
257,2025-09-15,59044.19737498762,60973.85812847863,467.8052762797211,1365.428923916203,38349.91360664238,2417.348624719624,0.0,0.0,2417.348624719624,2528.6142197724503,43295.876451134456,1200.0,1832.8313944406002,23366.60838164355,18357.404534134737,1929.6607534910067,805.7828749065412
258,2025-09-16,71567.99148536213,68217.95469138699,13.092750000000137,5138.155345225892,45456.19841513397,1170.7462677291037,1294.4454904950585,2588.890980990117,-123.6992227659548,88.18761655000094,45420.68680891802,1832.8313944406002,1285.5475661620444,21545.67135936034,17944.54924653258,4822.681590641294,1684.6942464047595
259,2025-09-17,67078.58414350408,66793.40197298997,0.0,2720.8397092273835,42854.54451905413,1992.0120096306173,533.688815195113,1067.377630390226,1458.3231944355043,0.0,44312.867713489635,1285.5475661620444,1380.3832093825974,21195.219920337404,17082.776056574803,3115.729523876218,1197.6928184053186
260,2025-09-18,58455.214652039765,68394.66331876913,451.62834452588027,5874.656315833112,37157.18332261351,8379.366716713821,0.0,0.0,8379.366716713821,2524.284727986471,48060.834767313805,1380.3832093825974,1219.8493932644467,21895.077185797814,17879.492955002563,9939.448666729371,2793.122238904607
261,2025-09-19,33811.24036038961,34483.862344959096,86.9511233755272,14200.20429534953,15330.096888321788,987.7850714208676,105.35073551304369,210.70147102608738,882.4343359078239,176.16668967936755,16388.697913908978,1219.8493932644467,2221.158716745111,17726.728764135958,13457.47190781753,1361.1367537652957,434.61242598666615
262,2025-09-20,32366.237753447494,31914.82410433946,767.5178395658802,14133.762527229952,14254.533455588204,404.9860672628911,288.85000465688404,577.7000093137681,116.13606260600704,2160.49285834491,16531.16237653912,2221.158716745111,1702.979049881825,17734.24938694221,14831.10370360015,1334.2445504763398,423.845360411181
263,2025-09-21,67002.57115617074,67974.25853644148,8.44500000000005,5392.424630484868,43036.10754384707,836.4244780009531,0.0,0.0,836.4244780009531,58.02559500000035,43930.557616848026,1702.979049881825,1984.9124820610004,21310.796492958074,17008.00507033478,971.6873802707454,278.808159333651
264,2025-09-22,72776.99109484846,65562.98613337876,0.0,1270.6726745137166,47685.30263520906,589.7203560195121,2329.8985704471697,4659.7971408943395,-1740.1782144276576,0.0,45945.1244207814,1984.9124820610004,1633.0778107478639,21026.025156387084,17347.731580855365,8186.468038280971,2526.472022453674
265,2025-09-23,72912.02885063115,70240.38741353981,0.0,3123.6647631241626,47182.026942573335,201.83049903292937,898.3951885008966,1796.790377001793,-696.5646894679671,0.0,46485.46225310536,1633.0778107478639,2444.8856665065005,22470.94735210289,17470.840285020568,2866.178059124576,965.6720215118729
266,2025-09-24,59568.967580877885,62856.06205913225,1135.6359443410663,185.06258123735438,39023.62133390174,2876.503858631378,0.0,0.0,2876.503858631378,7550.936472539113,49451.06166507223,2444.8856665065005,1453.8514442517865,19133.374327711623,16389.96400547566,3287.094478254362,958.8346195437928
267,2025-09-25,66677.71407528994,68979.78139079252,16.51470000000006,4457.646162520624,43520.225146286255,1914.0352566694448,51.784730506239875,103.56946101247975,1862.250526163205,111.1026442500004,45493.57831669946,1453.8514442517865,1584.3013730031685,21504.18995997706,17300.988931705175,2676.0848892752038,689.7964827293881
268,2025-09-26,35641.173093687205,34152.453701794344,0.0,12751.366271808762,15712.12949141321,368.79227997569524,563.2797752560359,1126.5595505120718,-194.48749528034068,0.0,15517.641996132868,1584.3013730031685,2063.6725634467557,17238.999255717692,13532.155325732107,2253.0117732796843,686.2105352479343
269,2025-09-27,33387.68143532613,34936.19720887608,0.0,14348.561777077663,15114.84506257081,1536.7830457718755,28.532379441025515,57.06475888205103,1508.25066633085,0.0,16623.095728901662,2063.6725634467557,1468.7114928035503,17483.148133564766,14696.814951766348,1743.8440022761422,540.7933946983173
270,2025-09-28,66379.56127207412,73384.39393400954,5.868333333333339,5154.11023117441,43661.188025644406,6658.831474632489,0.0,0.0,6658.831474632489,40.07191416666671,50360.09141444356,1468.7114928035503,2335.1056025416324,20888.25353019748,16139.730660695683,7004.832661935422,2219.610491544163
271,2025-09-29,72706.69232346643,65480.713160246596,1560.067191179605,848.2200732870423,47475.644623360655,252.00522047639026,2312.95878295722,4625.91756591444,-2060.95356248083,9960.185732675198,55374.87679355503,2335.1056025416324,1703.870384991238,21056.738810181665,17624.070132042507,7527.969928739912,2396.9605231160167
272,2025-09-30,72000.25181059037,72061.80874605729,874.1507124488097,2116.3093104639265,47238.18809346894,1051.5948033204581,276.89496692097634,553.7899338419527,774.6998363994819,4889.8346095670895,52902.722539435505,1703.870384991238,2477.003433290672,24745.555988979017,19348.080607603515,1611.0044861934823,627.4265680277958
273,2025-10-01,66348.6769782535,65205.44837162669,12.237582190484673,9196.680601134185,40681.71769839517,1696.5544154618187,442.10650041472474,884.2130008294495,1254.4479150470943,58.52350637042214,41994.68911981269,2477.003433290672,4538.697931003696,23705.046165305008,17345.56234595534,3881.9104037767565,1007.6246389019975
274,2025-10-02,68771.07398216958,61838.93571036911,0.0,6488.292900782742,43179.131569498364,1049.0353465811334,2473.0197599075036,4946.039519815007,-1423.9844133263705,0.0,41755.147156171995,4538.697931003696,4397.456748472145,19720.93030104265,16101.070608122942,8564.654962144537,2822.6982087678816
275,2025-10-03,29715.703661328975,30750.97266332305,0.0,19544.626878381423,12344.286596850412,1045.4315746659943,3.8324887724014594,7.664977544802919,1041.5990858935927,0.0,13385.885682744005,4397.456748472145,4492.770859702998,17386.365183336122,13997.173098394493,1058.5668060816229,352.3096803277329
276,2025-10-04,31721.60448686807,32211.979002635686,0.0,16136.313869727921,13994.386048430337,823.5333925438617,93.10039887809006,186.20079775618012,730.4329936657717,0.0,14724.819042096107,4492.770859702998,4327.397297814597,16465.888975126283,13486.20627555185,1094.2423505123772,367.61152972604395
277,2025-10-05,67812.91228335476,58609.79784283493,253.2557757182168,674.1811678668267,42315.89769312895,1270.598413889148,2675.992083103019,5351.984166206038,-1405.393669213871,1354.6205587156492,42265.124582630735,4327.397297814597,3815.1671740028646,20599.57102868535,17146.659644665688,11305.03714525282,3099.524887732736
278,2025-10-06,60877.83091853079,64619.69189469044,20.44752097402529,2339.4401131504965,39900.99246798518,3169.949657039703,0.0,0.0,3169.949657039703,97.95384922606816,43168.895974250954,3815.1671740028646,4277.395469340115,21850.445193212836,17282.85514069887,3741.8609761596504,1056.649885679901
279,2025-10-07,64826.93666657624,65561.20353118103,0.0,3449.651269057523,40226.46196400091,4055.943798163128,536.6230238842318,1073.2460477684635,3519.3207742788964,0.0,43745.782738279806,4277.395469340115,4718.068766838568,20754.648917762617,16414.659655639112,5360.0638820661625,1888.6042899386077
280,2025-10-08,57612.47126898552,57130.63080902424,661.5355709018306,385.3665294243874,35262.97116709856,3037.769470617291,615.8207343142751,1231.6414686285502,2421.948736303016,3589.228926131186,41274.14882953277,4718.068766838568,1758.1139713846756,18906.649998650108,17978.345814815093,4896.770123970092,1628.4105578533722
281,2025-10-09,69660.18933531534,58079.88629766488,1468.5688686024039,202.63350519555024,42460.9568084706,49.21717044607742,3124.1626419429003,6248.325283885801,-3074.945471496823,9050.356083593537,48436.36742056731,1758.1139713846756,1200.0,21516.539747287454,17930.699769549043,11645.402420398885,3140.568365424926
282,2025-10-10,31131.559969070222,31988.515758418227,49.32217836531788,19196.871228991793,12151.953390926847,1214.72260414106,83.69172073957319,167.38344147914637,1131.0308834014868,91.29667580212568,13374.280950130456,1200.0,1288.0754678279104,17989.9361583156,14492.580367190512,1399.1184497333452,488.59925545325984
283,2025-10-11,31977.415084330045,33285.648785854246,0.0,15099.858494398144,12384.537905191819,1351.5046332232914,0.0,0.0,1351.5046332232914,0.0,13736.04253841511,1288.0754678279104,1679.2617490581365,19617.942394818798,15538.465686696029,1308.2337015242017,450.5015444077638
284,2025-10-12,63605.65734465576,64758.48485240972,858.6202899426594,3355.4355300539296,37521.160433578385,2569.47863256307,211.78823512977502,423.57647025955004,2357.6903974332945,5126.216820954948,45005.06765196663,1679.2617490581365,1200.0,21989.732647986537,18243.01901902142,2305.7414071870435,1068.2811126507984
285,2025-10-13,68576.2895981042,62916.116388678594,4.271556282989799,683.6880837085348,42033.989644007524,1091.4001739487946,1698.043926290503,3396.087852581006,-606.643752341708,22.62856940913846,41449.97446107496,1200.0,2176.9798295796722,22789.59323490183,17580.288673648778,7436.042409334632,2061.843984273434
286,2025-10-14,69997.46502468026,61886.08336568557,2491.7494935727927,344.89758261002373,43497.82074073711,1683.2532946871384,2564.827704759665,5129.65540951933,-881.574410072526,16025.208200070894,58641.45453073547,2176.9798295796722,1757.5469321221747,19139.976847509293,15880.87085419428,10754.85284512055,3125.9121363220443
287,2025-10-15,74090.40579454124,66435.62419243393,1186.6278029661817,269.89042463222313,45866.12677056946,344.69773756413406,2551.7620602183606,5103.524120436721,-2207.0643226542265,7406.230263342033,51065.29271125727,1757.5469321221747,2726.8299466204703,23999.9116195759,18567.573698808013,8192.350560152105,2666.6613060730724
288,2025-10-16,67220.85111578097,68325.76718831778,277.9291558613786,2040.5851875677686,42275.04722611859,2059.5442925847665,92.22052943665646,184.44105887331293,1967.32376314811,1318.1308473386512,45560.501836605355,2726.8299466204703,2035.7529683794182,22203.19730014916,18606.559093537773,1866.9031257250517,778.7352936315787
289,2025-10-17,31007.63565820681,32428.099752236212,0.0,13334.384903643635,12312.614214490059,1452.590826761754,3.0182254669091098,6.0364509338182195,1449.5726012948448,0.0,13762.186815784904,2035.7529683794182,1597.220385054224,18337.867667992556,15248.352136066645,1435.6329618113286,487.2151677208271
290,2025-10-18,33877.64624661543,33493.32719069878,0.0,13344.743441808008,13696.064655656985,326.502306488217,191.1552860219516,382.3105720439032,135.34702046626535,0.0,13831.411676123249,1597.220385054224,1934.453856322907,19834.107147801533,15762.116665577429,1103.5952760629955,299.9893881846906
291,2025-10-19,69057.07983916445,69535.46187505736,286.63623449988904,1885.7670526515249,43778.41578670549,2339.3756087365196,459.161139449124,918.322278898248,1880.2144692873958,1504.3798413343598,47163.01009732725,1934.453856322907,1507.461608726972,23341.587086361815,19290.978562789416,3132.66912392028,1238.9530090279636
292,2025-10-20,76232.53585962171,73508.92095345106,0.0,4605.647485487636,49379.14841616178,439.7164577676444,1327.224507393621,2654.449014787242,-887.5080496259766,0.0,48491.6403665358,1507.461608726972,1804.140808174906,22081.472746282227,17618.98164498546,3417.1562125935016,1473.7966599828358
293,2025-10-21,75375.82276487087,76373.20973054646,0.0,4795.763056334136,48759.70316426219,875.1931095774432,35.927864236543016,71.85572847308603,839.2652453409002,0.0,49598.96840960309,1804.140808174906,2749.3153278326863,22443.201350106967,17328.33602589464,1145.1503898112665,327.65890076235746
294,2025-10-22,69133.54430998156,68167.43207087372,464.95340191956717,586.6471188584379,45202.75143995508,25.001976156130045,438.576198648575,877.15239729715,-413.5742224924449,3001.9022859706743,47791.079503433306,2749.3153278326863,1200.1960904013633,20447.626145384438,17956.784491449587,1000.0109255103057,446.9101907006184
295,2025-10-23,80991.70848706167,66549.85932704771,1280.2833215857427,199.32692824634387,51564.724453469695,1243.823077461398,5054.708066045429,10109.416132090859,-3810.884988584032,7278.962925231596,55032.80239011726,1200.1960904013633,1270.0126058424787,22044.65170082511,17793.33301377134,16308.91166214661,5469.3157585325625
296,2025-10-24,33849.31305476453,34160.11107871607,0.0,11905.119245670896,14173.569125915887,143.81038355577437,0.4728764973294606,0.9457529946589212,143.33750705844488,0.0,14316.906632974331,1270.0126058424787,1783.1005150280598,17753.484200586812,13918.543084208302,313.0595088742182,48.40967101592092
297,2025-10-25,34044.77546851859,33593.01902344247,355.6186050457283,10860.271177479299,13955.23445166615,14.577784990351239,176.25026533955344,352.5005306791069,-161.6724803492022,1633.6006399099463,15427.162611226895,1783.1005150280598,2022.3074696828946,18287.61820255906,14597.68448488349,551.0263462701951,181.10952700300385
298,2025-10-26,73665.17306834734,67306.79621218955,1447.1661051422016,538.60959818244,47273.31563383617,45.85695138104405,2411.320262649343,4822.640525298686,-2365.463311268299,9277.238135734433,54185.09045830231,2022.3074696828946,1369.1937203862321,22414.96356236661,18743.922859883955,6512.233428481375,2426.605913109691
299,2025-10-27,70094.9294212881,76638.7451788123,0.0,8132.277488648697,44898.03346987987,6499.068174383276,0.0,0.0,6499.068174383276,0.0,51397.101644263144,1369.1937203862321,2189.6818871008236,22186.561439230616,17232.67541573367,6543.815757524195,2166.356058127758
300,2025-10-28,69314.29296964045,72442.39965789631,0.0,2773.5473448739435,44281.03250493611,6421.581768180155,716.7233080804855,1433.446616160971,5704.85846009967,0.0,49985.89096503578,2189.6818871008236,1769.9494961830121,21443.10402551789,17746.673412495522,6583.635073419515,2857.2505641405373
301,2025-10-29,77121.58191403362,77641.00745751716,0.0,4412.379426746005,50242.16201437594,2457.9691880178025,356.3215300529496,712.6430601058992,2101.647657964853,0.0,52343.809672340794,1769.9494961830121,1428.3919000889473,22230.384564504326,18314.013333733164,3021.733179408129,1175.6445927255504
302,2025-10-30,67572.89723947132,70481.368821449,0.0,594.7099431423218,43907.52777559562,3539.462281965295,59.74045291882267,119.48090583764534,3479.721829046472,0.0,47387.249604642086,1428.3919000889473,2094.83679197614,23679.162240043213,18580.32101173654,3411.8102262847906,1239.5612135739211
303,2025-10-31,36189.27014350798,35145.31020540098,0.0,7845.110717708876,15412.308332587825,0.0,338.7720429093577,677.5440858187154,-338.7720429093577,0.0,15073.536289678466,2094.83679197614,2030.7542022075493,18176.746062195696,14780.838641170252,1043.959938107003,338.7720429093577
304,2025-11-01,34439.74989207266,34090.26870124277,0.0,8192.901342118186,14105.711543314226,0.0,121.74327857313875,243.4865571462775,-121.74327857313875,0.0,13983.968264741086,2030.7542022075493,1748.0065081373295,18988.430791865547,15635.101866074296,349.48119082989047,121.74327857313875
305,2025-11-02,72408.15195825015,79122.73701429024,0.0,6249.76724758723,47574.344758010775,6834.441957621278,7.199674123197925,14.39934824639585,6827.24228349808,0.0,54401.58704150885,1748.0065081373295,1613.2002696209097,22094.27077912872,18017.68494575905,6743.724686205815,2285.3469933302904
306,2025-11-03,82801.01216143763,80679.9147009934,0.0,4641.43477100876,54780.55432874846,41.73607420808089,818.9759782127923,1637.9519564255845,-777.2399040047113,0.0,54003.31442474375,1613.2002696209097,3917.249190032661,23473.187464635455,16939.637817984152,2248.5707211879917,832.8880029488192
307,2025-11-04,72881.1539933511,76264.8030923842,0.0,6587.971487860596,48748.750446060345,3542.8225538148263,16.909713991520256,33.81942798304051,3525.912839823306,0.0,52274.663285883646,3917.249190032661,2231.055780068473,19022.80863241078,16926.049061220503,3514.531783012184,1197.850565263129
308,2025-11-05,82240.7627249909,75400.4774305418,0.0,956.8409449809069,56472.14061707006,153.09237026877076,2802.108984134379,5604.217968268758,-2649.0166138656086,0.0,53823.12400320445,2231.055780068473,2923.70768626798,21801.208964814046,17035.592545919822,7267.03318839807,2853.1397742239697
309,2025-11-06,74851.63468451265,79493.93286835564,0.0,5501.930773622942,50365.730131485856,5594.68050414575,11.724037624002596,23.448075248005193,5582.956466521748,0.0,55948.686598007596,2923.70768626798,1469.0601097847648,20692.63349246102,18070.21594772832,4718.4217827954,1876.6175390059193
310,2025-11-07,35016.88178055429,35393.855601608084,0.0,7933.683428114409,14443.717785469973,481.4190934351265,55.34216274437304,110.68432548874608,426.0769306907535,0.0,14869.794716160726,1469.0601097847648,1800.9794333454538,20226.226310293336,16084.515920132988,736.543731857777,215.81519388941518
311,2025-11-08,36674.17310427828,36688.246056328535,0.0,8979.90972123446,15134.131608732552,51.57099444515751,16.277168004812296,32.55433600962459,35.293826440345214,0.0,15169.425435172896,1800.9794333454538,2085.7321261587513,19267.64111348478,15350.51187839071,104.93245799971874,33.467499486531466
312,2025-11-09,79646.56105238956,79237.65659015931,0.0,3558.4736087490965,52948.33048036859,327.5769595857514,190.6276341917777,381.2552683835554,136.9493253939737,0.0,53085.27980576256,2085.7321261587513,2269.850463738465,21929.78575923763,17597.41996116074,960.6218681624205,299.8199540536948
313,2025-11-10,82112.72496725435,85575.2431250413,0.0,6067.414727096701,55304.15558216473,4011.6671722269757,24.515952047785902,49.031904095571804,3987.1512201791897,0.0,59291.30680234391,2269.850463738465,3544.5590793673623,23695.5133888347,18046.128090890103,3586.870863261999,1361.7383427901113
314,2025-11-11,81241.657917564,79209.75088078578,0.0,5078.360974045772,55459.533336857006,474.64416420219,1004.6264122127791,2009.2528244255582,-529.982248010589,0.0,54929.55108884641,3544.5590793673623,2147.9344479115034,20154.381096755926,17582.010856682573,2822.0736104070884,1162.8411336135093
315,2025-11-12,79386.53009690545,83263.51764832163,0.0,8137.496680982458,53119.13375302531,4962.338180656834,28.198863415309063,56.397726830618126,4934.1393172415255,0.0,58053.273070266834,2147.9344479115034,2266.467503402117,21386.070881040163,17216.037663700976,3999.0726019750873,1682.3115903009202
316,2025-11-13,76815.00864667748,78457.0036016147,671.0563163215903,2688.108464373866,52087.032848931005,2673.8943536113406,145.95106578094808,291.90213156189617,2527.943287830393,4369.583203728035,58984.55934048944,2266.467503402117,2426.9731171572,20524.342550085286,16480.26241318952,2451.2259391981847,1037.249183651395
317,2025-11-14,38349.248083420665,38912.36531666596,0.0,6518.129487909378,16020.13387584795,653.6299887712701,46.007684062288426,92.01536812457685,607.6223047089816,0.0,16627.756180556935,2426.9731171572,3696.383775253326,19227.952297210868,14432.171768454293,781.8036115205914,263.8843469860451
318,2025-11-15,37966.83823576264,35871.50289949888,0.0,5962.094220806329,16077.032303018932,0.0,412.2423497392509,824.4846994785019,-412.2423497392509,0.0,15664.789953279682,3696.383775253326,1863.1616551853472,17618.00878993193,15920.487027906038,2095.3353362637563,412.2423497392509
319,2025-11-16,79260.15571635724,83533.51640966475,0.0,4380.175891639326,53479.15594908896,5849.247273162073,101.71131314442755,203.4226262888551,5747.535960017645,0.0,59226.69190910661,1863.1616551853472,2277.2213714603954,22874.433631813496,18155.63749712139,4979.848672421727,2051.4604041984517
320,2025-11-17,76613.08382676714,83496.29427683295,0.0,6378.348421942806,51812.24340231092,7826.939964138913,0.0,0.0,7826.939964138913,0.0,59639.18336644983,2277.2213714603954,2378.207734609312,22796.33576169894,18374.144240142115,6883.210450065832,2608.9799880463042
321,2025-11-18,79690.19717830606,77685.56852112272,391.61677866418955,258.7693551757743,55387.53693402928,1305.42856610066,1310.181089896197,2620.362179792394,-4.752523795536945,1979.8107897854761,57362.59520001923,2378.207734609312,1323.8662047868827,20404.060463778966,17476.196352501152,3774.9942744929454,1745.3239452630837
322,2025-11-19,79147.62114337727,86394.38429545978,1.3850000000001046,4818.291077633991,55209.01409690207,9053.995958696734,7.195294434140709,14.390588868281418,9046.800664262593,7.02818250000053,64262.84294366466,1323.8662047868827,3485.5472527089214,22440.282498399756,16231.115880573965,7275.197431608847,3025.193947333052
323,2025-11-20,78141.59454503981,81147.83416209245,0.0,1853.0970427176692,53190.2030083484,3897.307230417661,131.15030658292508,262.30061316585017,3766.1569238347356,0.0,56956.359932183135,3485.5472527089214,3615.7431088654916,23076.23587105546,18574.57478501401,3889.5287684624723,1430.2527167221454
324,2025-11-21,33956.22951514729,37016.39168180575,0.0,6263.525690714203,14710.085258419651,1783.6243228948504,48.5091790873037,97.0183581746074,1735.1151438075467,0.0,16445.2004022272,3615.7431088654916,2052.956934809868,17342.049900394464,15453.56797596958,3312.0492317252374,643.0506200522539
325,2025-11-22,40750.156352054495,38013.758002163035,0.0,4625.716872421887,16793.89092154035,0.24817289891504332,494.5834188440553,989.1668376881106,-494.3352459451403,0.0,16299.555675595213,2052.956934809868,1314.5197916212487,20172.6582909346,17004.446644526783,2737.399854729697,494.6661431436936
326,2025-11-23,81393.93700240938,85333.51808105272,0.0,3622.0943379147193,55470.77752552935,5582.766823787184,101.71220272193096,203.42440544386193,5481.054621065253,0.0,60951.83214659461,1314.5197916212487,3446.3383234855346,24003.635690141185,17524.308230336504,4367.794821183785,1962.634477317659
327,2025-11-24,76881.92932252286,78666.81253963003,2.7908298078466487,633.1373991063826,53047.737623048684,2774.2327749257784,127.34577747492142,254.69155494984284,2646.886997450857,14.743953874853844,55709.36857437439,3446.3383234855346,3038.7151006759423,22323.06932031642,18448.54704998493,2382.503034713754,1052.0900357835144
328,2025-11-25,88893.18936112481,83000.17540428916,0.0,2377.4450331171693,63027.800419091625,0.0,2653.8954564018486,5307.790912803697,-2653.8954564018486,0.0,60373.904962689776,3038.7151006759423,3287.536091035939,22263.847437796478,17809.777533291155,5893.013956835653,2653.8954564018486
329,2025-11-26,84634.23181595973,85042.29088954118,8.25818912090233,2735.915582617799,59446.59690363681,1505.1296000238976,223.63104640121077,447.26209280242153,1281.4985536226868,44.48686479430085,60772.5823220538,3287.536091035939,4464.526737433715,23671.97384712092,18115.00723440995,1645.6751749562222,725.3409130758433
330,2025-11-27,81408.78345223612,83516.69206292798,0.0,2927.133973619394,56838.89572362785,3120.0668021994434,112.90044269163621,225.80088538327243,3007.166359507807,0.0,59846.06208313566,4464.526737433715,4991.385147817724,22813.119929629698,18004.454573654446,2683.932843775786,1152.9227100914509
331,2025-11-28,35161.82811113013,36096.97891421184,0.0,3532.838024895538,14911.072944628471,598.089993220996,2.025792556433162,4.051585112866324,596.0642006645629,0.0,15507.137145293034,4991.385147817724,2979.4664369354,18176.995679528434,16534.09334021213,958.923582644554,201.3891236300985
332,2025-11-29,47108.64751499926,39774.657944318125,0.0,2385.1319556160925,19908.034486208024,0.0,1775.0251509950094,3550.050301990019,-1775.0251509950094,0.0,18133.009335213013,2979.4664369354,1551.402337310239,19712.281991393014,17252.206102690987,7333.98957068114,1775.0251509950094
333,2025-11-30,84647.85853976438,87128.7539592094,0.0,707.9722979662739,59002.694959337794,4868.100043677505,240.04886722861397,480.09773445722794,4628.051176448891,0.0,63630.746135786685,1551.402337310239,3099.712089682014,25170.919828641345,18994.966284064893,3953.614225429723,1862.748881787782
334,2025-12-01,91301.96057133636,94800.548359795,904.3477006553318,1943.9821984594848,67286.68663491195,6891.644236087517,246.98127419903489,493.96254839806977,6644.662961888482,5925.296911078012,79856.64650787845,3099.712089682014,5706.378867850932,26926.24225423942,19464.256125581902,5018.437548498456,2544.1960195615407
335,2025-12-02,90042.67302212675,92715.46565500472,291.2922205063243,1867.8936953279697,69209.74953636294,7093.288606625161,650.3975298947234,1300.795059789447,6442.891076730438,2018.142263089456,77670.78287618283,5706.378867850932,3615.9894846665866,23065.28776341572,20564.23353323264,6300.614989087107,3014.8270654364433
336,2025-12-03,80632.31075722465,90290.9221502905,0.0,635.1896796065245,59968.26826322027,12790.46402641746,0.0,0.0,12790.46402641746,0.0,72758.73228963773,3615.9894846665866,1602.642686271485,22657.873803015296,20164.88989899798,9658.611393065865,4263.48800880582
337,2025-12-04,93402.8344533373,94349.04032628643,750.5014619734195,295.07541365293537,69264.05090142919,7115.475571856568,1612.209334493523,3224.418668987046,5503.2662373630465,5016.584531553031,79783.90167034528,1602.642686271485,4602.473876746426,28070.57659568148,20037.31897107455,7753.8637396226495,3984.0345251123795
338,2025-12-05,44369.45477712298,49026.377819151465,0.0,3000.918902529174,19486.763867368387,4101.5453816502895,18.340193442558707,36.680386885117414,4083.2051882077303,0.0,23569.96905557612,4602.473876746426,5146.864515258956,22230.94557172466,17517.114338435702,4805.3762556623315,1385.521987325989
339,2025-12-06,44837.83502594154,46865.14073894212,0.0,445.24379886746294,20305.3826150525,2581.079765044456,57.7265304594422,115.4530609188844,2523.3532345850135,0.0,22828.735849637513,5146.864515258956,3690.72419549007,21398.907427368395,18643.641303960394,2567.671574842035,918.0864521409276
340,2025-12-07,92332.95625072463,89074.7276732513,1497.7299791350913,184.52767245454834,69320.1416774981,857.0919476847146,1646.5361952694743,3293.0723905389486,-789.44424758476,11228.819056883465,79759.51648679683,3690.72419549007,1989.8329989021245,22452.898983478968,19717.650253547123,4131.288840101045,1932.2335111643793
341,2025-12-08,103763.70443892172,104519.87909330416,0.0,10863.509365477626,78345.5992677499,1841.7599112201174,182.1616163568539,364.3232327137078,1659.5982948632636,0.0,80005.19756261316,1989.8329989021245,3565.664896465192,23110.05212291108,17300.89351175121,1471.542636191567,796.0815867635597
342,2025-12-09,104650.85029572493,101012.8484190185,24.683107986221785,6196.8477378941825,77391.1944551294,390.03759172032954,1862.790397174546,3725.580794349092,-1472.7528054542163,182.4575342341514,76100.89918390934,3565.664896465192,6247.205829527474,26520.224645725357,19067.99512328149,4083.1659830229255,1992.8029277479886
343,2025-12-10,95898.8876712307,99487.2863919685,0.0,7000.65703574711,72082.45642094524,5334.364606923224,214.23445539637208,428.46891079274417,5120.1301515268515,0.0,77202.5865724721,6247.205829527474,6078.087426452719,22374.82869643162,18275.817806876887,4472.444680351877,1992.3559910374465
344,2025-12-11,99775.38983590037,97082.14445701381,0.0,6722.069733682501,73767.17403168915,213.71705404564514,1396.8063405068917,2793.6126810137835,-1183.0892864612465,0.0,72584.08474522791,6078.087426452719,6154.133674246247,22791.465264827144,18392.64524149581,2908.5760364984017,1468.0453585221067
345,2025-12-12,51182.8542552424,53735.57146217918,0.0,8601.20778326229,23612.64577252791,2127.1907551762197,2.285323410138984,4.570646820277968,2124.9054317660807,0.0,25737.55120429399,6154.133674246247,4016.56016612345,17598.770278389846,16178.820082806287,2564.3562362728526,711.3489084688788
346,2025-12-13,53892.053009971125,55275.98096533413,0.0,8409.193037319881,25316.92182915054,2374.8353994326944,322.9735749978727,645.9471499957453,2051.8618244348218,0.0,27368.783653585357,4016.56016612345,3574.0250743169872,18244.926985824903,15176.672441143992,3333.4680637203724,1114.585374808771
347,2025-12-14,96789.52882075353,99274.73642494094,0.0,3332.1375370369956,71506.07758729468,4018.176284257149,117.65375419169712,235.30750838339424,3900.5225300654515,0.0,75406.60011736013,3574.0250743169872,5602.7942985325335,28094.65676899977,20930.779681095824,2939.8749095789676,1457.04584894408
348,2025-12-15,93920.1680284043,97469.31520888174,0.0,4053.764535360044,70717.4391689603,5081.121796775241,297.23328460008145,594.4665692001629,4783.88851217516,0.0,75501.32768113547,5602.7942985325335,5114.002425078297,23083.712594546556,19137.719887691524,4699.096689824284,1990.9405501918286
349,2025-12-16,100245.38696481878,97847.79611372898,0.2538166666666939,3855.968657305671,76265.29736998503,0.0,1307.0488613213072,2614.0977226426144,-1307.0488613213072,1.7279838666668519,74959.97649253039,5114.002425078297,5187.940061360485,23723.400353172045,19149.41041341539,2397.5908510897934,1307.0488613213072
350,2025-12-17,100927.2972675592,97536.51946498649,2.44443333333345,3987.6934949743104,76277.42773486619,141.05349537610218,1913.0520494662644,3826.104098932529,-1771.998554090162,16.72236843333413,74522.15154920936,5187.940061360485,6021.049313942226,24261.18425976468,18901.76092308582,3589.218263751166,1960.0698812582984
351,2025-12-18,92948.14512698867,94327.32788728632,0.0,4292.5026237725215,69761.45411456167,2346.953009984196,107.59197582247796,215.18395164495593,2239.361034161718,0.0,72000.81514872338,6021.049313942226,4425.27544965417,21603.97249845467,18935.414201607535,1856.0979839838253,889.90964581721
352,2025-12-19,52130.25052558024,53690.913785920966,0.0,5962.691557369382,23577.70424744616,1272.9680599819103,5.228725155991317,10.457450311982633,1267.7393348259188,0.0,24845.443582272077,4425.27544965417,5245.694309711032,21481.336602633797,16661.505674082204,1627.582017388974,429.5514118166281
353,2025-12-20,53658.76627917735,50775.89591447689,0.0,3635.559625377433,24597.891685546,0.0,1039.407977425654,2078.815954851308,-1039.407977425654,0.0,23558.483708120348,5245.694309711032,5257.8936426624505,22489.498102332524,18205.514063233066,2882.8703647004563,1039.407977425654
354,2025-12-21,98041.8819476124,96029.59622926077,161.9538704328162,2666.23859636814,73505.92167036221,545.3884194641129,1242.473835250295,2484.94767050059,-697.0854157861822,1191.3287966075934,74000.1650511836,5257.8936426624505,5132.242442701492,24213.766929598183,19726.237292939393,2745.5554098199,1424.2699750716656
355,2025-12-22,96352.48755866416,95709.25437330833,0.0,2947.6294079964027,73456.38617535206,591.3009309994585,594.0331300285875,1188.066260057175,-2.7321990291288785,0.0,73453.65397632292,5132.242442701492,4655.244218258169,22386.822547250464,18562.624665271873,1762.908767766507,791.1334403617402
356,2025-12-23,99188.57810459918,94162.36421053114,234.33184477197517,3409.3473445308546,75173.31670473868,0.0,2718.1453328434595,5436.290665686919,-2718.1453328434595,1677.3628955772879,74132.53426747251,4655.244218258169,3750.660939526182,23912.532254198602,20183.276076759656,5026.213894068008,2718.1453328434595
357,2025-12-24,100361.58959523823,97745.6079308065,66.05695365525617,3429.3030895143966,74562.54788076389,0.0,1391.6277578728298,2783.2555157456595,-1391.6277578728298,508.36223532322765,73679.28235821429,3750.660939526182,5642.666798544449,25394.72213244353,18866.919654162826,2615.9816644317166,1391.6277578728298
358,2025-12-25,94545.58189585818,93022.2633282001,2077.64739258165,2611.761432718782,69578.3924775016,91.71335477592314,810.996265489873,1621.992530979746,-719.28291071395,15620.222958996943,84479.33252578462,5642.666798544449,5627.028726104433,24683.026420661394,20007.32566593175,1727.1599962871153,841.5673837485141
359,2025-12-26,51664.29473425905,50879.73870140406,0.0,3178.799347336241,23419.98472484123,0.0,260.91152460091814,521.8230492018363,-260.91152460091814,0.0,23159.07320024031,5627.028726104433,6300.009298273567,21513.865293590912,16820.54837285643,784.5560328549883,260.91152460091814
360,2025-12-27,52281.23680056373,50892.0655324508,0.0,3513.1225290615175,22970.055738938696,0.0,457.1596958071819,914.3193916143638,-457.1596958071819,0.0,22512.896043131514,6300.009298273567,5891.151156297428,23200.559286848125,19160.425350125508,1389.171268112932,457.1596958071819
361,2025-12-28,96092.59123236703,93126.31451162613,279.60483179651874,2533.592573096822,71508.84959908985,8.778179691100258,1640.1658824313715,3280.331764862743,-1631.3877027402714,1790.5962624208596,71668.05815877045,5891.151156297428,5482.834653032383,23318.720385601915,19255.648365276083,2995.5959581861216,1643.091942328405
362,2025-12-29,95844.27366983314,96214.52059562836,0.0,5155.217502631733,71167.31626022898,1901.6940200952654,584.700395106647,1169.400790213294,1316.9936249886182,0.0,72484.3098852176,5482.834653032383,4663.872744130065,22487.381812326523,18951.844985996566,2704.8431195822504,1218.598401805069
363,2025-12-30,98474.23413664692,98798.6978296239,0.0,6834.55850198279,72124.04867931665,1898.0158462942384,457.1790603119847,914.3581206239694,1440.8367859822536,0.0,73564.8854652989,4663.872744130065,5821.792725453846,24724.256549735343,18984.51982209423,2419.022177520934,1089.8510090767309
364,2025-12-31,96557.44869886985,94593.06408272563,0.6610204710181051,3813.454597931817,72956.08342695585,498.57221519304005,1153.4473455825732,2306.8946911651465,-654.8751303895333,4.860814033631636,72306.06911059996,5821.792725453846,3641.459058023639,21558.67301378259,19424.82544185109,2668.2670794787427,1319.6380839802532
