day,date,G0,G,R,W,base,increase,cancel,refund,adjustment,emergency,total,S0,Send,C,D,absolute_adjustment,surcharge
0,2025-01-01,54149.36566502058,54149.36566502058,34900.52509164609,0.0,37317.888238323496,0.0,0.0,0.0,0.0,219912.16430780757,257230.05254613108,6000.0,1200.0,7024.846,10010.125259999993,0.0,0.0
1,2025-01-02,98361.77352839505,98361.77352839505,1401.5231931666708,349.18944999999985,74683.01079987685,0.0,0.0,0.0,0.0,8870.028322289945,83553.0391221668,1200.0,2867.7302507407403,26462.68831172839,19933.820306833335,0.0,0.0
2,2025-01-03,98654.98702105624,98654.98702105624,0.0,42734.962797302236,58235.440278076494,0.0,0.0,0.0,0.0,0.0,58235.440278076494,2867.7302507407403,10694.127852716052,17743.815870050297,7328.733012962964,0.0,0.0
3,2025-01-04,121832.42188505118,121832.42188505118,0.0,78509.6209035478,79196.16896372184,0.0,0.0,0.0,0.0,0.0,79196.16896372184,10694.127852716052,8300.942468992791,3742.449790461321,5185.251175624604,0.0,0.0
4,2025-01-05,113491.30936326538,113491.30936326538,1317.4226242430386,27881.17505191789,95432.20830496142,0.0,0.0,0.0,0.0,6743.126160898049,102175.33446585946,8300.942468992791,1200.0,12014.183461494935,16122.336825904411,0.0,0.0
5,2025-01-06,120690.4339119925,120690.4339119925,0.0,22722.74033856061,98542.60622651395,0.0,0.0,0.0,0.0,0.0,98542.60622651395,1200.0,4590.521989059453,22546.014122517852,15210.801649085954,0.0,0.0
6,2025-01-07,121183.7228337285,121183.7228337285,0.0,24290.838586839738,100741.79485726511,0.0,0.0,0.0,0.0,0.0,100741.79485726511,4590.521989059453,5482.546091088593,18542.955816118687,14216.972519229908,0.0,0.0
7,2025-01-08,123280.4624179696,123280.4624179696,0.0,30237.735877426334,102261.86572712439,0.0,0.0,0.0,0.0,0.0,102261.86572712439,5482.546091088593,5803.020024046599,16991.045706391553,13474.320482514953,0.0,0.0
8,2025-01-09,124142.35598025858,124142.35598025858,0.0,29741.615522359625,104037.81504770115,0.0,0.0,0.0,0.0,0.0,104037.81504770115,5803.020024046599,5993.856468343758,16512.79758613078,13203.613244898488,0.0,0.0
9,2025-01-10,125136.51091707557,125136.51091707557,0.0,73386.91816148219,80548.22726803878,0.0,0.0,0.0,0.0,0.0,80548.22726803878,5993.856468343758,10800.0,10175.772949663746,3916.846910737014,0.0,0.0
10,2025-01-11,111884.83483208754,111884.83483208754,0.0,66011.93553975946,73160.5117579177,0.0,0.0,0.0,0.0,0.0,73160.5117579177,10800.0,10800.0,5300.06671400744,4293.054038346027,0.0,0.0
11,2025-01-12,96363.49598743775,96363.49598743775,0.0,10369.265956834615,79553.22702371971,0.0,0.0,0.0,0.0,0.0,79553.22702371971,10800.0,2783.7325422528274,12331.486013555845,17203.14438295269,0.0,0.0
12,2025-01-13,112626.63620404791,112626.63620404791,0.0,19916.570686481788,90031.4743530553,0.0,0.0,0.0,0.0,0.0,90031.4743530553,2783.7325422528274,3524.8645765021056,19837.314316184755,15401.2057652853,0.0,0.0
13,2025-01-14,114499.8219508546,114499.8219508546,0.0,21009.24192097927,91973.9732853004,0.0,0.0,0.0,0.0,0.0,91973.9732853004,3524.8645765021056,4090.1481381855356,19481.641531720656,15271.374435178644,0.0,0.0
14,2025-01-15,116104.80780500993,116104.80780500993,0.0,21969.57762711009,94596.81298416533,0.0,0.0,0.0,0.0,0.0,94596.81298416533,4090.1481381855356,4549.645280811251,19217.577980017748,15152.690735451237,0.0,0.0
15,2025-01-16,117426.28259213758,117426.28259213758,0.0,24456.736605649457,95634.57932398176,0.0,0.0,0.0,0.0,0.0,95634.57932398176,4549.645280811251,5016.629487910791,18290.04605315025,14394.65151666212,0.0,0.0
16,2025-01-17,118036.4903889331,118036.4903889331,0.0,67917.69702008826,74233.1024509109,0.0,0.0,0.0,0.0,0.0,74233.1024509109,5016.629487910791,10800.0,11708.665480515183,4278.985578337011,0.0,0.0
17,2025-01-18,103911.56348984427,103911.56348984427,0.0,59902.166657130176,65939.47035875688,0.0,0.0,0.0,0.0,0.0,65939.47035875688,10800.0,10523.614005941356,5345.448477369419,4578.560661322007,0.0,0.0
18,2025-01-19,95026.79092499171,95026.79092499171,0.0,10793.863940527946,77336.59932164133,0.0,0.0,0.0,0.0,0.0,77336.59932164133,10523.614005941356,2894.8594892820365,12714.034646265813,17164.247128468698,0.0,0.0
19,2025-01-20,108980.38660141162,108980.38660141162,0.0,16138.18348827225,86481.63385682672,0.0,0.0,0.0,0.0,0.0,86481.63385682672,2894.8594892820365,3764.590680060955,21012.46574441237,16237.339181272991,0.0,0.0
20,2025-01-21,110984.78392003864,110984.78392003864,0.0,23516.857759485054,87090.69769459838,0.0,0.0,0.0,0.0,0.0,87090.69769459838,3764.590680060955,4413.59738816341,17936.397052252847,13944.375575032598,0.0,0.0
21,2025-01-22,111586.71919341807,111586.71919341807,0.0,19360.038546161064,89956.08991589822,0.0,0.0,0.0,0.0,0.0,89956.08991589822,4413.59738816341,4167.831193544684,18679.504503932632,15351.58822334229,0.0,0.0
22,2025-01-23,114035.88535713757,114035.88535713757,0.0,20137.100255718302,93427.40789749705,0.0,0.0,0.0,0.0,0.0,93427.40789749705,4167.831193544684,4921.321055268253,19235.36118877921,14902.501687359952,0.0,0.0
23,2025-01-24,115088.91139529696,115088.91139529696,0.0,67747.7595917659,70273.06902917993,0.0,0.0,0.0,0.0,0.0,70273.06902917993,4921.321055268253,10800.0,11689.092648802514,4177.3539952714655,0.0,0.0
24,2025-01-25,100576.55557678998,100576.55557678998,0.0,61364.84695958951,61590.69356449896,0.0,0.0,0.0,0.0,0.0,61590.69356449896,10800.0,10431.535348807756,5809.217561088583,5037.084410554771,0.0,0.0
25,2025-01-26,92607.28401983966,92607.28401983966,0.0,9258.114233301738,74787.77711343594,0.0,0.0,0.0,0.0,0.0,74787.77711343594,10431.535348807756,2944.7591493449227,12569.885961690245,16919.70620848565,0.0,0.0
26,2025-01-27,106734.45258441358,106734.45258441358,0.0,18295.01974848562,82841.68349974183,0.0,0.0,0.0,0.0,0.0,82841.68349974183,2944.7591493449227,3510.2954528114933,19660.701997235305,15416.185944640685,0.0,0.0
27,2025-01-28,108735.00547476423,108735.00547476423,0.0,17352.722519786912,85333.74024133114,0.0,0.0,0.0,0.0,0.0,85333.74024133114,3510.2954528114933,4075.8098245043416,20489.056072563606,16087.172484252955,0.0,0.0
28,2025-01-29,110708.47959630389,110708.47959630389,0.0,25467.9152795165,85978.47686315527,0.0,0.0,0.0,0.0,0.0,85978.47686315527,4075.8098245043416,4792.841531729269,16894.919633078756,13039.55636629136,0.0,0.0
29,2025-01-30,110753.19256398302,110753.19256398302,0.0,23531.454203666406,87295.42709156171,0.0,0.0,0.0,0.0,0.0,87295.42709156171,4792.841531729269,4896.665531222891,17819.54724967906,14340.391672695783,0.0,0.0
30,2025-01-31,111687.1011536744,111687.1011536744,0.0,65331.8389562514,68410.39436580036,0.0,0.0,0.0,0.0,0.0,68410.39436580036,4896.665531222891,10800.0,11989.148029071692,4398.208881648672,0.0,0.0
31,2025-02-01,50996.63157841891,39000.96204731171,0.0,8782.751519787536,25277.538417295786,213.34704920079983,3288.0904847726247,6576.180969545249,-3074.7434355718246,0.0,22202.794981723957,10800.0,4273.636367796698,9019.7992798622,13179.764685671356,12239.821247007902,3359.206167839558
32,2025-02-02,102691.6094744495,89551.89725996458,0.0,7712.572092426441,76029.58481448967,1124.731027058255,5944.08103243559,11888.16206487118,-4819.350005377335,0.0,71210.23480911233,4273.636367796698,4160.382407640682,18868.293587781853,15385.246370243722,14349.688777333968,6318.991374788341
33,2025-02-03,106280.76758086923,91666.69337731713,0.0,7343.872787660306,80286.60138895908,1111.8480708934449,6826.205617619678,13652.411235239357,-5714.3575467262335,0.0,74572.24384223286,4160.382407640682,4547.943236781987,19774.20707068241,15668.30298102558,15773.23805335416,7196.821641250826
34,2025-02-04,108991.0162878722,92513.89287456592,0.0,7938.262828450099,83089.97921604727,660.3544382444638,7390.795199149659,14781.590398299319,-6730.440760905196,0.0,76359.53845514207,4547.943236781987,4247.44256361894,19216.9300103293,15836.163914213474,17165.74529374137,7610.913345231147
35,2025-02-05,102587.17202562165,90188.36708939476,0.0,5323.8258237535165,77000.328429655,2712.210538460894,6298.839425917269,12597.678851834538,-3586.628887456376,0.0,73413.6995421986,4247.44256361894,4615.584392067613,19919.92966686368,15803.815384555777,15480.905750447087,7202.909605404234
36,2025-02-06,106690.15650821422,89658.86293706324,0.0,5828.3640136577205,81038.28618563974,2424.970127869992,8376.533519488261,16753.067038976522,-5951.563391618269,0.0,75086.72279402148,4615.584392067613,4479.272940248224,19379.5895440858,15820.147837346949,20005.429052018877,9184.856895444924
37,2025-02-07,56116.57178231451,46323.6569082363,0.0,12505.63217891293,27261.84906850825,0.0,3239.1348175698604,6478.269635139721,-3239.1348175698604,0.0,24022.71425093839,4479.272940248224,3531.4981495332854,15080.749338421821,13068.404275765124,9792.914874078211,3239.1348175698604
38,2025-02-08,46235.47154321763,43650.424206469106,0.0,8339.743468004875,21751.036148724917,990.6066195443569,1342.5382038993525,2685.076407798705,-351.9315843549957,0.0,21399.10456436992,3531.4981495332854,4280.005040904481,16104.535892439382,12371.01787064182,3868.9724448544493,1672.7404104141383
39,2025-02-09,96045.41125925859,88312.51721442003,0.0,5156.584407927897,71559.6455820951,669.435381275315,3417.1757172325124,6834.351434465025,-2747.740335957197,0.0,68811.9052461379,4280.005040904481,4396.911804240981,18396.319751698014,14795.802911872543,8738.394318309478,3640.3208443242843
40,2025-02-10,94088.39932708714,81695.12984183285,0.0,4443.743912845675,67953.19608882128,191.84402490639417,5427.096089734492,10854.192179468984,-5235.252064828098,0.0,62717.94402399319,4396.911804240981,3859.374860541619,17939.639973596157,15014.891627942314,12629.308706815551,5491.044098036624
41,2025-02-11,95050.9677827754,82470.5594988635,0.0,3512.8089668703433,69318.80820131609,119.21880687879917,5770.654705305771,11541.309410611542,-5651.435898426972,0.0,63667.37230288911,3859.374860541619,3773.2090879543025,20077.382073623172,16340.228674963353,12708.652260653942,5810.394307598704
42,2025-02-12,93023.80727220423,81666.54136297586,0.0,2497.616724091413,66743.69255267647,1999.2885716421902,5410.361755886344,10820.723511772689,-3411.0731842441546,0.0,63332.619368432315,3773.2090879543025,3814.951693249504,20340.106109396995,16437.91760384589,14362.990246880365,6076.791279767074
43,2025-02-13,87305.04121793693,77937.64622232722,0.0,3475.564590327679,61169.49821036884,1108.950774912688,4020.7578055881254,8041.515611176251,-2911.807030675437,0.0,58257.6911796934,3814.951693249504,3423.512421498003,18341.56821004863,15208.965594715743,11189.994904861453,4390.408063892355
44,2025-02-14,45057.95874938526,41750.67454591064,0.0,7567.549052848681,19828.45364342398,2506.818839611475,1288.9805429170965,2577.961085834193,1217.8382966943786,0.0,21046.29194011836,3423.512421498003,4671.164714767382,17149.66638133081,12768.342704935516,7879.464272695417,2124.5868227875885
45,2025-02-15,42873.546983072956,39672.661369737674,0.0,8337.310854178251,19826.14615499614,562.786084780851,1052.7368050127093,2105.4736100254186,-489.9507202318582,0.0,19336.19543476428,4671.164714767382,3686.9939103781053,15479.01652373567,13423.757108176243,4477.175201409143,1240.3321666063262
46,2025-02-16,91449.72937019117,81344.10093966204,0.0,1718.739445566645,65751.77163173776,2628.6680374350635,5318.240566083714,10636.481132167428,-2689.5725286486504,0.0,63062.199103089115,3686.9939103781053,4257.010230406593,19657.724768788183,15409.74237469279,13785.116507986437,6194.463245228735
47,2025-02-17,92198.43426744158,75691.44708408913,0.0,2692.0801399424595,65634.88655501127,0.0,6889.140178636941,13778.280357273881,-6889.140178636941,0.0,58745.74637637433,4257.010230406593,2547.8087215343717,17651.50071297375,15835.996935493733,16506.987183352452,6889.140178636941
48,2025-02-18,85278.56065365058,78385.22540059194,0.0,2566.588064828394,59411.038558291984,49.323048993940304,2862.3178928738,5724.6357857476,-2812.9948438798597,0.0,56598.043714412124,2547.8087215343717,2812.7730820683914,18362.008568155747,14634.759015725533,7019.853270229203,2878.758909205113
49,2025-02-19,84293.86876296243,78990.10294310682,47.44233207274294,3173.7646568835903,58087.06637042102,626.4669642290859,2479.348770876296,4958.697541752592,-1852.88180664721,257.3272091625577,56491.51177293636,2812.7730820683914,1678.477401409709,21080.628145028695,18096.174910066053,6173.9325737548315,2688.171092285991
50,2025-02-20,87207.80539441561,78474.88485792092,45.725298144463295,2563.0405756717973,60443.25646315674,1958.5459147146948,4275.911055552104,8551.822111104208,-2317.365140837409,256.54178523951134,58382.43310755885,1678.477401409709,2574.747908427526,21883.11784602221,16918.681998961958,11523.77474514343,4928.7596937903345
51,2025-02-21,40366.86690875782,37983.64831167682,0.0,9580.288066084693,17983.679920863666,489.9000574809601,1159.3213019240068,2318.6426038480136,-669.4212444430468,0.0,17314.25867642062,2574.747908427526,2044.4205934998083,17475.751556282812,14632.653344024016,3270.014497748306,1322.6213210843268
52,2025-02-22,42472.16933659803,39501.57827517543,0.0,7445.224157574883,19172.129909529962,218.57128274403158,1090.5757197773864,2181.151439554773,-872.0044370333549,0.0,18300.125472496606,2044.4205934998083,2922.5402590027393,18006.755449024073,13795.164214756856,3336.683971407955,1163.432814025397
53,2025-02-23,85525.73010539991,75647.36098095542,0.0,816.5836282996485,58935.527624901624,465.97660076625624,4273.414269051575,8546.82853810315,-3807.437668285318,0.0,55128.0899566163,2922.5402590027393,2054.1729672465067,21476.074904752837,18177.151235430407,10557.965721919274,4428.739802640326
54,2025-02-24,83474.3060572013,74303.03527170126,77.71680000000015,1683.419386128867,57522.11669476587,101.06035285387642,4009.5117544158115,8019.023508831623,-3908.451401561935,396.4653396000008,54010.130632803935,2054.1729672465067,2561.6968044288474,21250.145344429613,16755.846275523876,9490.654249202638,4043.198538700437
55,2025-02-25,86409.99682565563,70976.11499953146,54.573509017001626,2429.528637471958,58402.61076625262,95.05038479243723,6203.927410544035,12407.85482108807,-6108.877025751598,273.92375379531825,52567.657494296334,2561.6968044288474,1482.414206360944,19743.110400022586,16963.2737622794,15743.257111585619,6235.610872141514
56,2025-02-26,73623.61845954414,75268.8622762066,0.0,1355.357106471658,48452.90164131904,1906.5110462022258,50.76430843539517,101.52861687079034,1855.7467377668306,0.0,50308.64837908588,1482.414206360944,2390.093505617251,22535.504037215374,17436.846900813773,1899.8580297931699,686.2679905028037
57,2025-02-27,71931.01628040087,71046.70528172667,161.2959431071491,741.747774706591,46665.72769049457,1859.8733681119652,803.2891168200916,1606.5782336401833,1056.5842512918737,982.3643037290867,48704.67624551553,2390.093505617251,1672.6516221791223,21870.35234327134,18360.6830931441,3268.9437400795073,1423.2469061907464
58,2025-02-28,33778.15388669007,33627.48321943383,0.0,7167.249305454779,14039.016574435886,545.4807519003822,241.896775847674,483.793551695348,303.5839760527082,0.0,14342.600550488594,1672.6516221791223,1504.7643857884375,17467.04671963514,14299.406355656081,1261.1678894401366,423.72369314780144
59,2025-03-01,37462.98485118793,37240.33072587916,0.0,10165.392097761265,15304.560176182507,999.7384755177652,387.5620493099751,775.1240986199502,612.1764262077902,0.0,15916.736602390296,1504.7643857884375,1768.401475473839,16731.049021408966,13314.876326624395,1877.0203693363064,720.8082078158969
60,2025-03-02,79724.99300540065,78054.09925648927,0.0,658.3259322821427,53607.73340607282,3427.3125576245257,1808.8110574235072,3617.6221148470145,1618.5015002010182,0.0,55226.234906273836,1768.401475473839,2386.4379625668003,23585.43904819371,18547.97279065324,6114.094862319947,2951.248576631682
61,2025-03-03,82288.22056402046,76146.26604651233,40.022661757402915,881.5554396289274,55415.70650265208,1461.832926258785,2982.5606000264183,5965.121200052837,-1520.7276737676339,210.45916685130325,54105.437995735745,2386.4379625668003,1308.9139406419747,22407.14871073591,19119.562075428432,7914.556585616177,3469.8382421126803
62,2025-03-04,74955.06932275888,74064.82679771789,0.0,456.67462011679595,49251.92661260961,1341.1941402838863,716.8801069702612,1433.7602139405224,624.314033313625,0.0,49876.24064592324,1308.9139406419747,1597.4124043402912,21837.08224704882,17428.388002781052,2469.1210005871635,1163.9448203982233
63,2025-03-05,78663.93902543138,71853.44464410299,3.331633333333457,1180.416633245719,50792.13253287083,2982.0987258963737,3279.0947104146044,6558.189420829209,-296.9959845182311,16.901375900000627,50512.0379242526,1597.4124043402912,2076.3789691727425,21656.935364077515,17111.047736553577,10053.77714382603,4273.127619046729
64,2025-03-06,72190.57487286365,71187.78615546542,0.0,904.1475724803265,46593.30340374838,1151.246499150514,681.2993407819949,1362.5986815639899,469.947158368519,0.0,47063.2505621169,2076.3789691727425,2281.380161322606,21886.754614299476,17543.7701646477,2312.4661347590436,1065.0481738321664
65,2025-03-07,34269.731918565885,32578.57459650253,0.0,8712.08560652206,14504.580493715624,659.1743827011076,723.3463639090317,1446.6927278180633,-64.17198120792409,0.0,14440.4085125077,2281.380161322606,2188.519322459984,15935.67479801839,12991.471341371252,2659.2357898831006,943.0711581427342
66,2025-03-08,30660.218771452426,30957.14901532417,0.0,8887.570130692444,12841.008784337388,912.0255030343905,219.19780192210095,438.3956038442019,692.8277011122894,0.0,13533.836485449678,2188.519322459984,2166.3221864774864,15928.509422891104,12922.070054926044,1522.6205168056445,523.2063029335644
67,2025-03-09,72576.48862987543,67812.97992157465,102.52905430971873,1063.3929653618297,45844.06254958669,5100.133931626347,3200.1086020973753,6400.217204194751,1900.0253295289713,675.5639388467367,48419.6518179624,2166.3221864774864,1368.8115333323806,22296.58183343753,18777.990872914997,13397.751605424215,4900.153245972824
68,2025-03-10,71671.2238672516,73906.47868069404,0.0,985.6513654857828,46396.7950831119,3704.2755680457512,221.30111889106513,442.60223778213026,3482.974449154686,0.0,49879.76953226659,1368.8115333323806,1997.9782190759279,22697.3992002056,17818.64333499734,3335.578179049046,1456.0596415729822
69,2025-03-11,62420.35068373753,69628.53972995756,0.0,1299.1744329319931,39995.97670304525,10049.190829291478,1084.0957500869608,2168.1915001739217,8965.095079204517,0.0,48961.07178224977,1997.9782190759279,2202.868219077473,22137.08156328514,17746.635066259572,12847.890618736998,4433.826026517453
70,2025-03-12,71900.34637915474,67150.16322145378,0.0,1081.2779490271241,45330.4200643149,5081.679925215511,3013.1185236000774,6026.237047200155,2068.561401615433,0.0,47398.98146593033,2202.868219077473,1743.7962633414752,21297.44920660916,17664.098617515825,13005.579063900279,4707.011832005248
71,2025-03-13,71203.20310420338,73467.17409421892,345.2787078611258,2232.0346889253333,45441.800620957234,3405.005127566767,159.47847501304403,318.95695002608807,3245.5266525537227,1850.8719024414522,50538.1991759524,1743.7962633414752,1447.9609493552284,22637.115153029812,18602.315056541767,3347.0797257437025,1294.4801842019665
72,2025-03-14,30333.872731595893,30820.44676871663,0.0,11228.96288052795,12388.11821740066,853.9624359856064,118.06009765402317,236.12019530804633,735.9023383315832,0.0,13124.020555732242,1447.9609493552284,2024.651767452666,16015.979834566575,12453.92192971123,1184.676159267614,402.71424298255863
73,2025-03-15,29668.496600074384,30277.654395520603,36.22888764827358,7231.469270407332,12265.429936236433,976.3098610352945,133.07156619941432,266.14313239882864,843.2382948358802,87.85505254706342,13196.523283619375,2024.651767452666,1200.0,15265.660281415485,13107.37141865394,1629.6849428594824,458.50818654451245
74,2025-03-16,68981.9311005919,70774.32925038713,26.081515326457065,2430.65716901289,43180.37025961989,4674.06479148682,968.576391854445,1937.15278370889,3705.488399632375,64.7609740420542,46950.61963329432,1200.0,1937.849695738551,22919.168090540436,17900.461427173064,7072.733712974972,2526.597989016718
75,2025-03-17,65259.489913482525,63045.69020816889,138.53853141337964,1117.9914566097095,39158.05522538425,4357.132920823176,1583.9398552883022,3167.8797105766043,2773.193065534874,690.7518204196118,42622.000111338726,1937.849695738551,1952.8406620301841,22076.915684088177,17868.809834448955,9648.74981849017,3036.3174955626946
76,2025-03-18,73577.01336184022,67049.67334450615,0.0,1897.5445999501849,46387.412279323515,2415.2322097422643,3085.4286530459894,6170.857306091979,-670.1964433037247,0.0,45717.21583601979,1952.8406620301841,1850.6406237455158,21674.475854450087,17648.305476560778,10241.387697846945,3890.5060562934113
77,2025-03-19,60254.18222862994,66821.90961889959,0.0,2812.187784903638,37262.35947064562,6250.028749048199,0.9832756706526448,1.9665513413052895,6249.045473377546,0.0,43511.40494402317,1850.6406237455158,2316.2303531359776,21711.687513392342,17167.43612939638,6570.940184488413,2084.326192020052
78,2025-03-20,68520.87469867221,66101.84693740174,212.2604499007238,579.6014715833514,43288.056546767446,5889.434253951114,2743.175506050563,5486.351012101126,3146.2587479005506,1079.3272006756729,47513.642495343665,2316.2303531359776,1713.1349339212838,21412.263033398223,17886.718934345783,12822.041775236452,4706.320257367601
79,2025-03-21,28922.358036424805,29744.29257044165,0.0,14922.836531350045,11504.91324808561,1614.800022087292,250.98439210417945,501.9687842083589,1363.8156299831126,0.0,12868.728878068723,1713.1349339212838,1614.1116354172452,15142.697321466172,12354.705799041236,2318.937060712543,789.2510661332768
80,2025-03-22,30367.040574881277,30660.16216237468,0.0,11497.575406859667,12288.042880866993,715.8628451425341,121.74580237740977,243.49160475481955,594.1170427651243,0.0,12882.159923632118,1614.1116354172452,2049.781296678986,15206.75961603217,11925.372593850494,936.3692131352818,360.36675075825445
81,2025-03-23,69341.26647275423,65072.85499248513,0.0,2269.105372485221,42544.53020846976,1836.1201964618097,1799.9686453444647,3599.9372906889294,36.15155111734475,0.0,42580.68175958711,2049.781296678986,2129.6329934156306,20853.48934879087,16819.45984545762,6674.7445131879995,2412.0087108317343
82,2025-03-24,65932.8247283903,64884.55473897287,0.0,2831.8085584829328,40366.91977449143,3763.6521902639797,1248.2372564806928,2496.4745129613857,2515.414933783287,0.0,42882.33470827471,2129.6329934156306,2042.1283407560877,21752.648866053645,17698.399768897045,7032.010485377197,2502.787986568686
83,2025-03-25,73240.57568460544,65207.9547752335,0.0,748.8458620544818,45173.2098062649,2005.5431912797992,3143.5241550181518,6287.0483100363035,-1137.9809637383523,0.0,44035.22884252655,2042.1283407560877,1458.8834946998984,21231.076620857522,17722.09242434517,11000.106028361988,3812.0385521114185
84,2025-03-26,62966.946397744905,60716.310814714874,0.0,1001.6687127367843,38682.39600863213,1935.1340565866867,1255.8483836702308,2511.6967673404615,679.285672916456,0.0,39361.68168154858,1458.8834946998984,1522.3313827626123,21394.6533476579,17272.566112346467,5397.971595840314,1900.8930691991263
85,2025-03-27,66488.35650187792,63693.73956174856,356.47813773283764,1110.8700498674834,40518.466500970346,2873.1049638067207,1822.8991590348562,3645.7983180697124,1050.2058047718642,1868.69799659016,43437.370302332376,1522.3313827626123,1628.1880404949309,21721.511882393897,17499.153632779977,7518.450920244246,2780.6008136370965
86,2025-03-28,29727.88079168611,29667.450547047698,0.0,15664.434757326138,11899.54711243421,388.2618917700538,141.67171135875122,283.34342271750245,246.59018041130264,0.0,12146.137292845513,1628.1880404949309,1910.4097073523078,15405.976436227636,12224.841413172742,698.0301509100786,271.0923419487692
87,2025-03-29,28249.514253343663,28546.47368524716,0.0,18582.645643090767,11355.795888095136,545.2426753411938,89.7024765178059,179.4049530356118,455.54019882338787,0.0,11811.336086918525,1910.4097073523078,1391.6526359889351,14334.211700263686,12077.592841440623,814.6574371017925,271.45003496487055
88,2025-03-30,65304.878837649536,59792.10434685036,125.02848429399901,375.63250661831955,39001.943111565044,348.97252639361847,1728.2202702945087,3456.4405405890175,-1379.2477439008903,682.7249779002843,38305.42034556444,1391.6526359889351,1383.8340714710225,22120.617539958792,17924.736915432746,6112.536693900313,1844.5444457590481
89,2025-03-31,57386.50180091037,61772.68695574307,0.0,688.5468044227598,35275.78586997221,9414.432947588377,2053.113230489954,4106.226460979908,7361.319717098422,0.0,42637.10558707063,1383.8340714710225,1584.7923608092722,20799.411618855553,16666.660950868576,15158.681837265525,5191.257546352746
90,2025-04-01,71073.25996469334,66205.02221377601,0.0,1697.2062891478965,44413.86170004528,3782.247493906286,2674.528586482149,5349.057172964298,1107.718907424137,0.0,45521.58060746942,1584.7923608092722,2194.5889114553347,19737.618486210562,15438.654078249103,11500.949473250386,3935.277751117578
91,2025-04-02,66074.89623399859,64636.6205308198,47.2713555234518,1125.417158124022,40708.77853653661,3642.8570231260696,1505.350688758603,3010.701377517206,2137.506334367467,297.0328615434122,43143.31773244748,2194.5889114553347,1492.0557198418483,19765.364214059824,16642.224885840595,8610.857899390345,2719.636363133959
92,2025-04-03,67503.17169354594,61768.13372096179,0.0,1391.8829863319602,41819.712580296735,1478.897180618747,2118.5536894591673,4237.107378918335,-639.6565088404204,0.0,41180.05607145631,1492.0557198418483,2003.883904365515,21326.711062588787,16813.99059462562,7681.814502631574,2611.519416332083
93,2025-04-04,26982.531536460054,27134.268827171054,0.0,18305.077344635763,10522.294264490094,346.38690289152913,70.29474655108122,140.58949310216244,276.0921563404479,0.0,10798.38642083054,2003.883904365515,1693.8848450789847,14091.517820490351,11693.128587955063,578.6164119999872,185.75704751492427
94,2025-04-05,27168.003485003002,28223.888295242527,0.0,13315.507936323373,10840.446070472271,2213.27004446341,281.6492133014916,563.2984266029832,1931.6208311619187,0.0,12772.066901634189,1693.8848450789847,1942.658003155259,13896.681754300898,11032.41637871508,2595.988356929447,1019.4058947892951
95,2025-04-06,64372.88544844104,58877.58407802858,87.93079915457758,984.7647601596263,38349.36910776847,1182.4466120835107,1651.3032832605359,3302.6065665210717,-468.8566711770254,377.7737717709651,38258.28620836242,1942.658003155259,1508.2579470775552,20850.70474119373,17280.03089083686,7248.64208651794,2045.4521539550392
96,2025-04-07,57151.26302157776,57461.57917241938,0.0,183.89728763416622,34163.4886829937,4246.004262987083,1123.321593403534,2246.643186807068,3122.6826695835493,0.0,37286.17135257725,1508.2579470775552,1480.1141124283706,21369.958171769213,17334.995570317325,7108.830212066253,2538.6563477325617
97,2025-04-08,66976.8064693984,59809.80580016633,0.0,1249.3745117859276,40397.1469238849,1444.5018455597744,2449.957815050685,4899.91563010137,-1005.4559694909103,0.0,39391.69095439399,1480.1141124283706,1626.0785799749453,21451.94553116749,17244.707859453745,8815.671307741988,2931.4584302372764
98,2025-04-09,64903.99734824619,65205.44639103468,0.0,1669.960248165393,39517.91813321897,1737.4260440308576,340.7824644519953,681.5649289039906,1396.643579578862,0.0,40914.561712797826,1626.0785799749453,1928.2094780485945,21732.933252296505,17331.758126093886,2177.7274173938195,919.9244791289477
99,2025-04-10,61710.723280651306,58986.07096035362,0.0,868.6050247126477,37985.971226165166,2935.0113417709235,1839.1754918196325,3678.350983639265,1095.8358499512915,0.0,39081.807076116456,1928.2094780485945,1602.2974926324316,20790.25696060805,17133.42892496707,7091.816391106868,2817.5126057432735
100,2025-04-11,26073.11849121964,27100.061230347423,0.0,19324.937544387598,10231.70814152684,1967.0991074174567,266.25019307584597,532.5003861516919,1700.8489143416105,0.0,11932.55705586845,1602.2974926324316,1472.968410813237,13551.945752265443,11093.472232972286,2629.6617806376794,921.9498955483316
101,2025-04-12,28273.168780652748,27324.24990578644,0.0,15426.785917763353,11164.907145773746,259.5832702435172,349.6236706246151,699.2473412492302,-90.04040038109792,0.0,11074.866745392646,1472.968410813237,1835.6238773315772,13399.544832403082,10527.241394379995,1483.9816047221243,436.15142737245424
102,2025-04-13,58400.43049056311,58826.89814667198,0.0,270.89201047427014,35271.97512595482,2921.662184587356,506.63480717607695,1013.2696143521539,2415.027377411279,0.0,37687.00250336611,1835.6238773315772,2197.8252928212855,20808.770415387597,16529.12276252322,3384.930634121267,1480.5222020385288
103,2025-04-14,62585.979612897,55590.11335245015,0.0,15.472360069514366,37646.821638612695,2814.510460232168,2575.455672816749,5150.911345633498,239.054787415419,0.0,37885.87642602812,2197.8252928212855,1688.67971276958,18446.527444353553,15399.918251972913,10089.597113521715,3513.6258262274723
104,2025-04-15,55137.25278968108,55479.16149147754,0.0,1300.5402912029967,33055.34585696655,3529.267821453738,951.2952110019726,1902.5904220039452,2577.9726104517654,0.0,35633.31846741832,1688.67971276958,1938.2706937490973,20076.634126629724,16037.44175968851,7093.80104926799,2127.7178181532186
105,2025-04-16,60999.53979657893,59836.07955662202,144.948636284655,862.1042093107169,36564.68945941759,3570.7389153841696,1478.893341546548,2957.786683093096,2091.8455738376215,800.0916661892929,39456.62669944451,1938.2706937490973,1464.531710839392,19819.458516919443,16480.12648332348,7722.699355666294,2669.1396466746046
106,2025-04-17,54513.24516685595,56813.552951172496,0.0,105.95721234092014,33534.98425336417,5168.312316832271,1101.3562463749126,2202.7124927498253,4066.9560704573587,0.0,37601.94032382153,1464.531710839392,1625.4916916186178,19444.154769106724,15604.901380275141,9593.640542987927,2824.1270186523366
107,2025-04-18,26521.25786461052,26826.695259584845,0.0,17293.74788266098,10384.025110289653,655.5871557762259,124.10819666836943,248.21639333673886,531.4789591078564,0.0,10915.504069397508,1625.4916916186178,2243.276863491122,13804.334415290934,10625.504221700405,1027.0570172178536,342.63724859377805
108,2025-04-19,24833.302394593095,25717.485293525824,0.0,16632.951871368547,9585.240764018728,1022.2100669505869,38.227329656108026,76.45465931221605,983.9827372944787,0.0,10569.223501313209,2243.276863491122,1993.9607489880132,13285.46671163195,10985.612539474674,1090.2285778854748,378.96401863963695
109,2025-04-20,54914.03304232942,56826.07363226905,208.13545592398356,1763.5030065581354,33083.22079872977,3075.299815404852,391.7292169259991,783.4584338519982,2683.570598478853,1048.7399198587339,36815.53131706736,1993.9607489880132,1501.9148389814259,19767.38167003946,16454.420471737893,3896.784472749392,1416.8291553942831
110,2025-04-21,60886.34315795894,53886.834604476266,182.17941770480132,1851.3237376207503,35851.201146338135,1946.9867744250357,2447.305937956975,4894.61187591395,-500.319163531939,929.2911618701011,36280.1731446763,1501.9148389814259,1455.9503880692582,19695.515300252307,15994.735399025323,11399.113326876395,3096.301529431987
111,2025-04-22,53990.86546876319,56494.187002844934,0.0,450.7351719689502,32555.01526380241,5407.574344198509,1138.5954541956753,2277.1909083913506,4268.978890002833,0.0,36823.994153805244,1455.9503880692582,1442.2269910885407,20541.439849957707,16650.917335748385,9354.192028891503,2941.120235595178
112,2025-04-23,53317.92586216984,57656.859597861534,0.0,1606.2483570737836,32351.143880350166,5380.19390237698,522.2110349819212,1044.4220699638424,4857.982867395059,0.0,37209.12674774523,1442.2269910885407,2282.3556819951073,20497.782643711456,15847.08811959037,6926.134894672814,2315.6090024409145
113,2025-04-24,53096.09961505528,53656.80789920387,0.0,3411.815669651121,31723.908632475708,3168.5148215168283,396.2262431112308,792.4524862224616,2772.2885784055975,0.0,34496.197210881306,2282.3556819951073,1822.0883477267644,18784.874370496138,15629.988840943382,4288.779844882271,1452.3978502835066
114,2025-04-25,25104.2393830413,24852.981828054944,0.0,20648.333486840198,9706.772924584584,245.44927243733332,174.5652946913801,349.1305893827602,70.88397774595325,0.0,9777.656902330538,1822.0883477267644,1617.975921494028,12568.378288548438,10364.087597333699,856.6215505165771,256.3817188371579
115,2025-04-26,25074.824484193377,25580.86778322125,0.0,23423.821691565354,9704.988534903532,546.0340485883669,60.57275142577612,121.14550285155224,485.46129716259077,0.0,10190.449832066122,1617.975921494028,1228.2443555536556,12829.530882467896,10742.678424145332,848.240643440749,242.58410095523178
116,2025-04-27,52964.97636678247,54135.39269566429,0.0,1502.5973937728195,31092.817191414666,3857.5407901890276,382.62942724228446,765.2588544845689,3474.9113629467433,0.0,34567.728554361405,1228.2443555536556,1521.2292700324238,19977.04050277498,15917.716384216841,5076.242560615296,1668.4763573052937
117,2025-04-28,66192.1050517861,63676.190974549725,0.0,2914.7286952075306,39590.06059858846,1942.4151742763615,1313.758265796254,2627.516531592508,628.6569084801076,0.0,40218.71750706858,1521.2292700324238,1716.8620096265383,20860.134194951686,16720.63923227616,5680.200147174053,1961.2299905550412
118,2025-04-29,55310.05095741198,51881.69105453233,303.9081076081889,1396.7695115942722,32462.350870748855,1866.2452371204226,1200.2353822214131,2400.4707644428263,666.0098548990095,1986.9057962622246,35115.26652191009,1716.8620096265383,1606.842093859301,18182.28346352683,14826.667529647244,6199.403782497738,1822.3171279282205
119,2025-04-30,51908.12760109045,52179.33345146653,277.96601487251803,1100.751562189158,30929.819276953665,677.2924753032048,228.5431341018627,457.0862682037254,448.74934120134213,1454.4243594265245,32832.99297758153,1606.842093859301,1235.0744238585874,18075.18091482738,14975.487444010818,1226.79559643573,454.3072925362643
120,2025-05-01,53783.556671010316,55289.51258450931,835.9298415965196,1375.8977578459162,33813.81710158741,4189.359708653777,633.4157891654576,1266.8315783309151,3555.943919488319,3672.49002843859,41042.251049514314,1235.0744238585874,1235.9970699054488,19670.186772724977,15932.020904465053,4332.926048510611,2029.8690253833834
121,2025-05-02,26994.53863714152,28006.085415519086,1047.6321054009863,12166.951664907365,11182.27608264735,1958.5896818809358,252.3434685638033,504.6869371276066,1706.2462133171325,4082.152816114304,16970.67511207879,1235.9970699054488,1200.0,13836.016503127787,11239.570730448408,2590.5692211736296,905.2066958574485
122,2025-05-03,26294.640721013064,28079.053352244984,591.8441339288617,17245.387539682248,10566.68479033885,1962.5411053508506,25.902557323693276,51.80511464738655,1936.6385480271574,2732.3038642936203,15235.627202659629,1200.0,1216.828711104607,13385.223455249748,10826.885158758152,1971.345771269609,680.0829257739769
123,2025-05-04,58564.835005800895,54474.401113045635,816.6909699106436,71.1399492272991,35540.84304781095,5130.023136280224,2120.747671267974,4241.495342535948,3009.2754650122506,3791.6893764159163,42341.80788923911,1216.828711104607,1264.0494135857657,18119.92720085583,14634.642400460178,10578.865941318787,3830.7553833613824
124,2025-05-05,61308.09121482528,59822.49349174637,138.33673395238046,1109.6287416576884,38672.9689913738,3342.826370193785,1564.8944245436246,3129.788849087249,1777.9319456501607,732.6237071481661,41183.52464417212,1264.0494135857657,1305.7153552347386,19672.08071872101,15896.886034679945,5072.7522906332215,2679.169881274886
125,2025-05-06,52948.295782881105,58127.03810823163,341.20834555044,1930.6169617694309,33677.747817853015,5941.105965062232,299.5587600503686,599.1175201007372,5641.547205011863,1318.1523011603954,40637.44732402528,1305.7153552347386,1226.4427128834957,19678.381597168933,16010.834471822953,6961.749142177718,2279.9274150711126
126,2025-05-07,57369.7528839536,59326.0255768598,227.65165399390355,100.8292350968037,36714.03455000192,4064.1228746395846,867.3273322738646,1734.6546645477292,3196.7955423657195,1560.7797397822028,41471.60983214984,1226.4427128834957,1754.7534253048484,20576.433708303637,16191.431662546727,5376.611431709176,2222.0349571537263
127,2025-05-08,64697.78297697911,60908.976966483955,163.46043530372356,725.5580381600129,39941.21421487056,5953.01567687338,2870.6533150402984,5741.306630080597,3082.3623618330803,1069.685088627567,44093.26166533121,1754.7534253048484,2310.7923597547606,21157.536434856607,16637.16947122894,12781.893831859306,4854.991873998091
128,2025-05-09,27496.542473054084,28597.450774799276,0.0,17296.831778591782,11680.859796756238,3726.8579661448803,993.90589570243,1987.81179140486,2732.9520704424503,0.0,14413.811867198689,2310.7923597547606,2539.602907321855,13659.49291261637,10858.259766408873,5597.265247913839,2236.19188441739
129,2025-05-10,26773.518452990735,27433.462342325503,110.7450001507089,13629.093812411042,11644.8312007479,4212.637429785429,1383.0347213426944,2766.069442685389,2829.602708442734,484.15507559071403,14958.58898478135,2539.602907321855,1901.0856764954374,12467.01976039796,10672.951513666125,7182.438220075583,2787.2471979378374
130,2025-05-11,62569.639177118566,60540.06642951553,27.561666666666724,600.232532903734,38199.06446101103,4897.6078615217375,1716.1746128193374,3432.349225638675,3181.4332487024,183.58826166666705,41564.085971380104,1901.0856764954374,2657.2442651507536,20014.5986850282,15531.282205083062,8781.474143051155,3348.710566659917
131,2025-05-12,54667.453991354545,56606.500210207654,0.0,723.1002344686452,35613.4233752229,5063.6712727264785,1403.3581462417733,2806.7162924835466,3660.313126484705,0.0,39273.73650170759,2657.2442651507536,3316.3359681928996,17679.06426140919,13726.859519003507,7989.521112420236,3091.2485704839332
132,2025-05-13,64325.25205152143,58437.911032646254,0.0,1661.9347116876634,40388.33107239632,2496.4532007590424,2658.6266991570656,5317.253398314131,-162.17349839802318,0.0,40226.1575739983,3316.3359681928996,3511.635844035329,18268.387715967096,14621.624161675167,10439.69591272112,3490.777766076746
133,2025-05-14,61169.302211430026,56336.267080785874,0.0,331.85160369914365,39008.354647256274,588.1802145306408,2113.1214186328825,4226.242837265765,-1524.9412041022415,0.0,37483.41344315403,3511.635844035329,3027.390181496374,18032.041000202473,15041.774306449068,5770.915128653746,2309.181490143096
134,2025-05-15,58716.14450482599,56478.16353415626,0.0,401.520305240334,38758.66753547395,2743.910884470268,2461.9212981587457,4923.842596317491,281.98958631152254,0.0,39040.65712178547,3027.390181496374,2817.5385689885425,18423.428404419185,15111.843458836589,7667.093627407985,3376.558259648835
135,2025-05-16,28895.635613366005,26237.30206361373,0.0,21939.267041005674,13402.757245165834,10.25992377291044,1223.2581010224364,2446.516202044873,-1212.998177249526,0.0,12189.759067916308,2817.5385689885425,1865.9750756397896,12836.503333097886,11253.974843823165,2683.5313732259892,1226.6780756134067
136,2025-05-17,30070.985123856946,28444.928500810856,33.7394281873452,15028.181191343661,13754.407432353244,233.3603779380405,912.4576373814004,1824.915274762801,-679.0972594433599,171.6493409031187,13246.959513813003,1865.9750756397896,2340.94409821425,13548.50281054841,10546.815156227198,2082.574039323678,990.244430027414
137,2025-05-18,64916.883547078236,58326.1871673283,4.489992406873057,708.9512818814833,40691.45825982327,1207.634532876108,2821.5617131671434,5643.123426334287,-1613.9271802910353,29.519455078986912,39107.050534611226,2340.94409821425,2697.352357321928,19077.843919246254,15132.286141392555,8379.900960959912,3224.1065574591794
138,2025-05-19,58663.41010501026,56075.362048919866,79.2365000000002,5822.533074645018,36834.00565413432,1728.9012095312623,1748.3389376477699,3496.6778752955397,-19.437728116507515,550.8294608333347,37365.39738685115,2697.352357321928,2165.606686666842,17344.31593612855,14527.467011853707,5327.9455965643265,2324.639340824857
139,2025-05-20,58987.24220806667,57929.059523178,97.95547247182026,51.15018636409059,37179.00984788318,2427.008282278391,1605.5532097054734,3211.1064194109467,821.4550725729177,628.5431448298075,38629.008065285896,2165.606686666842,2047.8999157763922,18707.400454844614,15258.930462225542,5108.73591357993,2414.5559704649368
140,2025-05-21,54661.85402320769,54912.445289836905,130.9590865055779,313.77918650370486,35764.7314481704,4906.239733842058,2225.9152583594905,4451.830516718981,2680.3244754825673,634.2880206758282,39079.34394432879,2047.8999157763922,2058.7045264316785,17669.925036398374,14302.915129892926,10115.817281582416,3861.32850297351
141,2025-05-22,56925.78904852903,55926.77426544674,2.57000000000005,798.2763039946254,36263.23201249438,925.3597790952141,1041.289777656376,2082.579555312752,-115.92999856116194,16.86434000000033,36164.166353933215,2058.7045264316785,2775.734760217824,19311.10491777854,14996.667772993083,2578.0238426949795,1349.7430373547807
142,2025-05-23,25752.633616843035,27333.88012330485,0.0,18500.260543018558,10850.018481700234,2821.1853507448614,556.8937881739191,1113.7875763478382,2264.2915625709425,0.0,13114.310044271175,2775.734760217824,2628.6129239490824,13395.159734709623,10982.489037756666,4033.2100335272676,1497.288905088873
143,2025-05-24,26220.454867969518,27293.0066202518,0.0,20783.338117331183,11504.496607030693,2721.500270074359,583.3140588278025,1166.628117655605,2138.1862112465565,0.0,13642.682818277248,2628.6129239490824,3021.2764275578015,12640.89455968124,9885.727440093957,4362.916402752423,1490.4808155192554
144,2025-05-25,56983.35700391923,55761.01781184925,0.0,4006.9555246815003,34687.63194174149,4066.6670628279144,1144.4936730898412,2288.9873461796824,2922.1733897380736,0.0,37609.80533147957,3021.2764275578015,2985.883075333755,17057.40063597927,13848.348532144852,6729.137606778959,2500.049360699146
145,2025-05-26,54964.08723095272,59102.5212206027,0.0,1322.9388641817382,34594.095742076905,6231.374140164183,725.3513620649863,1450.7027241299727,5506.022778099196,0.0,40100.118520176096,2985.883075333755,2897.5627876433505,17259.145607064886,14059.396200643923,7516.164387502836,2802.476075453047
146,2025-05-27,52405.616745916384,55746.38010511122,0.0,3291.163421999014,33229.077574356575,6865.916348564037,1514.2698555767809,3028.5397111535617,5351.646492987256,0.0,38580.72406734383,2897.5627876433505,2688.3581951092424,17121.755349436335,14056.90596632413,12056.007504632937,3802.9086384314596
147,2025-05-28,60445.43937969292,58567.51997739851,0.0,2327.456069616136,37106.45739202408,3524.6096634914707,1443.7696847518223,2887.5393695036446,2080.8399787396484,0.0,39187.29737076373,2688.3581951092424,3165.7488669614854,18613.622121659784,14647.38231387741,6951.062573000031,2618.639572582312
148,2025-05-29,57733.50764323691,61323.222884860996,11.682278960290205,4276.238377381538,35660.75489673075,6857.99269211594,778.3557982573429,1556.7115965146859,6079.636893858597,78.55164372899134,41818.94343431834,3165.7488669614854,2721.2417261157925,17624.20901684674,14675.66573040699,9911.513238524185,3064.35336229599
149,2025-05-30,26002.98779279253,26982.278336725347,0.0,18160.67470644686,11418.306873000101,2454.6355079110645,664.0024297615545,1328.004859523109,1790.63307814951,0.0,13208.93995114961,2721.2417261157925,2505.6424814813677,12733.735177804252,10508.364814192428,3731.963584136488,1482.2142657319093
150,2025-05-31,27953.784514896193,27264.567712304277,0.0,16764.014396228442,11704.379565739775,2553.9840268535354,1100.3934467467307,2200.7868934934613,1453.5905801068047,0.0,13157.97014584658,2505.6424814813677,2154.269800501914,12776.879889249189,10665.50812317335,5053.026649504122,1951.7214556979095
151,2025-06-01,74809.73411820972,73967.41462194067,1158.9739563354808,962.852527558744,51018.676465415134,11132.717776523392,3059.7212759607573,6119.442551921515,8072.9965005626345,5351.422687435309,64443.09565341308,2154.269800501914,1200.0,19987.11879562696,17048.409044909553,15099.444877131446,6770.627201468555
152,2025-06-02,77531.37864117163,73048.02656721734,142.59355194651937,240.92752017027078,52280.09583069886,8689.687321438558,3461.577655384918,6923.155310769836,5228.1096660536405,968.6072550307534,58476.812751783254,1200.0,1404.7600133240214,21708.427036852452,17399.54188785887,15686.65961377373,6358.140095864437
153,2025-06-03,71599.74059939313,74152.51045099321,0.0,1224.6537809719393,48272.804891420645,9284.330293741581,1585.2904353811127,3170.5808707622255,7699.039858360467,0.0,55971.84474978111,1404.7600133240214,2357.713804725282,20409.639075930612,15674.14923924267,11623.214697642776,4680.06719996164
154,2025-06-04,81834.23378039041,72487.24231538991,224.17769740645167,93.7304107065263,55999.89948237188,8427.529054035054,5971.255463090263,11942.510926180526,2456.273590944791,1351.9641608674156,59808.13723418408,2357.713804725282,1279.8048392770843,20750.246601718696,17777.81781629553,23119.941479500685,8780.43181443528
155,2025-06-05,70660.57852133279,74512.14669571305,798.4601134042272,155.10835708636785,46731.53736729943,9748.105168108397,649.5469736052779,1299.0939472105558,9098.558194503119,2351.3981579330693,58181.49371973563,1279.8048392770843,1200.0,21463.183109019043,17457.0026736548,8153.579927636209,3898.9153629747434
156,2025-06-06,31847.919809124858,35353.92716389391,1259.9233591992247,2944.4273866701556,15283.344454423961,7376.054222427441,547.6487878941257,1095.2975757882514,6828.405434533316,2536.3812575034453,24648.13114646072,1200.0,1363.269685490729,14039.39483937541,11224.967102952429,6587.701266167591,3006.333528703273
157,2025-06-07,36665.43804670827,41464.15713089295,967.1550382093759,8006.664299020325,16520.770003566777,6467.415990403798,156.04805140190035,312.0961028038007,6311.367939001897,1852.2869729079448,24684.424915476622,1363.269685490729,2084.4879897214723,13942.306471619297,10644.17176820396,5775.101709727424,2311.8533815364995
158,2025-06-08,76122.63768093399,71877.22149052421,0.0,888.7073162416619,52173.82494420803,4089.2496119065263,2823.098457507496,5646.196915014992,1266.15115439903,0.0,53439.97609860706,2084.4879897214723,4191.6853201667245,20563.754264290415,14760.16335667452,10903.31020981976,4186.181661476338
159,2025-06-09,84390.10754708662,76569.80269240984,0.015616457293845087,1771.3670839571396,60506.68303565336,1507.0737913034272,3825.102317007644,7650.204634015288,-2318.028525704217,0.10899506368239179,58188.763505012816,4191.6853201667245,3892.6272374477494,21762.582979072366,17896.844487495702,10222.125686027972,4327.460247442121
160,2025-06-10,78908.99225745987,76461.33893825399,165.55915968875814,1876.4094549718975,55459.962019384475,5558.14052377252,3198.9178295493584,6397.835659098717,2359.222694223161,1086.6024638593153,58905.78717746695,3892.6272374477494,2839.592938543632,21472.501466585367,18340.45705694785,11287.408456443545,5051.631337473533
161,2025-06-11,83788.57136176791,83851.78602962475,0.0,2515.6270345542703,58776.61552062491,6205.711070712363,2223.1858021273765,4446.371604254753,3982.5252685849864,0.0,62759.1407892099,2839.592938543632,3756.369065995254,23297.969282617687,18046.256604213868,9251.239775771157,4291.756159031497
162,2025-06-12,79921.63748680854,78040.60313749188,0.0,1662.238832836678,55682.20767251076,6371.901046661807,2733.770029037608,5467.540058075216,3638.1310176241986,0.0,59320.33869013496,3756.369065995254,3446.7207036262635,22129.770512915617,18203.797641593745,11208.260557997884,4857.737044591544
163,2025-06-13,35910.442069971396,37633.58995671732,0.0,6632.107166133943,18354.66934853411,5399.637255927502,1370.6933339317893,2741.3866678635786,4028.943921995713,0.0,22383.613270529826,3446.7207036262635,3577.0438128100086,13362.517327989519,10706.348237406144,7588.822924666098,3170.572419240957
164,2025-06-14,36348.054039242445,36461.25617465043,0.0,8452.23051696075,18942.023054474987,4414.543794304108,1688.6982694193707,3377.3965388387414,2725.8455248847376,0.0,21667.868579359725,3577.0438128100086,2916.654966827359,12684.383521442434,10868.700613752753,7398.743552166583,3160.2128675207396
165,2025-06-15,74674.97511071488,78425.37320990436,31.110860108871634,2768.4778990612335,51092.6035458251,7024.161324979579,1128.8834502969407,2257.7669005938815,5895.277874682638,215.61218905670648,57203.493609564444,2916.654966827359,3649.035542160816,23167.8385253608,18106.806687742137,7505.480360697468,3470.2705586234665
166,2025-06-16,79098.20194278345,79022.4830227835,75.12476157984884,2396.9930094091483,55146.36146437049,5523.373537325309,2222.761826107827,4445.523652215654,3300.6117112174825,509.2074167772013,58956.18059236517,3649.035542160816,3425.8603584889365,22144.313808380168,18137.751850092627,7980.311397424278,4063.886338549596
167,2025-06-17,80508.27031717164,81541.35133831034,37.4299652141666,2574.6213469493955,55960.91307238859,7775.0107508729025,2283.1773595380746,4566.354719076149,5491.833391334829,268.68928193987546,61721.4357456633,3425.8603584889365,3293.1843009688914,23613.458903560488,19246.310163652037,10176.76798965516,4874.847609829042
168,2025-06-18,80957.83716797689,78285.82131081638,42.28366467847866,3626.016392688156,56330.943085920255,8132.622785863963,4097.02684048469,8194.05368096938,4035.595945379273,296.48054192046925,60663.01957321999,3293.1843009688914,3037.1884177346137,21074.17883009239,17300.481147285685,14552.61289320056,6807.901102439345
169,2025-06-19,75564.39025689376,76379.40945319476,83.68865195485262,3880.3876816885704,50974.64884141492,11793.236209041948,3316.750753443378,6633.501506886756,8476.485455598571,580.1126364594402,60031.24693347293,3037.1884177346137,3202.5394638025364,21970.475168420595,17647.268944959556,17510.576629641175,7247.8294897906935
170,2025-06-20,33693.481825727205,33732.87562693453,227.0414307410687,9509.466339036799,17690.275702319817,3986.308786660651,1750.3800615207801,3500.7601230415603,2235.928725139871,1034.9461264533847,20961.150553913074,3202.5394638025364,2694.683779820056,13194.420969594892,11144.55110095609,6967.183767585275,3079.149657074331
171,2025-06-21,39134.24062601021,37698.89656168263,0.0,14618.36050464018,20636.664594136008,576.8628202610741,1112.0745470629588,2224.1490941259176,-535.2117268018847,0.0,20101.452867334123,2694.683779820056,3988.153707914865,13587.75116714275,9841.955510100297,2676.418580237019,1304.3621538166503
172,2025-06-22,71210.97128322022,74826.34627983317,11.923633753709282,3940.54527435153,48792.939255302386,7801.783329654896,1426.439067325068,2852.878134650136,6375.344262329827,81.42649490408068,55249.7100125363,3988.153707914865,3583.7314682205515,20022.966078738078,16582.582539502728,9093.453660214958,4027.033510543366
173,2025-06-23,75135.80811651528,73581.53187719994,5.998276491492561,2922.67771714603,52056.620606171506,3409.102315469895,2301.166370645299,4602.332741290598,1107.935944824596,41.45108969445935,53206.00764069055,3583.7314682205515,3255.0061211790285,20523.259204646194,16919.692768100787,7222.215346221314,3437.533809135265
174,2025-06-24,86827.38556051752,85909.22583518158,0.0,3891.861448819335,61805.63584279998,1877.41599053087,1458.4145962148168,2916.8291924296336,419.00139431605294,0.0,62224.63723711603,3255.0061211790285,4434.546583672558,24668.345895358303,18919.77375899605,4179.232724239607,2084.2199263917737
175,2025-06-25,75113.93366199473,77385.09446805208,7.1298353813728,4192.130715798026,51353.20945076227,4988.274833949289,1272.3260233178507,2544.6520466357015,3715.9488106314384,49.10674118920515,55118.26500258291,4434.546583672558,3373.1121290476376,19568.227527006275,16805.555306037517,6296.14900177706,2935.084301300947
176,2025-06-26,71007.8229675166,73734.2792836952,18.119338355794298,2466.829587565675,48183.9044082044,5578.628974940777,1007.5422653580257,2015.0845307160514,4571.086709582751,126.08341594879462,52881.07453373594,3373.1121290476376,3438.1823727043316,19366.43148347876,15628.246282326767,6441.384910683196,2867.085257004951
177,2025-06-27,35110.30293996138,33797.523530288716,0.0,11691.539748355755,17651.73895918153,3560.6662796253613,1862.573092498536,3725.146184997072,1698.093187126825,0.0,19349.832146308356,3438.1823727043316,3296.4192007112456,12957.498789789875,10623.16087452358,7863.120838950844,3049.4618523736563
178,2025-06-28,33343.86454961355,34344.22970864327,0.0,10481.702893886431,16908.498376919793,3857.513701982879,1315.2787531464332,2630.5575062928665,2542.234948836446,0.0,19450.733325756242,3296.4192007112456,2854.3392928428866,13070.908500903684,10985.30780281351,6421.783988939494,2601.116653807393
179,2025-06-29,69236.98368554177,75988.82206045458,194.50300646726788,2449.3192168651494,46218.65701552983,15820.983437788556,2367.261869027227,4734.523738054454,13453.721568761332,1018.3929206198898,60690.77150491105,2854.3392928428866,3110.090263161196,22295.06022861524,17828.822911891868,17141.389866287424,7640.923014956747
180,2025-06-30,78442.5729175151,78612.59132135051,77.21327631168162,4497.291271769711,53791.10193925285,3516.7725362879974,1617.162938449342,3234.325876898684,1899.6095978386552,546.3739777913718,56237.08551488287,3110.090263161196,3533.466224411685,20704.163039124793,16389.33369656564,5719.810842881392,2789.420450545341
181,2025-07-01,68791.82999333595,81401.85621261061,50.96881507795081,245.8483294657757,51839.11305257778,15065.641413279029,0.0,0.0,15065.641413279029,420.11045828000954,67324.86492413681,3533.466224411685,1988.2308955843191,19637.60242544257,17297.169760553108,12610.026219274663,5021.880471093009
182,2025-07-02,65829.41127368937,76213.90391543123,285.5543060217781,728.2847512864018,51414.1328184974,10772.05409643011,247.56029748859248,495.12059497718496,10524.49379894152,1834.2405588512001,63772.867176290114,1988.2308955843191,1377.080718227921,17981.275069056326,15114.867965556381,11225.672832195054,3838.2449962986293
183,2025-07-03,75193.69519313864,83445.20790797455,1634.4004202546084,898.2714538591297,56256.953789817046,16218.812764080263,1441.5326147811702,2883.0652295623404,14777.280149299095,4643.244847454721,75677.47878657086,1377.080718227921,1756.420518681587,21471.116424359967,17050.198483323267,15451.889470585287,6847.803536141258
184,2025-07-04,36497.04390875039,39216.989532057414,1694.5296467636595,10046.042129295813,21513.942199244266,4590.273013199438,533.347836682781,1066.695673365562,4056.925176516657,3623.7445787568454,29194.61195451777,1756.420518681587,1214.1215859878293,13014.098012015671,11029.48842915707,5872.007010842935,2063.438841082594
185,2025-07-05,39839.20811959586,41292.411330416246,1290.6577451690016,10689.58750178907,22853.65403766626,3315.6436615801113,427.41620965001175,854.8324193000235,2888.2274519300995,2768.6298440945593,28510.51133369092,1214.1215859878293,1861.2275438095494,13268.453921526103,10165.052314396595,3668.4274897246955,1532.6307635100488
186,2025-07-06,76359.1523161192,84777.20204361221,40.966499911378605,975.189225479285,58273.99802910171,11559.180537611715,746.6228450722531,1493.2456901445062,10812.557692539463,338.7868194615339,69425.3425411027,1861.2275438095494,1471.144442437238,23158.27662778629,19109.278859741982,11972.005071480016,4599.683024276159
187,2025-07-07,81706.38013757339,78873.25860611559,194.90914785470835,1412.3736320454923,60346.46166333741,5304.9409280181035,2691.9264651703497,5383.8529303406995,2613.0144628477537,1323.0471047848137,64282.52323096998,1471.144442437238,1779.187244570629,20889.85701756888,16643.545662310742,11325.435220547277,4460.240107843051
188,2025-07-08,100604.750623085,87435.25967327679,78.68215986610949,6063.740958009055,75414.15945580261,1246.6623518758083,5836.968323771633,11673.936647543265,-4590.305971895825,668.2469086943753,71492.10039260118,1779.187244570629,3356.5015687705204,23469.63666677514,17590.82280830796,14585.233043309141,6252.522441063569
189,2025-07-09,97413.30225620844,83866.70259088768,120.14983020855902,5916.483157260028,73021.0182013089,1207.810413750769,6019.545147657211,12039.090295314421,-4811.734733906442,1027.2442865416735,69236.52775394412,3356.5015687705204,3338.9132485892446,21197.230185961613,17185.58593879206,14997.958713403983,6422.148618907468
190,2025-07-10,89135.94225041482,81383.39271913233,228.9059619060348,5020.201035818237,67560.25110092034,2211.110826398808,4139.892839047343,8279.785678094686,-1928.7820126485349,1931.082913388046,67562.55200165986,3338.9132485892446,3062.546771698777,20985.284689937966,17246.810428051172,10380.061917248637,4876.929781180279
191,2025-07-11,54605.814907726366,47195.76026758011,271.07329623062145,12564.542050064956,32928.52237230445,722.9957377303813,3430.626240171277,6861.252480342554,-2707.6305024408957,1747.4775151035556,31968.369384967104,3062.546771698777,2917.6929254588413,13230.962238745906,10847.447875000125,8406.821905121238,3671.624819414738
192,2025-07-12,49728.77261875357,47768.72899475966,0.0,14229.93185193713,29840.55086122536,1489.2764128221029,1934.555598651969,3869.111197303938,-445.27918582986604,0.0,29395.271675395496,2917.6929254588413,2841.246994885036,13280.816563187498,10826.262753698302,4501.772887149118,2430.98106959267
193,2025-07-13,94187.71876993371,78366.35129649659,0.0,5069.286142391186,69484.80666834576,796.9091621475347,6505.8402284795375,13011.680456959075,-5708.931066332003,0.0,63775.875602013766,2841.246994885036,3014.71413023758,20385.391222569087,16356.046468463672,16687.440307197867,6771.47661586205
194,2025-07-14,93788.1507015051,82921.05395375978,0.0,6413.156490404957,68821.65261550818,1635.9312973245567,4475.960578223302,8951.921156446604,-2840.029280898745,0.0,65981.62333460942,3014.71413023758,4067.171588804553,19752.665968304653,15052.447721616496,13278.444647660328,5021.271010664821
195,2025-07-15,95608.91546749807,80506.00971348165,14.754289463519967,4841.484127257948,71386.4975806968,915.5179807731836,6498.398051057251,12996.796102114502,-5582.880070284067,127.85009965807701,65931.4676100708,4067.171588804553,3362.614727676185,18759.634038786447,15829.404746432552,16213.809915372185,6803.570711314978
196,2025-07-16,90827.58463406513,81305.45427924968,36.27309899692227,5117.385391086868,69054.16562260062,814.9007340480468,4304.782701549373,8609.565403098746,-3489.8819675013265,302.5304403794795,65866.81409547875,3362.614727676185,3789.846344310902,19501.42183607976,15411.643232253364,10526.270171014043,4576.416279565389
197,2025-07-17,86884.97307614094,79846.29523896867,38.013627510562515,4232.265297216303,64984.644590081734,3919.762259176397,4260.081792701404,8520.163585402808,-340.3195335250075,321.0510047228815,64965.3760612796,3789.846344310902,2756.2202238265777,20325.74216332718,17394.114660730913,13049.159465577457,5566.66921242687
198,2025-07-18,55653.864960811035,47456.8172299921,0.0,13077.773891684057,32443.587483375224,572.3482951269616,3273.883931204076,6547.767862408152,-2701.5356360771143,0.0,29742.051847298106,2756.2202238265777,3422.785544749615,13183.612891985806,10078.817653677766,9103.397313875728,3464.666696246397
199,2025-07-19,51642.24093875263,46393.727406909704,0.0,16915.86234132549,30993.704797799473,904.766091660314,2594.7989860423445,5189.597972084689,-1690.0328943820305,0.0,29303.671903417446,3422.785544749615,3185.574081502334,13202.822802667206,10907.776787082988,6766.282613817431,2896.387683262449
200,2025-07-20,92212.82899560922,82184.27226133007,0.0,5374.395990289197,67713.46408431395,1204.7217537362894,4150.048943767766,8300.097887535532,-2945.3271900314767,0.0,64768.13689428246,3185.574081502334,4179.079799240906,20135.488991628976,15415.590937254761,11547.060766419898,4551.622861679862
201,2025-07-21,96525.06918472223,84645.79215295753,15.345793838563964,7163.830754864056,73425.27933093828,1516.4413491324294,5632.22742157313,11264.45484314626,-4115.786072440701,127.10153746790604,69436.59479596549,4179.079799240906,3903.059399116431,19768.295800231877,16260.737958299851,13936.34172627903,6137.70787128394
202,2025-07-22,91151.15143743902,83680.00810490719,92.18558345200086,7295.907301442208,68568.5557561722,6226.322783072074,5722.759825215955,11445.51965043191,503.5629578561202,781.603005371871,69853.72171940017,3903.059399116431,2952.872686886901,18612.15690135204,15931.015131101729,16426.64744884318,7798.200752906645
203,2025-07-23,101885.89974505213,83835.1514866422,359.32433180874756,5881.448407470447,76038.30057862081,2398.4726984270424,8147.725486853765,16295.45097370753,-5749.252788426722,2535.917795466257,72824.96558566035,2952.872686886901,2899.865473874778,21811.509400130213,17715.029105816382,22108.253260381367,8947.216386329445
204,2025-07-24,98914.34971531363,83088.71857851243,17.69634459475526,4832.331571521911,74621.65568994376,948.2610605808296,6718.250382036118,13436.500764072236,-5769.9893214552885,146.90620465336082,68998.57257314184,2899.865473874778,3724.2423273890945,20608.800965381008,15951.189613795741,16980.21548611482,7034.3374022297285
205,2025-07-25,48458.30247274999,44115.98312887152,396.9451933927281,16300.92668804639,28985.946304113797,720.4282644615125,2586.277928685755,5172.55585737151,-1865.8496642242426,2396.6118522014663,29516.70849209102,3724.2423273890945,2958.1315390515374,12611.48303713155,10904.800969580356,5509.722601818713,2826.420683506259
206,2025-07-26,50042.74086375391,45527.03188790553,90.86648418839809,14587.895824180414,29505.940172671006,1209.372791923126,2541.141321273187,5082.282642546374,-1331.7685293500608,580.4147212987478,28754.586364619692,2958.1315390515374,2984.221650936622,13354.894108159318,10793.98312691247,6390.092758532669,2944.265585247562
207,2025-07-27,89868.155633571,81000.04095875821,71.13934764173757,3433.301022471335,66079.60000708312,3096.4844112289716,4488.622655501709,8977.245311003418,-1392.1382442727372,600.9155242315688,65288.37728704195,2984.221650936622,2887.3114048794832,21262.677396736988,17309.98791280839,13120.041414282667,5520.784125911367
208,2025-07-28,96565.61300263017,87896.86677685271,0.0,5340.686937984082,72461.97865642406,2752.6627028119583,4950.34147374255,9900.6829474851,-2197.678770930592,0.0,70264.29988549347,2887.3114048794832,3299.218250681851,22266.24444375358,17664.941838218278,12038.861641937598,5867.895708013202
209,2025-07-29,93498.50926195056,86517.05405745961,188.230616453554,6829.095894402481,69883.82407673504,758.9516022885919,3823.5463363583217,7647.092672716643,-3064.5947340697303,1495.6236309299056,68314.85297359523,3299.218250681851,3204.82851104792,20483.65050095385,16676.707671443157,7906.014068679374,4076.5302037878523
210,2025-07-30,84998.76090794794,84318.78860438615,22.21253723505754,5855.950754420581,64299.84384267601,5192.155910177107,2535.3086672583227,5070.617334516645,2656.847242918785,183.50887636742786,67140.19996196222,3204.82851104792,3735.8257752750533,20546.835786295887,16165.039449095246,8731.895762438495,4266.027303984025
211,2025-07-31,86769.88841088235,83477.31987836474,22.48229191586563,5257.1329469724615,64217.59809421481,2472.712528844268,2380.847539527702,4761.695079055404,91.8649893165657,189.1547630341355,64498.61784656552,3735.8257752750533,3191.4810069061214,21250.438148281723,17702.765191640236,6964.6913613466895,3205.085049142458
212,2025-08-01,49467.59272339937,44433.97725331897,0.0,20237.628847688506,29873.42125664455,12.51955292703211,2456.111707887655,4912.22341577531,-2443.592154960623,0.0,27429.82910168393,3191.4810069061214,3605.2473640170915,13539.99482928386,10595.006090320054,5044.845027588666,2460.2848921966656
213,2025-08-02,47031.76711906566,42966.356393948976,101.72228686717851,20580.91458532707,27571.075588385313,2832.685572663572,2916.488390974304,5832.976781948608,-83.80281831073171,581.6992534257445,28068.972023500326,3605.2473640170915,2733.0807472054116,12342.574301506636,10782.435139350888,7404.191910644601,3860.716915195495
214,2025-08-03,66603.84704170008,66058.5433550424,431.8164834049283,229.20501734417914,48400.84040572023,9357.776271955425,2492.608518576592,4985.217037153184,6865.1677533788325,2462.077352752569,57728.08551185163,2733.0807472054116,2643.446995111649,18433.395866601146,15011.721028831324,11949.79747353427,5611.867275895067
215,2025-08-04,73991.0551469479,69917.839308058,0.0,1048.2070538433484,55340.07862445561,1456.262230054112,1877.7015629780828,3755.4031259561657,-421.4393329239706,0.0,54918.63929153163,2643.446995111649,2564.5313395311528,18552.63821528291,15098.6610444016,5790.9770083439535,2363.1223063294533
216,2025-08-05,72425.87306239638,70920.31295367575,1.9789803106891668,2385.5373047910552,53652.63934125524,3010.478379437289,1662.025494499434,3324.050988998868,1348.4528849378548,16.412673206700603,55017.504899399806,2564.5313395311528,2368.0433475649006,18743.60046648243,15359.155570620394,5609.939641762948,2665.5182876451972
217,2025-08-06,78493.59501712442,71670.6842824588,0.0,973.8954796712751,58839.11801696729,3763.6454108031367,3701.190588236257,7402.381176472514,62.45482256687956,0.0,58901.57283953417,2368.0433475649006,1479.401507842358,17800.879957216574,15218.490421095712,12012.750478040907,4955.73905850397
218,2025-08-07,77373.31555863359,67860.38327638601,258.3189387294627,1080.2053665651028,54705.15159650092,1880.7477928806504,2805.2056926905616,5610.411385381123,-924.4578998099114,800.0049719333397,54580.69866862435,1479.401507842358,1291.0942562775547,20105.200657677386,16454.68905912701,11681.282898971285,3432.121623650778
219,2025-08-08,42339.76726433463,40799.862141524696,179.94752795181353,22349.097005593692,23360.001392518003,0.0,680.607396996888,1361.214793993776,-680.607396996888,1010.4037210296477,23689.797716550765,1291.0942562775547,1566.8402423120122,13723.000139220036,10867.45872533722,1539.9051228099347,680.607396996888
220,2025-08-09,40407.650043158814,40027.90757810636,0.0,18450.700195458037,22733.780396381197,720.5245594732144,331.82625822731734,663.6525164546347,388.698301245897,0.0,23122.47869762709,1566.8402423120122,1755.2801409914155,13082.53933598347,10427.260953335146,1471.3630176457134,572.0011113850555
221,2025-08-10,71048.57542068274,70178.9358005563,108.77958629740581,826.6304134363785,53752.60039961999,3966.738448519604,1546.3550350547875,3092.710070109575,2420.383413464817,528.7479716892896,56701.73178477409,1755.2801409914155,2436.095205713929,18651.222974563472,14494.757051146145,6586.320858855612,2868.601184561322
222,2025-08-11,72400.98300249432,68836.3466841236,642.0652915102532,1676.5853530073625,51846.350795116574,2039.630202575673,1896.0791298196352,3792.1582596392705,143.55107275603768,5421.257894982147,57411.15976285476,2436.095205713929,1782.9804608146578,20149.350314223608,16908.777024930467,5751.329311798027,2575.9558640115265
223,2025-08-12,76969.92377776795,72969.82608807701,53.13294905412806,965.2977897607552,56503.72732310765,4216.571472698624,2418.366729582992,4836.733459165984,1798.2047431156325,425.9516646904149,58727.8837309137,1782.9804608146578,2556.0005227721986,18954.73442951889,14657.616832148517,8561.003281983596,3823.890553815867
224,2025-08-13,67232.8587314014,71583.93014201877,40.93991566109173,1880.4571813671082,49914.94319687024,4840.283839416204,75.51903064544317,151.03806129088633,4764.76480877076,336.62845652332675,55016.336462164334,2556.0005227721986,2688.1466508260346,18444.746900338447,14821.313474025686,4693.353139138873,1688.946977117511
225,2025-08-14,68395.42163730433,70500.53668573117,0.5710430563676709,1290.9631196108676,51229.417348344745,7734.159283956951,1677.5422170893073,3355.0844341786146,6056.617066867644,4.963506245947796,57290.997921458336,2688.1466508260346,2324.483480823077,19006.055151821056,15722.201525977718,9713.169504797319,4255.595311741625
226,2025-08-15,40645.05690229572,38552.67356333028,355.82075893039223,19959.710751339837,23369.19033661025,646.7443886046894,1295.1918415641653,2590.3836831283306,-648.4474529594759,2160.0513893378193,24880.794272988594,2324.483480823077,1527.8247007072703,13189.734682588045,11400.677995000538,3232.1240220371446,1510.773304432395
227,2025-08-16,41305.11648705153,39061.78206083659,345.3619830556341,19784.25262423668,23769.164223768184,1353.3940227106518,1382.3892702968615,2764.778540593723,-28.995247586209643,2175.3851304359255,25915.5541066179,1527.8247007072703,1648.5853554254284,13604.876124960721,10911.26507197184,5032.261110428763,1833.5206112004118
228,2025-08-17,72428.9831289851,69335.98420909164,63.23188505644737,2077.195034328979,51161.506002531416,4670.948828526924,1575.3017785510897,3150.6035571021794,3095.647049975835,529.8912615893204,54787.04431409657,1648.5853554254284,1968.7241943057707,20360.539411369184,16203.911968216733,8937.524218815144,3132.284721393398
229,2025-08-18,72762.35441214795,72222.08682369083,39.71623114674037,3150.0846775258487,53506.426230209574,4390.522444110332,1425.267758882731,2850.535517765462,2965.254685227601,334.7085379891545,56806.38945342633,1968.7241943057707,2836.834161962108,20717.38836712821,15999.785606483147,6776.9505111499375,2888.7752402528413
230,2025-08-19,71148.75534424398,68409.08259680407,98.8164119016022,1975.819002677254,52799.85728969768,1005.2740238910699,1323.202862734046,2646.405725468092,-317.9288388429759,759.3518439005244,53241.280294755226,2836.834161962108,1595.4114117985093,17535.265427240378,15320.84547121195,4809.944198822627,1658.2942040310693
231,2025-08-20,79991.35321807416,76035.39776450848,66.04211586810595,705.9616775888599,57461.26692686193,5796.606661567564,2359.1661356837117,4718.332271367423,3437.4405258838515,547.227461142305,61445.934913888086,1595.4114117985093,2183.6817830632995,22186.02001043556,17441.232874314494,9800.35943633517,4291.368356206233
232,2025-08-21,73247.24036364912,69289.8320839647,337.48347356852594,1096.040584404409,52846.682194361136,2092.458754193352,1737.2976870567636,3474.595374113527,355.1610671365884,2241.1197364429904,55442.96299794071,2183.6817830632995,1236.5354879970903,18627.832396605678,15940.975906810187,7398.300505382365,2434.7839384545478
233,2025-08-22,41779.34542925119,41154.50891132414,0.0,16574.589832690875,23764.9376735821,1757.736483815654,803.6616300731305,1607.323260146261,954.0748537425238,0.0,24719.01252732462,1236.5354879970903,1820.6193234983652,14861.443298326943,11512.093619693675,3458.5477715934476,1389.573791345015
234,2025-08-23,38677.755963146345,40207.143942930634,0.0,14971.552493825784,21453.04947690441,2012.377293525927,46.53588535753453,93.07177071506906,1965.8414081683925,0.0,23418.8908850728,1820.6193234983652,1992.5371551389835,13425.575003306807,10719.989704201958,1727.1875398113407,717.3283165328435
235,2025-08-24,67383.96684710468,70018.9563223192,0.0,2110.945977637978,50259.19960462895,8690.239763589838,1431.5900349170824,2863.180069834165,7258.649728672755,0.0,57517.84933330171,1992.5371551389835,2462.58472872038,19744.094974340085,15569.674112992208,10569.826947449108,4328.336622780362
236,2025-08-25,93206.60827387146,77178.18987180218,0.0,3083.532609979501,67139.34275100447,1014.8336371613044,5656.927971890218,11313.855943780436,-4642.094334728914,0.0,62497.24841627556,2462.58472872038,1969.959418086617,19815.436972244235,16493.86672708822,17033.63055223715,5995.205850943986
237,2025-08-26,72325.27917050851,72621.86139161431,0.0,2528.049727721501,53572.13430926035,1943.684719154156,355.975104604787,711.950209209574,1587.7096145493692,0.0,55159.84392380972,1969.959418086617,2851.047460157251,19852.705487873252,15287.712207313767,2802.2343808386013,1003.8700109895057
238,2025-08-27,71275.6112063519,75180.43467175774,0.0,4681.097349908685,52641.64407107489,7516.798430008234,1275.6218550255073,2551.2437100510147,6241.176574982728,0.0,58882.82064605761,2851.047460157251,1720.6531265898864,18960.754502068514,16375.566046886128,12814.156591517834,3781.2213316949187
239,2025-08-28,70241.72234471436,77290.87957314763,39.020605065075756,1708.269149832752,50622.14029198043,10557.985047695667,641.9308908057096,1283.8617816114192,9916.054156889957,324.4705396687658,60862.66498853915,1720.6531265898864,2438.1711803182425,22147.735772058404,17293.899727011787,10076.520767913173,4161.259240037598
240,2025-08-29,43828.72528292058,41396.28133985881,0.0,16737.969533920805,25028.713873384353,969.7802325103983,1316.6640399172773,2633.3280798345545,-346.883807406879,0.0,24681.830065977472,2438.1711803182425,1857.305791443214,13820.370031187002,11717.278575248998,4299.419016800559,1639.9241174207432
241,2025-08-30,41311.892849649084,40640.220577229265,0.0,19625.376080467224,23625.663051983174,756.955292321232,409.64230446877855,819.2846089375571,347.3129878524535,0.0,23972.97603983563,1857.305791443214,1754.1377901305696,13657.767708474184,11155.643045045474,1854.1213774574856,661.9607352425226
242,2025-08-31,68238.42905139929,70685.70546189461,17.75049892821346,58.4682856536956,50541.4140800459,6161.649064617905,718.0401583257682,1436.0803166515364,5443.608906292137,150.95941263640321,56135.98239897444,1754.1377901305696,2211.2551241266638,18878.731532838538,14880.366941002729,5384.7469554326335,2771.92317986507
243,2025-09-01,80713.90127162635,66548.13540005892,0.0,7538.165711727834,51513.92886334053,2354.5878417888025,5284.3189131412655,10568.637826282531,-2929.731071352463,0.0,48584.19779198807,2211.2551241266638,4181.443475650687,19277.187571716582,13841.352416718819,18271.322618609527,6069.181527070867
244,2025-09-02,67127.17747430742,66868.36871296339,0.0,9098.543733431456,43833.05307487982,4296.06691084005,2024.1622484132167,4048.3244968264335,2271.904662426833,0.0,46104.95773730665,4181.443475650687,4306.996826270195,18942.479547233605,15230.410417701662,10305.818825981496,3456.184552026567
245,2025-09-03,69153.06929053259,60633.91982725283,0.0,1880.8312434657971,46897.22221221237,217.99288450433298,2854.0014034616015,5708.002806923203,-2636.0085189572687,0.0,44261.21369325511,4306.996826270195,4117.5284338875645,17767.857299638974,14562.485965851938,8906.315186136138,2926.6656982963796
246,2025-09-04,66846.01251936043,60062.80388215299,0.0,2847.8704436539474,45560.137903023286,911.313836333429,2761.88188206348,5523.76376412696,-1850.5680457300514,0.0,43709.56985729323,4117.5284338875645,3784.66081690177,18889.203914664547,15599.836026165496,7823.272074434448,3065.6531608412897
247,2025-09-05,35007.251914697015,31484.1889324906,0.0,22828.106916107667,17461.87432654461,328.3102444518771,1585.3309762171257,3170.6619524342514,-1257.0207317652485,0.0,16204.853594779363,3784.66081690177,3086.570290390337,12947.90433461346,11116.083984897192,4174.345750542675,1694.7677243677513
248,2025-09-06,35665.95190733231,33232.648444802064,0.0,22273.113421167174,17752.03019226128,1248.712067220567,1465.1606978795446,2930.3213957590892,-216.44863065897744,0.0,17535.581561602306,3086.570290390337,3830.4762060967623,13520.71578683742,10282.264463202528,4134.992531897472,1881.3980536197337
249,2025-09-07,61955.050677784326,62010.72907914151,0.0,3424.8382632088174,41455.3534664044,5621.160774840753,2168.0417421017282,4336.0834842034565,3453.119032739025,0.0,44908.47249914342,3830.4762060967623,3895.462094068388,18770.63105311351,15145.723853847485,11297.02773566719,4041.7620003819793
250,2025-09-08,60622.738408484205,63003.681149114745,0.0,1371.6631750442434,39641.47107911782,5962.228276765449,639.8062442636926,1279.6124885273853,5322.422032501756,0.0,44963.89311161958,3895.462094068388,2604.5443151296718,17885.654956747472,15649.206516010305,7161.149334930435,2627.215669852176
251,2025-09-09,54020.50671816904,57206.82290931768,88.52867672991769,1479.5576723747258,36164.8458930029,6887.739289372001,947.5391999759868,1895.0783999519736,5940.200089396014,449.16084489333923,42554.20682729226,2604.5443151296718,1635.4249208876415,18869.300535916,16156.340888909792,9183.561050692333,3243.4522964333205
252,2025-09-10,65236.6025873713,65727.5888792286,350.0733765403236,486.80252701125755,41968.17992081946,5359.2793903513775,1065.0010495830584,2130.0020991661167,4294.278340768319,1829.1139000010721,48091.572161588854,1635.4249208876415,1791.8183992150803,21758.457622436697,17483.596543679032,9371.708194235507,2851.4275130335172
253,2025-09-11,62281.32619440308,57355.645590015774,368.92364892273304,912.3414889255417,39707.663445723636,5198.3396396417775,2230.8373844755833,4461.674768951167,2967.502255166194,1563.3820910025656,44238.5477918924,1791.8183992150803,1295.0951467931875,19806.27838873335,16490.136422053714,13250.750927195662,3963.617264356176
254,2025-09-12,32622.08931571889,32723.29583291341,0.0,17951.648521927385,14842.33713224668,747.1921723143015,178.83202553948672,357.66405107897344,568.3601467748148,0.0,15410.697279021495,1295.0951467931875,1701.1339553840685,15023.97991186437,11803.988800878347,928.9908359310035,427.89608297758724
255,2025-09-13,31804.102616050568,32427.10208110313,0.0,21609.348956588008,14195.310323472966,1548.5028819763122,204.3093771070625,408.618754214125,1344.1935048692499,0.0,15539.503828342215,1701.1339553840685,1778.0204772197778,14428.704060682354,11618.052419500567,1631.6704970618114,720.4770044324999
256,2025-09-14,68087.80359396638,65116.46766035254,3.5550000000000637,1500.5248768566967,44599.546988662725,4403.750281805649,2212.070989832453,4424.141979664906,2191.679291973196,23.455890000000423,46814.682170635926,1778.0204772197778,1552.5444419200962,19595.27086981876,16075.097836322911,8921.91606347787,3679.987750434336
257,2025-09-15,58481.62280009607,60959.652315487176,310.87840668357927,1959.5596124003316,38542.0009853182,3411.323177985225,149.4647252403164,298.9294504806328,3261.8584527449084,1712.5956651375325,43516.455103200635,1552.5444419200962,1737.338706286149,21461.187571092905,17217.24709465581,3084.212872531857,1286.5724512353916
258,2025-09-16,71556.70750124553,65649.59230331978,4.854483333333405,2435.7782617575276,45790.61170596001,2770.9828795918097,2215.9218829239367,4431.843765847873,555.060996667873,32.66581835000049,46378.338520977886,1737.338706286149,1550.4709727089842,20500.418430429956,16773.51988886771,9212.538440183613,3139.5828427878732
259,2025-09-17,66775.13221045688,64483.49438974643,28.42959608548265,906.1542125477278,43403.105401386565,2713.362525871713,1517.010966994946,3034.021933989892,1196.3515588767668,60.17124011492404,44659.62820037826,1550.4709727089842,1200.0,20847.764466959383,17202.11309367519,5733.645460016654,2421.465142285517
260,2025-09-18,58573.546236611975,66015.492817688,0.0,2947.592580755142,37730.838622364245,9977.506725493167,899.9716691591975,1799.943338318395,9077.535056333969,0.0,46808.37367869821,1200.0,1294.8671379667162,21191.940505769235,17080.091385503038,14055.473455155769,4225.807244323587
261,2025-09-19,33285.20076171758,32545.80697715041,54.160193204916744,13298.987297818278,15631.472952167805,894.7309557926473,609.479486949961,1218.958973899922,285.25146884268634,89.9513032996418,16006.675724310131,1294.8671379667162,1696.2394444659412,14938.907789584626,11739.280233714246,2597.7255442331016,907.7231388808435
262,2025-09-20,32326.300835706126,31884.0634923356,388.05299314346615,13710.444755447148,14688.941398446254,1446.9304426838921,566.0532856338706,1132.1065712677412,880.8771570500214,1245.8244176756564,16815.642973171933,1696.2394444659412,1784.0982460566197,14932.447764563058,12016.20976786447,2904.3157033984503,1048.363433195168
263,2025-09-21,66832.07104622474,65040.97036548278,0.0,2802.258568750243,43603.66171476752,1125.5587854178223,690.2472477815638,1380.4944955631277,435.31153763625844,0.0,44038.973252403775,1784.0982460566197,1841.773991842443,20522.71653785244,16571.492224453235,3980.5959870290235,1065.4335095875044
264,2025-09-22,72902.44485999455,64916.07131788107,0.0,331.40034645245186,48173.23828371653,2451.5661187572164,3119.07078477322,6238.14156954644,-667.5046660160042,0.0,47505.73361770053,1841.773991842443,1835.5564742126166,20927.615020853267,16956.963932757993,11260.727601735758,3936.2594910256257
265,2025-09-23,72753.65549770737,67846.95256291324,166.8451485066098,1515.2870832050535,47811.5287902317,174.3134224220356,1655.1286017744403,3310.2572035488806,-1480.8151793524048,863.0663484503201,47193.779959329615,1835.5564742126166,2019.7283256174999,22190.212519037275,17808.3174741558,5078.82087228226,1713.2330759151187
266,2025-09-24,60095.44794920038,66970.0564972317,0.0,1864.0530578041858,39735.86256935702,6854.80810967887,12.775615103900954,25.551230207801908,6842.032494574969,0.0,46577.89506393199,2019.7283256174999,2017.4078270816754,21288.77256899874,17245.99422957122,6928.132226295109,2297.7116516635247
267,2025-09-25,65914.76075918457,66086.80125583276,0.0,2163.5478928712873,43703.41255506213,2316.318722255932,611.1131013095828,1222.2262026191656,1705.205620946349,0.0,45408.61817600847,2017.4078270816754,1818.4898027184995,19825.424657307063,16237.620194345582,5507.217573448024,1383.2193420615604
268,2025-09-26,35040.5352132657,32270.656429541705,553.6525730037057,12696.402061733823,15988.98759003959,308.6331896108121,1182.1783685669525,2364.356737133905,-873.5451789561403,2420.71518018221,17536.15759126566,1818.4898027184995,1387.0562589582512,14852.387527346404,12418.724086534814,3525.6224753431925,1285.0560984372235
269,2025-09-27,33770.81432524362,33797.293687683756,531.0535245451443,13456.348227018958,15613.864097217935,1474.7463465908522,620.0985996180923,1240.1971992361846,854.6477469727602,2359.8821036826066,18828.3939478733,1387.0562589582512,1394.9491597045724,16124.174339675019,13053.477604465079,3056.889712162481,1111.6807151483763
270,2025-09-28,66821.13198068438,70005.7233146622,0.0,1454.9450580071434,44246.8085393947,9611.245038635618,1849.9467097872375,3699.893419574475,7761.298328848379,0.0,52008.106868243085,1394.9491597045724,2460.0437560034693,21602.9681753652,16539.819085376803,13992.201198985953,5053.69505599911
271,2025-09-29,72382.34107656078,66516.79712141596,384.18813189710056,941.1641122741642,47813.30131110706,2084.730281514928,2592.7589296816723,5185.5178593633445,-508.02864816674446,2050.6317093187013,49355.90437225902,2460.0437560034693,1549.424640587725,21155.19339427935,17955.263853240445,9994.135785245384,3287.6690235199817
272,2025-09-30,71757.09623204646,71262.3617700135,868.1308356605718,1811.2005882351484,47763.98946821919,1325.8720562229885,649.5819964600896,1299.1639929201792,676.2900597628989,4849.754269911002,53290.03379789309,1549.424640587725,2224.3025590880466,22577.51117958928,17680.39392881703,2483.6558323561976,1091.539348534419
273,2025-10-01,66322.72506645258,59416.491324298346,12.237582190484673,4494.281648059968,41235.144267038995,1719.6979053950777,2393.5869524672808,4787.1739049345615,-673.8890470722035,58.52350637042214,40619.778726337216,2224.3025590880466,3502.037843056849,21699.81036591378,16426.88464081825,9564.560640311945,2966.8195875989736
274,2025-10-02,70010.79492849034,59162.41459267738,0.0,3292.785917512288,43844.76914169374,1420.0832343350548,3814.778810137649,7629.557620275298,-2394.6955758025942,0.0,41450.07356589114,3502.037843056849,3763.5043676147234,20544.87203366495,16406.026475166524,12899.263504981816,4288.139888249334
275,2025-10-03,29625.92720305168,29008.821798465444,0.0,18926.781746415625,12812.869834494082,981.3011011731869,681.4502839125663,1362.9005678251326,299.8508172606205,0.0,13112.720651754704,3763.5043676147234,3359.1417418752767,13835.856395870109,11570.970043820296,2583.5930313224217,1008.5506509702951
276,2025-10-04,32435.20192488492,30812.321978187687,0.0,15390.70165229501,14702.016732830558,792.8251342221495,990.9143616724707,1981.8287233449414,-198.08922745032123,0.0,14503.927505380238,3359.1417418752767,2903.028247832336,14400.737037884173,12075.099145324832,3156.5270321572857,1255.189406413187
277,2025-10-05,69357.45660323158,58916.026943783974,253.2557757182168,439.70287688408933,43279.30326236537,1493.2694927836073,3437.9062960954243,6875.812592190849,-1944.636803311817,1354.6205587156492,42689.2870177692,2903.028247832336,2922.4105605956643,20927.23523402337,16933.616458071934,12730.244498730626,3935.6627936899604
278,2025-10-06,61637.67455038206,63583.23435990412,20.44752097402529,1593.8904614191415,40701.60577635096,3396.0473800515065,1041.9575244082355,2083.915048816471,2354.0898556432708,97.95384922606816,43153.649481220295,2922.4105605956643,3225.163109255815,21074.76250349932,16798.08033404031,5738.334916879796,2173.9733177587377
279,2025-10-07,65822.54279192263,63803.451149329376,0.0,2036.9449704168183,41244.57735538866,4222.604203040739,1765.3325815897683,3530.6651631795366,2457.27162145097,0.0,43701.84897683963,3225.163109255815,3334.2288871127216,20509.389362322865,16514.4461834103,8423.45137278496,3172.8673159366813
280,2025-10-08,59039.631454377064,58388.728770931906,546.7547992838049,135.56277844540955,36237.39023265011,4024.076559155106,896.8883959222967,1793.7767918445934,3127.1881632328095,2829.437608405665,42194.01600428858,3334.2288871127216,1797.712018724543,19496.264771857903,17174.839646754263,6188.093745303942,2238.247248973999
281,2025-10-09,69448.26290587749,59364.94540398565,191.81246195088823,174.21994699231868,42848.56189871991,2730.2353073081435,3171.5933233102132,6343.1866466204265,-441.35801600207014,994.4437798517265,43401.64766256957,1797.712018724543,1414.5100080011503,20881.25286979971,17258.69663418882,13318.970400866267,4081.6717590795943
282,2025-10-10,30478.37697198709,31111.307898961375,0.0,18729.31963405323,12337.338788663881,1540.6921033808599,255.25277036110924,510.5055407222185,1285.4393330197506,0.0,13622.77812168363,1414.5100080011503,1439.4640096408227,15873.256561925144,12834.879213683662,2154.7878650202865,768.8168048213959
283,2025-10-11,31200.892578657295,32113.664020444343,0.0,14525.646632942107,12616.096358258124,1971.5133244785338,258.21241993065337,516.4248398613067,1713.3009045478807,0.0,14329.397262806004,1439.4640096408227,1851.1815549280025,16374.51586005498,12892.812055886076,2494.73479754679,915.3835280901646
284,2025-10-12,63348.13520986896,63198.80655507031,27.199421905895072,924.0173896764194,37736.292300494024,5342.8499757091195,983.6991976772488,1967.3983953544976,4359.150778031871,139.28944609980738,42234.7325246257,1851.1815549280025,1533.9946192273806,21434.214979457953,17647.182375491502,6922.525220348836,2764.649189580289
285,2025-10-13,68288.6487489331,62530.449392032024,9.785515827116445,674.5416058889961,42196.600307098895,4595.318854844774,2322.302423447358,4644.604846894716,2273.0164313974165,51.83877009414937,44521.45550859046,1533.9946192273806,2447.0068739161215,21139.931435527815,16301.633433557665,11207.111834468777,3854.0753750622825
286,2025-10-14,69639.44787054443,64723.50097767617,350.3269907625488,777.8548643245592,43848.45305498922,4430.184724970318,2634.4084409843044,5268.816881968609,1795.7762839860134,1818.5205469158573,47462.7498858911,2447.0068739161215,1932.2646291579636,20975.85179506934,17453.707974288503,14451.55325206709,4111.136682641077
287,2025-10-15,72036.55214666098,66003.8241026458,0.0,159.83178143940643,45538.84493249247,2609.873834558876,2613.3879039938574,5226.775807987715,-3.5140694349811383,0.0,45535.33086305749,1932.2646291579636,1807.9359188832059,21241.392160282514,17317.42348907612,10421.552143053446,3483.345848846816
288,2025-10-16,67389.5558035427,67183.17632904314,214.491792814534,463.2260517670953,42838.90572347108,2405.9447667204836,533.3916159924902,1066.7832319849804,1872.5531507279934,1314.024246201414,46025.48312040049,1807.9359188832059,1537.617019194728,22164.50594636951,18196.536826278934,3896.788181187169,1335.373204899318
289,2025-10-17,31004.279577641308,31985.79305128073,0.0,12921.690873184405,12702.12078630487,1548.5130618964567,225.3963167487799,450.7926334975598,1323.116745147677,0.0,14025.237531452547,1537.617019194728,1547.910095079272,16055.995227018766,12996.092365589113,2192.1902561080924,741.567337380932
290,2025-10-18,33173.55138467563,31594.113152910228,0.0,12465.074399757323,14156.904502170462,276.9434193729603,566.4884754040094,1132.9769508080187,-289.54505603104906,0.0,13867.359446139413,1547.910095079272,1573.726577359177,15943.213960180641,12890.768473694403,2204.4047350663363,658.8029485283295
291,2025-10-19,69229.65945135383,68634.28015769724,0.0,373.9971152683812,44298.179470741285,4882.505682990592,1278.0042283204957,2556.0084566409914,3604.501454670096,0.0,47902.680925411376,1573.726577359177,1789.045849728891,22004.06928401462,17629.508774919097,7000.794265752585,2905.5061226506928
292,2025-10-20,75864.54398834947,70300.40738962183,0.0,1999.2890200401716,49686.352819623644,480.8841453665451,2307.6779975469517,4615.355995093903,-1826.7938521804067,0.0,47859.55896744324,1789.045849728891,1491.8948333177152,21725.11535623715,17864.779353322145,6386.457272898599,2467.972712669133
293,2025-10-21,75717.82507372976,73035.96150856919,0.0,1322.4707590333323,49284.430151573426,1149.2496113570533,1434.3031543849474,2868.606308769895,-285.0535430278942,0.0,48999.376608545535,1491.8948333177152,2358.9225019685705,23529.392093421462,18278.482693885613,5057.527996195162,1817.3863581706319
294,2025-10-22,69418.75606409609,69701.99864202763,71.29061847529135,936.2692504547696,45544.97442853282,1264.9767663011633,491.9962768146228,983.9925536292455,772.9804894865404,441.19056757005404,46759.14548558942,2358.9225019685705,1467.1804372119461,21498.37457015326,18216.251260105102,2412.296346015082,913.6551989150106
295,2025-10-23,80999.16886889687,68165.1713543188,310.10370778739355,189.03036471058442,51969.975348491316,3603.4113881810617,5158.523517233047,10317.047034466093,-1555.112129051984,1583.7057759807058,51998.56899542004,1467.1804372119461,2171.3070023529417,22489.651344396738,17582.903680334464,18220.700973167266,6359.660646626733
296,2025-10-24,33160.92123297661,33188.99650624855,0.6014623116735471,12165.150205498314,14027.370484020073,504.2149022012576,240.16228760320496,480.3245752064099,264.0526145980526,2.4548684250955826,14293.877967043221,2171.3070023529417,1523.8088487332384,16774.44939291041,14170.052346515167,1086.9444952392942,408.2339216702908
297,2025-10-25,33287.54598616285,33832.8117108615,0.0,11210.89694551204,14097.083166324424,694.7252162469581,66.02812441302626,132.05624882605252,628.6970918339318,0.0,14725.780258158355,1523.8088487332384,1521.7056726002984,16975.657318609312,13752.175286593189,954.4989076882348,297.6031964953456
298,2025-10-26,74315.2405478674,70789.94724353238,12.419498460598044,661.6382236646177,47884.31402149453,4335.279448547542,2510.413008971399,5020.826017942798,1824.8664395761434,59.464558629343436,49768.64501970002,1521.7056726002984,2869.7856635561848,23069.181630533632,17472.765128871943,10081.3710894611,3955.5061584872465
299,2025-10-27,68713.10417241136,71241.07843870003,0.0,4547.649638895189,44807.38830046595,6931.1648797069965,1304.09106671587,2608.18213343174,5627.073812991127,0.0,50434.46211345707,2869.7856635561848,2134.178269872544,20015.230460281287,16874.383327143114,11452.3724153113,3614.479359951535
300,2025-10-28,69683.39868817663,70958.47138990636,0.0,1122.8220954499432,44629.56198849972,6979.813373022083,1598.3284421729866,3196.656884345973,5381.484930849096,0.0,50011.04691934881,2134.178269872544,1792.006190689258,21953.591924849472,18090.364330393033,9337.813273642552,3924.9328998470137
301,2025-10-29,77212.45158076237,75740.08294300962,0.0,1888.0626073613462,50575.511952725356,3614.330954776008,1209.3311472069654,2418.662294413931,2404.999807569043,0.0,52980.5117602944,1792.006190689258,1905.1785948998127,23357.41248346724,18817.648947818965,6497.257698946641,2414.1081321323018
302,2025-10-30,66457.66923595947,69017.75090393062,0.0,481.5155787609238,43940.695410381864,3874.753712985155,195.69076814024146,391.3815362804829,3679.062944844913,0.0,47619.75835522678,1905.1785948998127,1431.4016323204355,21972.720744690207,18224.303069520513,4133.067215756577,1487.275339135293
303,2025-10-31,36724.51109513311,35302.249309414445,0.0,7737.374205110388,15933.597375747197,122.82850115629688,584.479862543767,1168.959725087534,-461.65136138747016,0.0,15471.946014359728,1431.4016323204355,1725.5407724601168,17872.93585006149,14212.352812424102,1753.7690092045277,625.4226962625326
304,2025-11-01,34496.98916267276,34781.7195240557,0.0,8562.891004912934,14401.407924462874,705.2644304643583,175.62804207660773,351.25608415321545,529.6363883877505,0.0,14931.044312850623,1725.5407724601168,2077.183328296157,17675.325187142098,14000.535101332667,1248.821453075983,410.71618556472714
305,2025-11-02,72114.96476844832,74267.69980426278,501.9847085454957,2320.2075651680752,47647.89325706457,6852.8182461326405,1887.4218691291592,3774.8437382583184,4965.3963770034825,3126.3498431754815,55739.63947724353,2077.183328296157,1415.2164836094912,22362.437760657165,18709.344746350303,11113.003037997378,4171.694617840039
306,2025-11-03,81776.39487493511,75821.3386489282,0.0,1133.3126683440894,54893.51596391713,79.43154736190574,2382.1719490854066,4764.343898170813,-2302.740401723501,0.0,52590.77556219364,1415.2164836094912,2355.414246485963,22825.882687694502,17642.78699044373,6202.957147166528,2408.649131539375
307,2025-11-04,74720.64608344226,73433.7218939903,0.0,2013.5595022422322,49656.15160375131,4309.548943843877,1617.46762881502,3234.93525763004,2692.081315028857,0.0,52348.232918780166,2355.414246485963,2144.31977060795,21210.92308792079,17370.832729506048,9408.911290633461,3053.9839434296455
308,2025-11-05,82539.4237278249,74595.89409513558,3.2276833333334025,1132.5251215801368,56623.12911613245,723.1872910186855,3506.641276636955,7013.28255327391,-2783.453985618269,15.867291266667005,53855.54242178085,2144.31977060795,1723.2224316928514,21934.54839602996,18145.971805807858,9209.280179971263,3747.7037069765165
309,2025-11-06,76089.21753117071,77755.18331885527,78.18893347674623,2665.767283876898,51474.21638539541,6355.629714487852,1383.0005318921212,2766.0010637842424,4972.6291825957305,500.40784658698016,56947.25341457812,1723.2224316928514,1335.3988393457153,21826.640271408076,18028.619852952965,8524.46533962854,3501.5437700547386
310,2025-11-07,34844.42871416916,35637.43639457656,0.0,7940.638610905554,14804.780999087641,681.4682025763043,41.624441205659366,83.24888241131873,639.843761370645,0.0,15444.624760458286,1335.3988393457153,2246.351688805228,18728.833872758518,14350.497872420843,1066.2201958821668,268.78050873109413
311,2025-11-08,35778.49907403924,35828.22817975857,0.0,9136.373355058033,15311.148808157035,325.61029991208795,135.10053056703623,270.20106113407246,190.50976934505172,0.0,15501.658577502089,2246.351688805228,1971.0273993698627,16570.734658907164,13670.08693420663,654.6813265916526,243.6372972043989
312,2025-11-09,79031.41824054276,77058.50901278664,0.0,1427.5935143488869,53047.18629661137,1030.2536074339462,779.1712126974985,1558.342425394997,251.08239473644767,0.0,53298.26869134781,1971.0273993698627,2120.987591783225,21837.54811543366,17553.44980032924,3614.714473521541,1122.5890818421472
313,2025-11-10,80409.00587678883,80590.57765421897,147.4038489874397,3193.9654385639933,55297.88007946833,4284.762147097571,1428.3956154274958,2856.7912308549917,2856.366531670075,952.597374081329,59106.843985219726,2120.987591783225,1664.9151067188795,21558.09579579124,17872.522831148814,7303.020839991445,2856.6496644600197
314,2025-11-11,83057.68132555822,78269.48498351827,2.0516666666667334,2790.829645909069,56934.75638263635,683.4202322912274,2165.6632664261,4331.3265328522,-1482.2430341348727,10.46965500000034,55462.98300350147,1664.9151067188795,1582.1607533957642,21032.453976842145,17110.76663923294,5971.386627572298,2393.470010523176
315,2025-11-12,79655.79302961909,77990.0425290874,0.0,2789.4291049302556,53718.21746658711,4875.683782934788,2139.6499662839883,4279.299932567977,2736.0338166508,0.0,56454.25128323791,1582.1607533957642,1693.6646459196497,21811.958794135007,17567.333119977855,9382.120712515103,3764.8778939289177
316,2025-11-13,76609.6423095257,77964.1908921897,0.0,1171.5453100152852,52454.27546000884,4156.190811655106,629.5066272344418,1259.0132544688836,3526.684184420664,0.0,55980.9596444295,1693.6646459196497,2105.287129978437,21191.126472920303,16794.352207412543,5097.631230560362,2014.9035644528103
317,2025-11-14,36961.279772655434,35881.48789319273,270.54513363957994,5590.980279686648,15875.075227499843,649.8347663376392,671.0118470123991,1342.0236940247983,-21.177080674759964,1082.9268511651064,16936.824997990192,2105.287129978437,1622.3274483392315,17880.321898005015,14917.72445085935,2420.1678453150234,887.6234357916123
318,2025-11-15,40708.443451931154,39170.074301370856,0.0,6896.032082660633,17434.3904545537,0.0,474.71828756640406,949.4365751328081,-474.71828756640406,0.0,16959.672166987297,1622.3274483392315,2143.319406164827,18911.908105265924,14849.752803222362,1538.3691505602933,474.71828756640406
319,2025-11-16,78712.20413497552,80338.62741866677,0.0,1700.0962953000394,53859.756736993164,6077.8358560511115,1181.4390806168453,2362.8781612336907,4896.396775434266,0.0,58756.15351242743,2143.319406164827,2062.6741632370754,22508.249782465173,18304.263042431772,7661.712202536553,3207.3843659672157
320,2025-11-17,77320.20787688528,79467.28887563018,0.0,2251.8200065582278,52727.101803639685,7739.092038787945,1919.163900959756,3838.327801919512,5819.92813782819,0.0,58547.029941467874,2062.6741632370754,2157.953197782318,23336.64949814691,18816.934962408282,11261.619346295556,4498.861247222404
321,2025-11-18,80788.61400117539,79171.13656230624,345.39264216417877,263.3837787575675,55983.741797253344,2098.188300226531,1463.560686731936,2927.121373463872,634.6276134945952,1773.313079624382,58391.68249037232,2157.953197782318,2240.655082703723,22569.27313658035,18206.679544200822,4756.16567777687,2162.956786807446
322,2025-11-19,78281.83987487448,80643.6111553851,0.0,2081.227506203003,54918.272450119664,9097.248126112383,1951.415055592092,3902.830111184184,7145.833070520291,0.0,62064.10552063995,2240.655082703723,1388.8351249461102,20845.842164020694,17651.770114838608,12196.809202490327,4983.831097629554
323,2025-11-20,79373.52452001185,80764.26519071324,0.0,950.9825420694699,54229.35706520486,4510.512211448475,1040.391390397182,2080.782780794364,3470.120821051293,0.0,57699.47788625616,1388.8351249461102,1918.736870227123,23912.079181881712,18891.87256657127,6132.736428759574,2543.895460880007
324,2025-11-21,35418.14964912481,36363.25765253286,0.0,4111.557457517242,15661.66449685541,2136.325220134226,512.012113564172,1024.024227128344,1624.3131065700543,0.0,17285.977603425465,1918.736870227123,1885.6925458359206,17984.505370005518,14597.189241656553,5626.847451542107,1224.1205202755807
325,2025-11-22,40503.43556749251,38833.59759319209,0.0,5611.029768456542,17290.402831016,621.682173415956,517.7312292901368,1035.4624585802735,103.9509441258192,0.0,17394.35377514182,1885.6925458359206,1468.7962643300789,17778.657867144637,14775.919525742414,2902.7174304311893,724.9586204287887
326,2025-11-23,79797.09945026803,80358.89669722236,0.0,621.4249719292734,55162.94812953472,5614.616180051103,1534.994672770902,3069.989345541804,4079.6215072802006,0.0,59242.56963681492,1468.7962643300789,1701.0848175603758,22612.188126592002,18106.81268463226,7826.72277546099,3406.5333994546027
327,2025-11-24,78331.29851359973,77947.74520960129,253.85547656772601,224.8533183664365,53948.4334537424,2832.9413787342814,1147.7759988446755,2295.551997689351,1685.165379889606,1310.2477748601243,56943.84660849213,1701.0848175603758,1214.2362105112916,22384.03902182499,18569.235354022414,4572.562965492948,2092.0897917561024
328,2025-11-25,90722.45743348247,81472.70313816715,0.0,624.1363755366364,64170.50645500331,21.451733196076628,4148.290086922841,8296.580173845681,-4126.838353726764,0.0,60043.66810127655,1214.2362105112916,1632.8353761889257,22648.24761502099,17968.341319057137,9322.24373254647,4155.440664654867
329,2025-11-26,85294.80743483502,81973.94904502778,11.631718673156115,1068.473890943274,60106.13648128019,1631.9514431443126,2035.4266702946475,4070.853340589295,-403.47522715033483,66.40637306006982,59769.06762718992,1632.8353761889257,1521.5666270545025,22418.8519139227,18259.411924498367,5587.301143846596,2579.4104846760847
330,2025-11-27,82712.28703616344,82283.95746235207,0.0,1713.6048852898202,57861.25021337673,3306.9254338669402,1133.9440563653288,2267.8881127306577,2172.981377501612,0.0,60034.231590878335,1521.5666270545025,2119.8313848681346,22373.797693140303,17584.33784941138,5501.001960979368,2236.2525343209754
331,2025-11-28,37352.816631147485,36452.13525220522,0.0,1974.3825424991223,16094.527304182015,529.0910308404574,522.901079754856,1045.802159509712,6.1899510856014786,0.0,16100.717255267613,2119.8313848681346,2109.677157376081,18766.594549731286,15210.080390025192,2620.217879051027,699.2647567016752
332,2025-11-29,48029.089774564316,39157.3453219316,0.0,964.5214498637979,20864.369321871258,0.0,2193.416788409668,4386.833576819336,-2193.416788409668,0.0,18670.95253346159,2109.677157376081,1799.0054984335598,18647.254026926646,15383.880254858848,8871.744452632714,2193.416788409668
333,2025-11-30,84880.0429434343,85501.39591738282,0.0,665.9207255607556,59523.35886746974,4832.58600622429,1194.5942929660432,2389.1885859320864,3637.991713258247,0.0,63161.35058072797,1799.0054984335598,1910.432812447855,23633.48680285546,19042.839727700062,5736.286307971344,2805.4562950408067
334,2025-12-01,89166.9196003007,91487.69145868944,761.7646345122305,933.5247576876262,67749.44851396987,7030.917549341167,1016.2549386446561,2032.5098772893123,6014.6626106965105,5046.895274866712,78811.00639953309,1910.432812447855,2474.0978945507813,23735.289622568842,18718.28602038812,6209.2614654339195,3359.894121758379
335,2025-12-02,92476.9123956046,92695.010626012,311.00664510585756,435.0836806654504,71071.28235953927,6857.049498987605,1853.2746841609369,3706.5493683218738,5003.774814826669,2153.719986696605,78228.77716106255,2474.0978945507813,1901.705880844078,23411.98133046552,19478.85769001311,7837.398170869022,4138.957850490138
336,2025-12-03,83276.48887448851,93448.31744999984,0.0,1538.9729427845086,61518.644731200824,15282.854979379148,468.2307318918581,936.4614637837162,14814.624247487289,0.0,76333.26897868811,1901.705880844078,2126.752671961238,23916.072781806495,19169.476841257812,11752.617531337195,5562.51572501824
337,2025-12-04,89257.17730774259,91139.05860611374,745.3068380354757,494.69287462760815,68046.31841321838,9391.291705469303,2206.866942215599,4413.733884431198,7184.424763253703,5092.95929010618,80323.70246657825,2126.752671961238,2102.978428181128,24420.319152230102,19801.85533270848,10327.634844291322,5337.297510705366
338,2025-12-05,43697.295230560994,47009.88529414458,0.0,1638.6900050699692,19646.14555374188,4780.637569296914,482.40290701864546,964.8058140372909,4298.234662278268,0.0,23944.38021602015,2102.978428181128,2187.7701093493415,20964.50048784153,16904.93288210025,7237.771626153759,2075.94876345095
339,2025-12-06,46190.44072049328,49539.2532543424,0.0,1644.4283397980578,21216.82220284149,4200.9876021478,139.7723065223468,279.5446130446936,4061.215295625454,0.0,25278.037498466943,2187.7701093493415,2521.778995400941,20682.032107532847,16451.83800965517,4252.416450076033,1540.1015072382802
340,2025-12-07,93751.89688272981,93060.91150854313,505.9470371450661,1262.9787485173842,70303.48563745432,5307.1553333932925,1817.3550534427945,3634.710106885589,3489.8002799504984,3376.255943113029,77169.54186051786,2521.778995400941,2565.0123106141814,24275.202965678414,19624.0044185076,7376.408287806605,3586.406831240559
341,2025-12-08,102181.59923988057,97634.34569022461,0.0,5238.23838935992,77952.57238124828,2283.3547436560084,2377.3305022644336,4754.661004528867,-93.97575860842517,0.0,77858.59662263985,2565.0123106141814,3038.1014074709806,21700.610510667928,17151.71432646991,7237.387131337355,3138.4487501497697
342,2025-12-09,100969.00698904786,96231.939357044,24.683107986221785,4149.669699253166,76246.36338563383,1786.0889206132874,2627.6671149845406,5255.334229969081,-841.5781943712536,182.4575342341514,75587.24272549672,3038.1014074709806,3338.0644096689534,23413.325248064335,18694.82674895394,6677.846043947457,3223.0300885223032
343,2025-12-10,96454.69972576774,96812.13006188195,0.0,3767.973217642455,72644.9581084817,5803.327041575905,1858.2549956706964,3716.509991341393,3945.0720459052086,0.0,76590.03015438691,3338.0644096689534,3505.249832051037,23716.16577594189,19059.62739836905,8093.619805715948,3792.697342862665
344,2025-12-11,99432.99375786171,94335.1578941811,0.0,4181.316262943828,74088.4336788441,1175.6771254746088,2586.7253251766315,5173.450650353263,-1411.0481997020224,0.0,72677.38547914209,3505.249832051037,3415.6654377987356,22490.594137180815,18298.00720594353,6275.062290069332,2978.6177003348344
345,2025-12-12,53354.18277443285,52591.799369992914,0.0,5479.837306251988,24926.53595635209,2326.9745694712874,906.821648526649,1813.643297053298,1420.1529209446383,0.0,26346.68887729673,3415.6654377987356,3324.175888029911,18315.20618526071,14917.657604853117,6366.356425509461,1682.4798383504115
346,2025-12-13,54526.72258198554,51512.147685266464,0.0,4093.03628924258,26023.496468963975,2436.836075808912,1624.1925870327236,3248.3851740654472,812.6434887761884,0.0,26836.139957740164,3324.175888029911,3466.1183803537633,18383.314576837256,14762.73656414671,7772.160458423407,2436.4712789690275
347,2025-12-14,94322.24066778713,96369.9729311521,0.0,3151.657901665676,70861.30803387525,4093.5436180396455,385.6989651581788,771.3979303163576,3707.8446528814666,0.0,74569.15268675673,3466.1183803537633,3257.099607588043,24356.36907881878,19916.775849332356,3532.2635837178595,1750.2135045047273
348,2025-12-15,95961.56023908693,99219.47778246974,0.0,3743.6019932102863,71827.1492230806,6294.126094444375,737.9187534893981,1475.8375069787962,5556.207340954977,0.0,77383.35656403558,3257.099607588043,4575.05558422059,25369.24970328158,19362.93188068879,6287.991102104647,2835.9607849708564
349,2025-12-16,99875.4730975763,97621.13067120731,0.2538166666666939,4166.096343612701,76345.95925092383,464.76771877779004,1430.0908704113403,2860.1817408226807,-965.3231516335504,1.7279838666668519,75382.36408315695,4575.05558422059,4359.488090588695,22269.513448403486,18232.316637475535,2992.0678152768805,1585.0134433372702
350,2025-12-17,99867.74470361718,95216.73533650616,2.44443333333345,2926.174431363801,76167.04695582685,2092.0076387115487,2930.025467182914,5860.050934365828,-838.0178284713647,16.72236843333413,75345.75149578882,4359.488090588695,4202.776396119919,22327.36208858375,18226.20381677473,6863.552606419683,3627.3613467534296
351,2025-12-18,94329.3957784662,94140.5451226636,0.0,2444.604543257392,70791.46035581708,3310.61897571085,942.7491357288382,1885.4982714576763,2367.8698399820114,0.0,73159.33019579909,4202.776396119919,4081.825670903539,23360.680344390938,19031.006731651396,4510.258692271636,2046.2887942991215
352,2025-12-19,50782.514750893686,49418.655937470474,0.0,2919.6821296044054,23667.30421886584,2770.4252545170275,1041.2677157111334,2082.535431422267,1729.157538805894,0.0,25396.461757671732,4081.825670903539,4138.415130428844,18629.747338385794,15039.164830519721,6342.017080002845,1964.742800550143
353,2025-12-20,52976.72839333571,49346.91063208733,0.0,2477.691983899756,24956.530298439382,472.85864475865156,1318.4519752375772,2636.9039504751545,-845.5933304789257,0.0,24110.936967960457,4138.415130428844,4295.529605425629,20376.123003634053,16363.256605446475,4196.505153074995,1476.071523490461
354,2025-12-21,97521.42001379549,97061.08475003604,12.010462284082905,3958.0317352309703,73370.61929894242,3425.9575943617415,1368.0107957478617,2736.0215914957234,2057.9467986138798,84.45156555052895,75513.01766310682,4295.529605425629,3910.663418909787,23282.427254140726,19205.14564371825,4919.801707652539,2509.9966605351087
355,2025-12-22,97072.06197291595,96030.89337773988,0.0,2737.4814461559818,74086.88598629733,1625.8066243107273,1020.9735659688663,2041.9471319377326,604.833058341861,0.0,74691.71904463919,3910.663418909787,3872.0090882077934,23109.335504644012,18753.35065639345,3239.0138499858263,1562.9091074057753
356,2025-12-23,99900.85365109751,95517.3741976397,0.0,3403.65525693683,75726.56698761557,2786.8073310422724,3041.383252581625,6082.76650516325,-254.57592153935275,0.0,75471.99106607623,3872.0090882077934,4222.8720396240915,23893.94605839403,19038.319651024492,6947.036020336294,3970.3190295957156
357,2025-12-24,98497.15373928465,95976.88043432031,66.05695365525617,3158.1085164982305,73971.12083191842,1167.3268475441344,1646.713159426346,3293.426318852692,-479.3863118822119,508.36223532322765,74000.09675535944,4222.8720396240915,4763.972658036354,23911.99472757701,18881.72517276635,3749.912022777801,2035.822108607724
358,2025-12-25,92904.5522264437,94379.64685529594,0.0,2860.3557570499643,69478.7606632139,4336.947302906101,778.3875189504104,1556.7750379008207,3558.559783955691,0.0,73037.3204471696,4763.972658036354,4004.762143901474,23105.95804017916,19399.115475266517,4587.332826105491,2224.0366199191108
359,2025-12-26,51112.0934709299,49485.35544118144,0.0,2371.096311172353,23770.115897181702,144.25084483100403,559.8534475333262,1119.7068950666524,-415.6026027023222,0.0,23354.51329447938,4004.762143901474,4250.398970030041,20450.334490316032,16343.697793640275,1919.0974548297133,607.9370624769942
360,2025-12-27,51977.553401277444,49816.27240383745,0.0,2725.2350668004246,23604.08348240213,1173.8860929568489,876.5485969446535,1753.097193889307,297.3374960121953,0.0,23901.420978414324,4250.398970030041,4256.636488378996,19719.023704506886,15966.795434136526,3684.0168622710244,1267.8439612636032
361,2025-12-28,96083.02546240218,94390.65984524434,74.67229878865464,2907.6229534815147,71681.20075924831,2272.795303937154,1715.4744043327405,3430.948808665481,557.3208996044136,555.7014480787335,72794.22310693146,4256.636488378996,4558.270358607706,23563.073459713953,18814.619019162463,4600.73025959948,2473.072838978458
362,2025-12-29,97038.89543396971,95629.5436293828,80.36917067831769,3952.377552595464,71981.6804021229,1812.216443616198,1421.066875092431,2842.133750184862,391.1495685237669,572.7812627438095,72945.61123339049,4558.270358607706,4296.722425218471,23521.9058992068,19288.136918407818,4367.602220726636,2025.139022964497
363,2025-12-30,98564.35455926636,95879.4929336292,192.54534531464634,4492.0392073872945,72572.21827950462,2248.376883699515,2074.6495371677274,4149.299074335455,173.7273465317876,1358.574591248023,74104.52021728443,4296.722425218471,5124.307499737076,24267.21002363057,18911.613552074014,5895.4637356875555,2824.108498400899
364,2025-12-31,99464.81167580571,96990.87077619704,0.6610204710181051,3492.2086304213103,74591.4555355816,834.4911364926736,1499.900859906912,2999.801719813824,-665.4097234142382,4.860814033631636,73930.90662620097,5124.307499737076,5386.425936910182,24299.966523461262,19447.06629054783,3635.055279989468,1778.0645720711364
