day,date,G0,G,R,W,base,increase,cancel,refund,adjustment,emergency,total,S0,Send,C,D,absolute_adjustment,surcharge
0,2025-01-01,54149.36566502058,54149.36566502058,34900.52509164609,0.0,32909.8652559563,0.0,0.0,0.0,0.0,179691.37557177126,212601.24082772757,6000.0,1200.0,7024.846,10010.125259999993,0.0,0.0
1,2025-01-02,96853.44019506172,96853.44019506172,1530.930611666667,463.5164333333332,61853.479049846166,0.0,0.0,0.0,0.0,7429.491871768836,69282.97092161501,1200.0,1365.1683916666664,25720.86081172839,20685.245705,0.0,0.0
2,2025-01-03,97149.5001978052,97149.5001978052,0.0,41861.21272363968,62183.0986368983,0.0,0.0,0.0,0.0,0.0,62183.0986368983,1365.1683916666664,8522.945869629628,17586.03356490627,7802.68745740741,0.0,0.0
3,2025-01-04,124055.37486248682,124055.37486248682,0.0,78291.77460969152,86168.28666297751,0.0,0.0,0.0,0.0,0.0,86168.28666297751,8522.945869629628,8307.31184288168,6274.044790535694,5276.046904407066,0.0,0.0
4,2025-01-05,113362.48855331249,113362.48855331249,1548.7629874812271,28114.80220151766,77352.9074604901,0.0,0.0,0.0,0.0,8429.466455197444,85782.37391568754,8307.31184288168,1200.0,11354.314199313516,15593.575160037464,0.0,0.0
5,2025-01-06,120580.03273977117,120580.03273977117,0.0,22124.44766718379,81500.44820375995,0.0,0.0,0.0,0.0,0.0,81500.44820375995,1200.0,5059.811816632441,22890.912303253604,15067.808330666227,0.0,0.0
6,2025-01-07,120583.93711565628,120583.93711565628,0.0,23644.66052891003,83253.90441982703,0.0,0.0,0.0,0.0,0.0,83253.90441982703,5059.811816632441,6041.953573305505,18360.25292495001,13987.877288203754,0.0,0.0
7,2025-01-08,122579.66007402334,122579.66007402334,0.0,29746.782848853345,85261.67037796113,0.0,0.0,0.0,0.0,0.0,85261.67037796113,6041.953573305505,6260.81921478732,16367.87805878792,13061.002150284581,0.0,0.0
8,2025-01-09,123547.36960722783,123547.36960722783,0.0,29201.96255978247,86247.5756002782,0.0,0.0,0.0,0.0,0.0,86247.5756002782,6260.81921478732,6451.583831521234,16221.90934588504,12968.058415106358,0.0,0.0
9,2025-01-10,124490.10494503888,124490.10494503888,0.0,73315.813096767,87131.21595906792,0.0,0.0,0.0,0.0,0.0,87131.21595906792,6451.583831521234,10800.0,9316.055684075358,3632.4305524701504,0.0,0.0
10,2025-01-11,111836.12126871978,111836.12126871978,0.0,66004.81250631191,78637.07580319225,0.0,0.0,0.0,0.0,0.0,78637.07580319225,10800.0,10800.0,5081.1691881116485,4115.747042370435,0.0,0.0
11,2025-01-12,96418.26159681164,96418.26159681164,0.0,10118.76488266507,65955.06102313433,0.0,0.0,0.0,0.0,0.0,65955.06102313433,10800.0,3057.2475239143623,12642.555487492904,17208.94717334633,0.0,0.0
12,2025-01-13,112305.94361959843,112305.94361959843,0.0,19408.788611992903,75322.6733715075,0.0,0.0,0.0,0.0,0.0,75322.6733715075,3057.2475239143623,3974.7852548114024,19986.38991121863,15363.19187027976,0.0,0.0
13,2025-01-14,113982.42180938128,113982.42180938128,0.0,20462.492906635147,77117.20191072169,0.0,0.0,0.0,0.0,0.0,77117.20191072169,3974.7852548114024,4545.908209404268,19608.449001469635,15368.833032056828,0.0,0.0
14,2025-01-15,115576.51403952927,115576.51403952927,0.0,21425.08022549234,78695.80118170116,0.0,0.0,0.0,0.0,0.0,78695.80118170116,4545.908209404268,5008.193792856208,19289.651871562393,15208.560990858794,0.0,0.0
15,2025-01-16,116899.72307045136,116899.72307045136,0.0,23951.095325843136,80036.74805060611,0.0,0.0,0.0,0.0,0.0,80036.74805060611,5008.193792856208,5411.403920670678,18482.037787237947,14607.561492629717,0.0,0.0
16,2025-01-17,117596.70978945306,117596.70978945306,0.0,67889.41247403472,80859.01181071987,0.0,0.0,0.0,0.0,0.0,80859.01181071987,5411.403920670678,10800.0,11412.880933448923,4394.697084697237,0.0,0.0
17,2025-01-18,103911.56348984425,103911.56348984425,0.0,59617.159383705395,71994.18603997759,0.0,0.0,0.0,0.0,0.0,71994.18603997759,10800.0,10749.775300885382,5774.196414080713,4722.3013246085275,0.0,0.0
18,2025-01-19,94846.39569190063,94846.39569190063,0.0,10518.48735512404,64678.187801033804,0.0,0.0,0.0,0.0,0.0,64678.187801033804,10749.775300885382,3171.250342848466,12976.007012332386,17331.23814222246,0.0,0.0
19,2025-01-20,108661.51135219753,108661.51135219753,0.0,15606.768611880336,72923.26721221827,0.0,0.0,0.0,0.0,0.0,72923.26721221827,3171.250342848466,4238.015279475672,21197.777617645806,16210.111427328622,0.0,0.0
20,2025-01-21,110440.6132484446,110440.6132484446,0.0,22949.177056260163,74903.00710005214,0.0,0.0,0.0,0.0,0.0,74903.00710005214,4238.015279475672,4823.818527302015,18359.518872670542,14343.987363819426,0.0,0.0
21,2025-01-22,111111.14075712605,111111.14075712605,0.0,18807.212170893432,75806.99090934836,0.0,0.0,0.0,0.0,0.0,75806.99090934836,4823.818527302015,4647.907149206885,18755.181367639878,15350.017148073923,0.0,0.0
22,2025-01-23,113458.19634021765,113458.19634021765,0.0,19575.8933418567,77627.43434589807,0.0,0.0,0.0,0.0,0.0,77627.43434589807,4647.907149206885,5370.7052312250835,19293.995392339915,14977.617993978954,0.0,0.0
23,2025-01-24,114446.89553335472,114446.89553335472,0.0,67558.51088476337,78687.97275833262,0.0,0.0,0.0,0.0,0.0,78687.97275833262,5370.7052312250835,10800.0,11434.769508915428,4375.798010324072,0.0,0.0
24,2025-01-25,100429.02124826316,100429.02124826316,0.0,60810.506958084734,69654.09218744686,0.0,0.0,0.0,0.0,0.0,69654.09218744686,10800.0,10800.0,6204.941176377662,5026.002352865906,0.0,0.0
25,2025-01-26,92206.29643988928,92206.29643988928,0.0,9015.999420218135,62744.46615205449,0.0,0.0,0.0,0.0,0.0,62744.46615205449,10800.0,3161.1980838981744,12453.8353201551,16962.528333817278,0.0,0.0
26,2025-01-27,106358.72606986552,106358.72606986552,0.0,17782.954089570187,71081.71644655943,0.0,0.0,0.0,0.0,0.0,71081.71644655943,3161.1980838981744,3953.8259707362,19302.579467409345,14921.72427044735,0.0,0.0
27,2025-01-28,108078.39722223744,108078.39722223744,0.0,16811.57368812734,72835.30985433646,0.0,0.0,0.0,0.0,0.0,72835.30985433646,3953.8259707362,4551.686067638444,19728.158317007477,15441.734149564036,0.0,0.0
28,2025-01-29,110039.52044973771,110039.52044973771,0.0,24942.058172493984,74671.11163042407,0.0,0.0,0.0,0.0,0.0,74671.11163042407,4551.686067638444,5090.789994777886,16984.566804306443,13272.305577062718,0.0,0.0
29,2025-01-30,110301.8267724755,110301.8267724755,0.0,23024.85612451094,75143.39509089824,0.0,0.0,0.0,0.0,0.0,75143.39509089824,5090.789994777886,5247.368516251779,17860.353659498618,14325.965794867381,0.0,0.0
30,2025-01-31,111275.08814455084,111275.08814455084,0.0,65297.34139787462,76118.45173038449,0.0,0.0,0.0,0.0,0.0,76118.45173038449,5247.368516251779,10800.0,11663.44927001483,4450.025573338616,0.0,0.0
31,2025-02-01,50921.90312698996,39045.210330208385,0.0,8923.520083138152,30281.066884039137,0.0,3869.6897427126873,7739.379485425374,-3869.6897427126864,0.0,26411.377141326455,10800.0,4075.602294973574,9449.853938214124,13706.339624477227,11876.692796781572,3869.689742712687
32,2025-02-02,102839.3118017528,89396.31751996529,0.0,7735.850007889838,68121.52911389674,0.0,4788.167945118943,9576.33589023789,-4788.167945118947,0.0,63333.361168777796,4075.602294973574,3663.0121714992756,19344.845648433296,16040.656086357842,13442.994281787505,4788.167945118945
33,2025-02-03,106649.04568856102,91804.40344103704,0.0,7386.680075848579,70695.6533866766,8.334308437788062,5455.1445816260375,10910.289163252077,-5446.810273188251,0.0,65248.84311348834,3663.0121714992756,4039.2024146025324,20327.55603366074,16126.749168472272,14852.865744342138,5457.922684438634
34,2025-02-04,109551.67344873125,92991.64974645906,0.0,8096.743458673769,73309.02267536662,48.335298894474924,6059.904528257537,12119.809056515074,-6011.569229363062,0.0,67297.45344600355,4039.2024146025324,3918.5291940889488,20045.517032881657,16345.474695096369,16607.786563963164,6076.016294555697
35,2025-02-05,102951.81274677227,89939.45436408071,0.0,5613.230853479368,68148.67190491706,1276.7539581641176,5338.734425669745,10677.468851339489,-4061.9804675056257,0.0,64086.691437411435,3918.5291940889488,3580.220954532422,20433.02075194155,16855.224224673526,14609.397240587085,5764.319078391117
36,2025-02-06,107834.7670466573,90069.53005581745,0.0,5911.960323934898,71590.98148157867,747.4810024026101,6912.605016858051,13825.210033716103,-6165.124014455441,0.0,65425.85746712323,3580.220954532422,3523.3628904793713,20724.65669928229,16838.144184066405,19014.461214161216,7161.765350992255
37,2025-02-07,57178.694059835456,47991.92143585748,0.0,12869.072648916534,33629.539606380815,0.0,3620.355581127693,7240.711162255386,-3620.355581127693,0.0,30009.18402525312,3523.3628904793713,3840.7514558331836,15955.365323451939,12638.19620317765,9186.772623977962,3620.355581127693
38,2025-02-08,45891.856758439964,42818.52029318026,0.0,8525.507153883416,26498.88320902454,11.333416362592024,1586.07651077893,3172.1530215578605,-1574.7430944163384,0.0,24924.140114608203,3840.7514558331836,3520.6134228190163,15810.392907068019,13094.54248443784,3110.01250975493,1589.8543162331275
39,2025-02-09,97014.7237725485,89131.89586236139,0.0,6195.1785984147455,64404.37677698473,164.21154306401115,2934.3195548422364,5868.639109684473,-2770.1080117782253,0.0,61634.26876520651,3520.6134228190163,3212.815927639853,19254.310752322297,15873.009455042313,8396.611635628005,2989.0567358635735
40,2025-02-10,95571.18712850532,84265.88630435684,0.0,5640.358207452012,63269.29130071061,25.649339948667325,4256.379191150819,8512.75838230164,-4230.729851202153,0.0,59038.56144950845,3212.815927639853,3922.996233252756,19261.72757115735,14962.83705758584,11344.50338411173,4264.928971133709
41,2025-02-11,95141.21042431868,83086.03672957214,0.0,4681.6682659127,63279.688357731,4.661135312579294,4993.800051333885,9987.60010266777,-4989.138916021306,0.0,58290.54944170969,3922.996233252756,3279.6418314801035,19804.15943116575,16620.388100839646,12071.278507090243,4995.353763104744
42,2025-02-12,93824.92020627175,82200.19545001097,20.628954005013156,2779.8086833738853,61227.20397032447,1587.2937725840616,4697.0294661912285,9394.058932382457,-3109.7356936071665,90.34450406495512,58207.81278078226,3279.6418314801035,3397.4850625927397,21411.6877858285,17237.40819851971,14136.090815987398,5226.127390385916
43,2025-02-13,87933.10473827261,78328.12425340034,0.0,3589.3094414946986,56618.46062975546,841.0330032839308,3555.3248364927067,7110.649672985413,-2714.2918332087756,0.0,53904.168796546684,3397.4850625927397,3126.7064767026995,19226.508013368504,15817.172218129524,11055.079472273595,3835.669170920684
44,2025-02-14,45367.48083206072,40648.91793223516,0.0,7612.155248538191,24666.25913723876,1104.5655508769544,1629.9973465093285,3259.9946930186575,-525.4317956323744,0.0,24140.82734160639,3126.7064767026995,3193.1873364149315,16711.200490996296,13476.239623965994,6461.330386794192,1998.185863468313
45,2025-02-15,44480.61371162093,40525.771904519635,0.0,8302.649752962492,24714.343484467627,0.0,1359.1822344870363,2718.3644689740727,-1359.1822344870363,0.0,23355.161249980592,3193.1873364149315,2990.688535217266,16448.84196123704,13505.810909679898,3954.8418071012975,1359.1822344870363
46,2025-02-16,92367.37158069559,80315.46749196872,0.0,1720.0564046113611,60160.50081104295,0.0,4616.565199321538,9233.130398643078,-4616.56519932154,0.0,55543.935611721405,2990.688535217266,2339.3541181669807,20022.278751066464,16804.246763709092,12051.904088726853,4616.565199321539
47,2025-02-17,94227.11524805054,78953.84450776373,0.0,3018.17896675128,60791.617336169744,0.0,5323.974931321016,10647.949862642032,-5323.974931321016,0.0,55467.64240484873,2339.3541181669807,3379.2871224755972,20083.487739305456,15331.685364959663,15273.270740286809,5323.974931321016
48,2025-02-18,84428.71902200113,78863.88344689686,0.0,3086.747259504773,54911.07114675168,56.53652503448838,1851.9257117194861,3703.851423438972,-1795.3891866849972,0.0,53115.681960066686,3379.2871224755972,3627.203696530713,18224.334144258624,14538.585740199878,5748.1130693403975,1870.7712200643152
49,2025-02-19,83095.05299458592,78954.302580421,47.44233207274294,3682.9732799266308,53287.52347188424,646.5505221732412,1614.8004405998104,3229.6008811996207,-968.2499184265689,207.77369331257773,52527.04724677024,3627.203696530713,2100.6095467952655,20070.4157052405,17630.971456006704,5189.079724884283,1830.317281324224
50,2025-02-20,86690.96178751833,78449.7251372975,45.725298144463295,2948.9728394739905,55028.040987292494,1801.1008235625036,3424.9979271461416,6849.995854292283,-1623.8971035836385,214.17729650866607,53618.32118021752,2100.6095467952655,2654.57939832896,21340.899980285903,16787.55611765126,11011.871440237062,4025.3648683336432
51,2025-02-21,40082.898494932255,38198.93689734147,0.0,9421.820584661775,21630.881398587615,684.6914246370527,1045.5785592001562,2091.1571184003124,-360.8871345631035,0.0,21269.994264024514,2654.57939832896,2578.824458775445,17289.65118391852,14072.796904572158,2889.5061894869996,1273.8090340791737
52,2025-02-22,41703.29792925173,38162.60716804353,0.0,7006.812902569538,22864.778953058987,205.92541557487795,1418.5112527138149,2837.02250542763,-1212.5858371389374,0.0,21652.19311592005,2578.824458775445,2643.626166919629,17119.525499004678,13808.494116864022,3815.481898523782,1487.153057905441
53,2025-02-23,85373.47276029216,76765.84688442275,17.379090403115697,1453.054488254482,54267.209097914274,173.15373826766756,3134.16527468202,6268.330549364041,-2961.0115364143535,81.40365944819392,51387.60122094811,2643.626166919629,2393.74073358094,21174.814174962507,17376.496371724454,9141.34824411064,3191.8831874379093
54,2025-02-24,83094.70322891689,74586.3881860759,77.71680000000015,2399.6451712991184,53169.060052292385,149.76485085084457,3265.6010078202576,6531.202015640514,-3115.836156969412,356.03639745000066,50409.260292772975,2393.74073358094,2565.6659811119093,20561.544607011834,16500.118408901708,8978.453976886285,3315.5226247705386
55,2025-02-25,86262.97585632434,72248.90387880334,42.9270333333335,2652.0211916410753,55034.78150670953,156.5968088284847,5046.501510796081,10093.003021592162,-4889.904701967596,187.9930264666674,50332.8698312086,2565.6659811119093,2464.832330009065,20574.93038502542,16756.443897863144,14504.773796216283,5098.700447072242
56,2025-02-26,72598.88992144319,73925.17998037682,0.0,1328.6116471353116,44817.54398125877,1417.5282768669126,38.85277682641523,77.70555365283046,1378.6755000404974,0.0,46196.219481299275,2464.832330009065,2078.8000002069994,21732.365245947483,17950.644946039316,1560.2770866280066,511.3622024487195
57,2025-02-27,72222.12961127245,70623.77142942263,805.5904961364388,771.558968078679,44650.831756514075,480.1464491799513,719.5104376564753,1439.020875312951,-239.36398847652436,5441.087555857016,49852.55532389457,2078.8000002069994,1536.8285163911416,22047.332067971925,18346.113310491535,2481.6797387036913,879.5592540497925
58,2025-02-28,33929.06844867671,33825.09950510916,0.0,7053.84115108666,17622.050034067455,563.1475370121641,250.17608266223914,500.35216532447816,312.9714543499251,0.0,17935.021488417377,1536.8285163911416,1659.6997240063367,17726.74061667804,14248.075812655537,1019.761677688723,437.89192833296045
59,2025-03-01,37223.77009698116,36807.71816090938,0.0,9774.500108922533,19257.449630489627,1170.6409302359784,418.9198647299105,837.839729459821,751.7210655060678,0.0,20009.170695995694,1659.6997240063367,1919.1918689454942,16531.10099056986,13156.648871916337,2070.418180099318,809.1335081419031
60,2025-03-02,79695.98632750404,75797.70701643277,950.7622317951084,740.4370987675813,49710.137915982115,115.32590204945409,1549.2505796660903,3098.5011593321806,-1433.9246776166362,6349.885439811986,54626.09867817746,1919.1918689454942,1246.1565091302177,22397.141613828357,18747.416531034713,4265.414585698406,1587.6925470159085
61,2025-03-03,83692.94170805876,76929.7719432172,477.6554237041799,872.2756405298155,52295.44785481566,472.8159820095515,2568.9172141455156,5137.83442829103,-2096.101232135963,3034.5901585654974,53233.9367812452,1246.1565091302177,1279.0690821271753,23623.072512426228,19105.06741936798,7519.220808210162,2726.5225414820325
62,2025-03-04,74996.77664924943,73329.47478979209,387.3221927480533,456.67462011679936,46607.90594623046,13.37094615501942,682.8830687628314,1365.7661375256628,-669.512122607812,2444.050315557463,48382.4441391801,1279.0690821271753,1200.0,21746.455805286696,17685.791376196677,1709.521951184784,687.3400508145045
63,2025-03-05,78467.24665582537,70076.38952311958,1412.8421372364357,1180.2984705221913,48632.59989384965,2.277796358470665,2991.343807851342,5982.687615702684,-2989.066011492871,9633.159119528362,55276.69300188514,1200.0,1327.2485068995857,21389.144826092263,17210.683652925105,8398.727207365795,2992.1030733041653
64,2025-03-06,72400.22964450039,70808.15384849609,76.53515747527223,920.4527735123584,44792.673469619076,168.76796852195957,657.6138626102205,1315.2277252204412,-488.84589408826116,163.6201379875682,44467.447713518384,1327.2485068995857,1200.0,21779.503975448923,17755.921876323253,1802.3165557987095,713.8698521175404
65,2025-03-07,34804.524448850796,32649.554351869592,122.51308917938618,8699.373636186383,18567.737818922546,0.0,939.2101665927973,1878.4203331855947,-939.2101665927973,584.7866148864227,18213.314267216174,1200.0,1236.3704349939665,16408.815158077316,13258.406886548051,2154.9700969812056,939.2101665927973
66,2025-03-08,31161.55382551418,31821.021601462897,0.0,8924.2696894704,16414.125512215807,1173.2731697874608,122.81917641149525,245.6383528229905,1050.4539933759654,0.0,17464.579505591777,1236.3704349939665,1995.7913700494425,16579.650283031046,12746.037887705223,1240.6062688139727,513.9102330073156
67,2025-03-09,72488.30846278892,68434.48966005332,0.0,1193.861017434801,44567.5194214736,4950.038217496876,2663.5758923759518,5327.151784751903,2286.462325120925,0.0,46853.98174659452,1995.7913700494425,1721.9891212505536,21860.66113967121,17953.557547052682,12896.255781137032,4313.588631541576
68,2025-03-10,71079.69956992104,73418.53957659184,0.0,1043.7312440123765,43415.48712884423,3487.950001117154,201.02067940482857,402.04135880965714,3286.9293217123254,0.0,46702.41645055656,1721.9891212505536,1870.5672169568006,22100.087349704427,17767.35046712496,3486.214991052623,1363.670679777213
69,2025-03-11,62548.97660665566,69504.75988725138,0.0,1297.3135244363991,38690.38442651856,8539.562181266852,947.8082804366252,1895.6165608732508,7591.753900830227,0.0,46282.138327348795,1870.5672169568006,1989.5013002756448,21902.56256751591,17634.035004700927,12507.155010806417,3794.3290075255773
70,2025-03-12,72017.68734491958,67365.5455202015,0.0,1174.80179200574,43833.0150443845,5050.7238600844585,2761.0499751385682,5522.099950277137,2289.673884945889,0.0,46122.68892933038,1989.5013002756448,1711.7209557122071,21080.05976299745,17324.850718135036,13042.134242229451,4444.624595166721
71,2025-03-13,71104.29053961321,73369.2955718956,362.88317759432,2299.5272804631322,42721.805555049556,3294.011250287507,124.0398799201368,248.0797598402736,3169.97137036737,1828.6724875177324,47720.44941293466,1711.7209557122071,1396.2099266917132,21952.596728834465,18065.563276474357,3348.113768010542,1222.0436300159727
72,2025-03-14,30395.063752889473,31073.05418368165,0.0,11293.3577996173,15833.524933971938,1187.3964755324773,95.21519375006825,190.4303875001365,1092.181281782409,0.0,16925.706215754348,1396.2099266917132,2127.5879766141984,16273.842925267241,12523.572524536228,1148.400353838627,491.01401892756064
73,2025-03-15,29554.305996442483,30204.15961572598,3.156796754980242,7236.611110037807,15215.084804565156,1320.3021860937174,165.03820130206805,330.0764026041361,1155.2639847916494,6.7492314621477565,16377.098020818954,2127.5879766141984,1200.0,15165.31227050491,13118.732118061755,1563.6339648179633,605.1389299999739
74,2025-03-16,68836.32525109092,70417.35223105893,1.6400000000001,2398.5205648594197,41870.839911392715,4111.648436848878,864.1296111248486,1728.2592222496971,3247.5188257240297,7.461180000000455,45125.81991711674,1200.0,1723.5058885105227,22096.15491161428,17426.7301787481,6861.428356439927,2234.6790900744745
75,2025-03-17,65426.778997546244,63365.25228033192,115.8335499999975,1090.1091965317537,39005.861121816706,4332.489319652872,1537.2065164426472,3074.413032885294,2795.2828032102257,595.1162558999871,42396.26018092692,1723.5058885105227,2052.575314663362,22298.330089101462,17765.48488863463,9653.145281612084,2981.369622993604
76,2025-03-18,73342.77410955135,67055.47341354343,0.0,1880.7696069305964,44982.64032502733,2431.757499558653,2815.6712307082016,5631.342461416404,-383.9137311495497,0.0,44598.72659387778,2052.575314663362,1983.7810459209843,21635.054114812126,17586.30867486597,10251.844367608108,3626.2570638944194
77,2025-03-19,60071.50896229751,66604.68332067202,0.0,2943.916006738241,36963.981515055,5866.255338797336,0.0,0.0,5866.255338797336,0.0,42830.23685385234,1983.7810459209843,2134.5172715323133,21366.496109913627,17171.19924597985,6533.174358374515,1955.4184462657781
78,2025-03-20,68621.86718384012,66644.82210799142,212.2604499007238,670.6585806032273,41960.121329893525,5665.3313401655,2389.1036592032942,4778.2073184065885,3276.2276809622053,1029.3940957241575,46265.74310657988,2134.5172715323133,1981.289421456271,21659.82750363521,17682.365343012953,12460.572997710948,4277.547439258461
79,2025-03-21,28552.800068627377,29509.563627340463,0.0,14818.728074013123,14793.448361094022,1987.5902137724381,239.41448741701393,478.8289748340278,1748.1757263554243,0.0,16541.624087449443,1981.289421456271,1824.3902649314389,14729.369881752758,12071.998845092085,2027.0540806439512,901.9445586744935
80,2025-03-22,30070.954796299487,30542.864660516727,0.0,11500.94402319369,15702.37709003854,902.1078662451462,65.97887878936312,131.95775757872624,836.128987455783,0.0,16538.506077494323,1824.3902649314389,2199.7201090029334,14857.494970133459,11696.774066143756,761.9360085075032,366.6815008710786
81,2025-03-23,69079.18559442525,63970.291667308236,61.65029702561185,2211.2501475150866,41966.91286777299,747.5263811639741,1797.8863016421278,3595.7726032842556,-1050.359920478154,430.07247205066824,41346.62541934551,2199.7201090029334,1361.7793369009462,20026.93892128357,16975.967221131483,6062.984575702902,2047.061762030119
82,2025-03-24,66665.18138021472,65353.11646444567,0.0,2773.7149023474212,40205.94256040387,3215.0730505478127,1213.1219758494901,2426.24395169898,2001.9510746983233,0.0,42207.8936351022,1361.7793369009462,1751.7154785057396,22262.95763852945,17682.05315976454,6711.927861759252,2284.8129926987613
83,2025-03-25,73527.97326441931,65111.35229145529,50.782168444372495,574.2441447069688,44559.48959255079,1622.37244442417,3090.0856949949043,6180.1713899898095,-1467.713250570735,241.30568287047322,43333.08202485052,1751.7154785057396,1276.8004844683903,21395.732069261332,17757.966470735297,10985.065586551853,3630.8765098029608
84,2025-03-26,63136.337940761485,60884.11804271844,0.0,1021.8622449342453,38322.84697133428,1903.7274494618496,1243.4591794735943,2486.9183589471886,660.2682699882553,0.0,38983.115241322535,1276.8004844683903,1500.5893751638473,21412.05752364012,17142.3565925226,5388.785144376106,1878.0349959608775
85,2025-03-27,66386.51136591863,63532.534343811996,356.47813773283764,1098.295002755564,40419.17804158096,2662.704201085343,1822.2213456881298,3644.44269137626,840.4828553972129,1766.429632620885,43026.09052959906,1500.5893751638473,1481.9043094453677,21529.182304925846,17455.454226136575,7248.886984506586,2709.7894127165773
86,2025-03-28,29888.285508527475,29757.052012974447,0.0,15660.422762420118,15272.675440544197,360.3892513116618,191.3672359987683,382.7344719975366,169.02201531289347,0.0,15441.697455857091,1481.9043094453677,1838.2012757047164,15547.79586449604,12273.047380608376,621.1517950738537,311.4969864359889
87,2025-03-29,28309.118103286033,28720.38186582958,0.0,18558.49812667578,14360.242656801034,735.6917372621587,64.03055731543654,128.06111463087308,671.6611799467221,0.0,15031.903836747757,1838.2012757047164,1504.2789457595409,14501.077119848023,12046.402564027558,700.353106461747,309.2611364028228
88,2025-03-30,65155.012310376085,60059.73154884468,79.18585844823795,411.59807004752946,39196.52559725265,404.86439941376995,1530.8679979475087,3061.7359958950174,-1126.0035985337388,391.8496750117085,38462.37167373062,1504.2789457595409,1747.2365886172481,21910.725045649717,17529.025408404334,5802.2622630612095,1665.8227977520987
89,2025-03-31,56962.368707373884,61732.31856920355,0.0,543.5312531965026,34873.323638819114,8842.713226293614,1785.427237490267,3570.8544749805337,7057.285988803347,0.0,41930.609627622456,1747.2365886172481,1911.0071763592803,21526.338440557352,17288.940607883636,15084.748853200796,4732.9983129214725
90,2025-04-01,70708.61985495813,65462.93262622174,0.0,1744.2783901212956,42444.50714128473,2808.9082933893346,2359.6383105310015,4719.276621062003,449.2699828583336,0.0,42893.77712414307,1911.0071763592803,1743.3512055711221,19266.805753384848,15757.00303395107,10554.362352668151,3295.941074994113
91,2025-04-02,66514.43920964462,64901.37739143899,64.73659768981338,1082.8206724142792,40397.41792368106,3389.0815202437784,1509.649814470839,3019.2996289416774,1879.43170577294,415.29325833727665,42692.14288779128,1743.3512055711221,1422.6995749912696,19666.023074928395,16218.065158213867,8772.629875865905,2639.3436545520985
92,2025-04-03,67490.59030275102,61476.73637531322,0.0,1325.736708429737,41137.062345536324,861.052850746118,2170.7528150104463,4341.505630020893,-1309.6999642643282,0.0,39827.362381272,1422.6995749912696,1677.217449277183,21360.017438734216,17072.548038517394,7312.627620953365,2457.770431925819
93,2025-04-04,27309.38669448565,27502.10251809077,0.0,18297.433069833663,13730.438516683727,447.62707499169534,76.8915650533512,153.7831301067024,370.7355099383442,0.0,14101.174026622071,1677.217449277183,1731.4165468184174,14342.568476157876,11568.701277900771,528.4759649785132,226.10059005058298
94,2025-04-05,27115.246926514763,27283.396707322798,321.3636819074728,13316.890774441317,13644.119805148093,1168.6072638702572,346.16906763941984,692.3381352788397,822.4381962308373,1831.2807761321078,16297.838777511037,1731.4165468184174,1331.1588987185387,13705.192182871117,11461.437551415496,1593.3454264014517,735.7048222628389
95,2025-04-06,65013.72783772753,59497.11675940191,68.2557416477014,916.7809996505899,38126.44822512225,1160.5665953025552,1642.7126314827697,3285.4252629655393,-482.14603618021465,278.0089121844911,37922.31110112653,1331.1588987185387,1484.1943508778797,21583.070146257658,17344.554911525298,7258.58227771399,2029.5681632502879
96,2025-04-07,57052.75492793742,57379.636302491665,0.0,241.62409200499405,33994.992253844146,4213.09953914518,1101.0823964447218,2202.164792889444,3112.0171427004575,0.0,37107.0093965446,1484.1943508778797,1460.038122797483,20615.965960135276,16720.67303298194,6977.31615685844,2505.448909493115
97,2025-04-08,67004.48280094689,59149.59300468304,365.18687579590534,1249.3745117859303,40602.689382398596,185.09712333321872,2566.9002631119542,5133.8005262239085,-2381.8031397787354,2392.622957568451,40613.5092001883,1460.038122797483,1295.9121440816846,21368.027015108248,17455.8152630819,8118.92863759433,2628.599304223027
98,2025-04-09,65148.14651163601,65104.152151782284,0.0,1656.7510015605417,39254.25304168123,800.3139079127158,221.50578237644118,443.01156475288235,578.8081255362746,0.0,39833.06116721751,1295.9121440816846,1495.6162941343132,21754.507360566895,17441.41722701182,1452.716895268481,488.2770850140131
99,2025-04-10,62054.75069192072,58816.75215925257,612.5307185783622,864.3171729429638,37806.368932968006,1400.45307929025,1818.9175492415193,3637.835098483038,-418.4644699512687,3941.0566327376146,41328.96109575435,1495.6162941343132,1510.643153636155,21530.545428085876,17426.2176231979,6397.381126811429,2285.735242338269
100,2025-04-11,26150.55219010073,26582.08746898496,326.20952200332636,19314.98157727799,12929.483544373288,1631.7903666284815,377.3330758333401,754.6661516666802,1254.4572907951413,1871.5153250365543,16055.456160204983,1510.643153636155,1207.292578529001,13419.372445474004,11142.707198430382,1978.7965003811887,921.263198042834
101,2025-04-12,28598.08891720527,27845.728727166395,0.0,15405.753979829187,14732.113317483087,366.2826904439492,431.421501900511,862.843003801022,-65.13881145656183,0.0,14666.974506026527,1207.292578529001,2067.010209462234,13900.359628933156,10485.54543159595,1287.422919894695,553.5157320484939
102,2025-04-13,57996.32499286123,57251.25270856924,585.9368059390127,351.2154246619989,34727.53653219403,428.1689331131721,401.30762994370355,802.6152598874071,26.861303169468556,3832.3344529567494,38586.73228832024,2067.010209462234,1436.3412652994389,19880.09292768123,16670.47732116831,1394.2242808194653,544.0306076480942
103,2025-04-14,63426.316674765236,55017.4346377139,1343.8492995207478,13.365871198887476,38049.20460959272,53.43301621040895,2667.1768981048604,5334.353796209722,-2613.7438818944524,9140.314080800898,44575.77480849917,1436.3412652994389,1585.8432798051847,19396.49712095045,15576.610854914696,8541.611332753035,2684.9879035083304
104,2025-04-15,55212.91003337233,55598.811706428656,0.0,1308.2814388997767,33249.20618493481,3680.7596639325784,1002.6449761234333,2005.289952246866,2678.114687809146,0.0,35927.320872743956,1585.8432798051847,1956.007785894668,20094.49146692113,15943.390032725581,7076.927302484767,2229.5648641009593
105,2025-04-16,60938.38267625361,60090.738334624635,0.0,940.8138902040334,36113.49161647628,3361.951684797551,1257.623879737941,2515.247759475882,2104.32780505961,0.0,38217.819421535896,1956.007785894668,1509.894316883994,19851.761139632676,16481.428645212072,7380.168803923432,2378.2744413371247
106,2025-04-17,54452.27344747183,56317.25134595672,297.79767831094426,106.72555247042578,33594.853748822236,4687.4294967972155,1167.9076294899182,2335.8152589798365,3519.521867307297,2069.4454190048627,39183.8210351344,1509.894316883994,1527.8300656375704,19072.83656799484,15432.855446197602,9152.470366889796,2730.3841284223236
107,2025-04-18,26619.62196160638,27026.061394345008,0.0,17287.980157938553,13216.278423076092,889.2725203982161,114.21999983943937,228.4399996788787,775.0525205587768,0.0,13991.330943634868,1527.8300656375704,2354.9552252930275,13892.375838858987,10508.41178578587,907.5042172492451,410.64417330551146
108,2025-04-19,24671.0296215568,25649.144957799574,0.0,16627.7381308075,11933.358608314578,1420.4419536968194,3.9154651734649444,7.830930346929889,1416.5264885233546,0.0,13349.885096837932,2354.9552252930275,2092.8179659704,13013.953212539123,10777.225635547049,994.828451912241,477.3961164057381
109,2025-04-20,54782.43395881675,57342.43161460894,0.0,1666.3747107875574,33008.07095360306,2796.475566869427,106.8071714687702,213.6143429375404,2689.6683954006567,0.0,35697.73934900372,2092.8179659704,1840.6218206233339,20764.676585791625,17046.364565303575,3429.0564666120963,1038.9656937585792
110,2025-04-21,60495.78297788673,54269.674978013085,0.0,2178.7253876855457,36306.38230112028,1180.4959300956784,2152.4642745559586,4304.928549111917,-971.9683444602802,0.0,35334.41395666,1840.6218206233339,1710.1394165327831,19428.807214082677,15854.768007088467,7752.594964788895,2545.9629179211843
111,2025-04-22,53718.38837689895,56384.831866427965,0.0,440.1285386053946,32327.5275527983,5474.839160937383,1065.825820123342,2131.651640246684,4409.013340814041,0.0,36736.54089361234,1710.1394165327831,1609.6367977445418,20432.77035823852,16640.99634708262,9170.781778745277,2890.77220710247
112,2025-04-23,53141.819543550126,56927.89553742677,0.0,1483.041498349467,31862.919376486105,4568.6041638911465,506.9947869537807,1013.9895739075613,4061.609376937366,0.0,35924.528753423474,1609.6367977445418,1901.4604459744835,19906.821257914184,15861.883935503543,6252.788592549032,2029.8628415841629
113,2025-04-24,53528.6827287045,53712.86104162166,0.0,3421.9144276940337,31756.70563640854,2750.4494485432256,422.55274298584243,845.1054859716849,2327.896705557383,0.0,34084.602341965925,1901.4604459744835,1435.9118679190535,19051.755969355385,15850.91605542775,3889.796915052747,1339.3692258335846
114,2025-04-25,25516.734764559063,24965.935211520762,0.0,20634.97712982259,12814.343491529591,0.0,262.492688014075,524.98537602815,-262.492688014075,0.0,12551.850803515517,1435.9118679190535,1314.7592792423775,12840.198744774649,10509.598313076474,550.7995530383037,262.492688014075
115,2025-04-26,25430.10734223669,26008.02774532834,0.0,23334.78496553503,12484.390915193759,674.1584417098225,0.0,0.0,674.1584417098225,0.0,13158.54935690358,1314.7592792423775,1415.0239733357266,13225.32064092615,10622.27149446617,577.9204030916512,224.71948056994083
116,2025-04-27,52731.63890918546,53246.16934748847,731.3229299286584,1658.4687563001517,31229.85910261143,2021.104470417091,421.54838067854337,843.0967613570868,1599.5560897385476,5010.217760303084,37839.63295265306,1415.0239733357266,1276.4853799940463,20369.668798900875,16624.11646111722,3978.448614323573,1095.2498708175738
117,2025-04-28,66306.38658722336,63878.01471494208,0.0,2873.3278167250965,38759.44322647307,1952.4055825830642,1147.3895958559315,2294.7791917118634,805.0159867271323,0.0,39564.4592132002,1276.4853799940463,1831.0483675924831,20440.067856377507,16057.348274827189,5558.254194997863,1798.1914567169529
118,2025-04-29,55177.402803515615,55052.86022928812,0.0,4277.65254807818,32894.75984493191,1897.5939952033484,391.5677101970198,783.1354203940396,1506.0262850063286,0.0,34400.78612993824,1831.0483675924831,1724.969669747796,18091.919961071057,14749.925996527783,2895.066547247569,1024.0990419314694
119,2025-04-30,51755.95881775502,52453.62991184284,17.881047942150076,1167.2002530499253,31333.05340156403,805.4633683928564,112.5391068128317,225.07821362566344,692.9242615800247,81.07267136970846,32107.05033451376,1724.969669747796,1234.8178605435764,18361.015272029115,15313.55899862738,1110.6319937129983,381.02689627711715
120,2025-05-01,53783.84174136033,53298.44486761927,2826.3271122581673,1434.1375480184643,33093.989534235014,1025.6284333935444,604.5394317396144,1209.0788634792293,421.0890016539295,14265.476059514458,47780.5545954034,1234.8178605435764,1200.0,19529.430033411554,15850.174401552575,2258.541937770002,946.4155762041294
121,2025-05-02,26996.715536326526,27431.687840322702,1592.8561073217068,12109.048881233062,13689.122837171555,1525.9852002546445,344.94614167861334,689.8922833572267,1181.0390585760313,7353.1205786226765,22223.282474370262,1200.0,1200.0,13816.710437252694,11191.535454174682,1940.598842082366,853.6078750968284
122,2025-05-03,26248.078820387258,27013.21952093854,1484.5453319459368,17093.870245993032,13019.416517743843,848.8551599096666,11.039022562444403,22.078045124888806,837.8161373472221,7271.248103951179,21128.480759042242,1200.0,1200.0,13351.173457323386,10814.450500431942,821.5846354225287,293.99074253233323
123,2025-05-04,58572.324905208654,55145.45242181257,914.5025604651321,710.3715516312296,34869.330313518454,3537.6302560894273,1759.0924581945746,3518.184916389149,1778.5377978948532,5589.1681877378005,42237.03629915111,1200.0,1264.0494135857657,18722.482237294553,15107.566139981405,8308.040184758927,2938.3025435577174
124,2025-05-05,61359.95408650008,58207.78801736586,1722.0320809780915,1126.4141752497944,37965.059233420005,31.5310180088444,1518.145120553981,3036.290241107963,-1486.6141025451375,11286.477773613116,47764.922904487976,1264.0494135857657,1231.966559680748,19769.86153478254,16042.462411688372,3183.349393081058,1528.6554598902628
125,2025-05-06,53047.87129890174,57086.00691648775,1285.3479317737626,1801.5967392578646,32716.706285892935,4357.156383694562,290.8887058504869,581.7774117009737,4066.2676778440746,6571.528756485079,43354.50272022209,1231.966559680748,1200.0,19623.398137103468,15923.722394766479,5757.309378094687,1743.2741670820074
126,2025-05-07,57478.46804659228,58617.04405967138,956.795022895298,98.59249186651516,35735.61322270184,2596.880415193461,858.9627843971273,1717.9255687942546,1737.917630796334,6603.637195064816,44077.168048562984,1200.0,1699.639474461454,20830.13217728873,16422.731536588562,4541.1763419928675,1724.5895894616144
127,2025-05-08,64634.71274110741,62261.114405992084,35.999250000000075,778.3588036914587,38739.97286205282,5713.510675331429,1772.7889861222243,3545.577972244449,3940.721689209204,243.2289326250005,42923.923483887025,1699.639474461454,3647.5049841010455,20732.43944013157,15040.196987830943,11189.175135031373,3677.2925445660344
128,2025-05-09,26076.664531260132,28616.345752306595,0.0,17290.702564424668,13926.375615593293,4544.678504812925,326.3653233085755,652.730646617151,4218.313181504349,0.0,18144.688797097642,3647.5049841010455,4145.33892760966,12516.877835390393,9690.620497508466,3907.8272779086583,1841.2581582462171
129,2025-05-10,25169.11262845014,27519.94146126104,0.0,13498.56986608727,13551.24278266087,5492.840743503779,743.4337358081673,1486.8674716163346,4749.407007695612,0.0,18300.649790356485,4145.33892760966,3721.9216106409617,12007.378405853991,10107.052094013558,5507.5443468100975,2574.380650309427
130,2025-05-11,60424.9771738853,59183.034239793975,22.473246256800962,656.0994917862008,36644.996580201456,4869.384730653857,1237.6088708280208,2475.217741656041,3631.7758598258365,151.5033896402237,40428.27582966752,3721.9216106409617,3401.798051167034,17649.684812935695,14584.355902004449,7968.418469946782,2860.737114379306
131,2025-05-12,53844.42396775891,56736.11740242527,0.0,864.8972832318701,34505.346413291794,4985.802954641955,879.209119337155,1758.4182386743105,4106.5938353047995,0.0,38611.94024859659,3401.798051167034,4119.546608720794,17337.11149506148,13397.086609201411,7235.162724221384,2541.1434375511403
132,2025-05-13,63495.00986735047,58908.78752797516,0.0,1924.2724405772703,39416.13755184245,2546.7979008312586,1801.6461000584532,3603.2922001169063,745.1518007728055,0.0,40161.289352615255,4119.546608720794,4636.8322387324315,17840.764493267157,13985.462172535927,9121.52461975962,2650.5787336688727
133,2025-05-14,59922.61624986514,56882.28205204457,0.0,995.2061184204653,38410.51133891906,957.9383056623847,1409.5451375519547,2819.09027510391,-451.60683188957046,0.0,37958.90450702949,4636.8322387324315,4230.694280765415,17044.480591900472,14171.553441609696,4980.589908411817,1728.8579061060832
134,2025-05-15,57448.2753524347,56966.65272527142,0.0,495.0377862210151,37594.657801069174,2756.009878172822,1429.0446744899073,2858.0893489798145,1326.9652036829148,0.0,38921.623004752095,4230.694280765415,4549.494853155636,17998.084950346747,14291.528294629668,6160.670101758587,2347.714633880848
135,2025-05-16,27171.34900721906,26091.176591471147,0.0,21935.62289452699,15995.730765639802,0.0,554.0409739894704,1108.081947978941,-554.0409739894704,0.0,15441.689791650331,4549.494853155636,3598.315628591467,12084.781398518817,10644.734234907994,1080.1724157479146,554.0409739894704
136,2025-05-17,28295.905806737497,28102.09457472938,0.0,15002.407186057539,16288.556902443199,109.96654474534773,141.29946733185506,282.5989346637101,-31.332922586507323,0.0,16257.223979856688,3598.315628591467,3875.3365146602587,12639.83951513996,9988.951209801451,357.7130318319165,177.95498224697099
137,2025-05-18,63214.7950648149,58277.88118466268,0.0,1023.3248381155183,39327.5450999178,1273.1807324952915,1732.3007987699575,3464.601597539915,-459.120066274666,0.0,38868.425033643136,3875.3365146602587,4119.772605526519,17675.767182987023,14097.378936439854,6726.118461362186,2156.6943762683877
138,2025-05-19,57191.907172328974,55704.68531907479,51.76189842060876,5208.8353861463265,35982.41137535763,1807.922608774671,885.7789119488277,1771.5578238976555,922.1436968258436,349.1081238977958,37253.663196081274,4119.772605526519,3967.3954818275256,16681.76154041145,13649.366259062368,4227.1193937281005,1488.4197815403845
139,2025-05-20,56988.398462401296,58082.93824097335,0.0,486.1186650436122,36135.57868603668,2487.832093666663,443.09337507266525,886.1867501453306,2044.7387185939974,0.0,38180.317404630674,3967.3954818275256,3785.033970965178,17018.684837048357,13949.26007778528,2956.0134501192024,1272.3707396282193
140,2025-05-21,52796.28539738368,54766.94468074799,0.0,218.5352856762247,34378.09855014338,5256.568955778359,1186.4092805023333,2372.8185610046667,4070.159675276026,0.0,38448.258225419406,3785.033970965178,3904.7410118627813,16200.304078582061,13014.509966843627,8476.569236377578,2938.598932428453
141,2025-05-22,54870.23115970474,54615.85079996954,0.0,789.0676319624357,35183.22613960122,769.709641809769,514.3763508533798,1028.7527017067596,255.3332909563892,0.0,35438.55943055761,3904.7410118627813,3607.9114908130846,17248.94168571145,14238.789334371006,1674.8344395360618,770.9462314566363
142,2025-05-23,24843.92966287964,27390.69454196569,0.0,18502.46893344786,13307.678072990753,3645.3161587907134,135.37053963385378,270.74107926770756,3509.9456191568597,0.0,16817.623692147616,3607.9114908130846,3643.057285185224,12819.186896050389,10351.91017086589,3105.991192491914,1350.475925897425
143,2025-05-24,25166.375930497285,26774.212886848763,0.0,20776.603963931288,13873.182479854146,3219.4507004706993,478.0774307930934,956.1548615861868,2741.373269677606,0.0,16614.555749531755,3643.057285185224,3598.666498798873,12016.101301746607,9772.993762162469,3659.3608101956575,1551.2276642833265
144,2025-05-25,56337.45093794648,55726.2637103201,0.0,4307.149353116517,34122.588975718754,3746.373429963021,835.076632130161,1670.153264260322,2911.29679783286,0.0,37033.88577355162,3598.666498798873,3341.0653649443157,16347.079970207082,13472.975796336836,5808.914745476894,2083.867775451168
145,2025-05-26,54555.57699947592,59550.793867261935,0.0,1319.2181211623856,34196.71679750909,5395.656263421126,330.56649746324405,661.132994926488,5065.089765957881,0.0,39261.80656346697,3341.0653649443157,3542.953079381583,18263.38870055797,14611.645904458415,7230.642517941561,2129.118585270286
146,2025-05-27,51681.013435384724,56259.57285678277,0.0,3537.398578770694,32774.672057459655,6960.689231370527,864.6233467238999,1729.2466934477998,6096.065884646627,0.0,38870.73794210628,3542.953079381583,3591.9909118816513,17303.541730326426,13971.734752314347,10849.476015537406,3184.853090514075
147,2025-05-28,59423.707697514816,58315.53782079565,0.0,2329.932511170637,36097.65013487941,3380.5961864370984,843.0895040714801,1686.1790081429601,2537.506682365619,0.0,38635.156817245035,3591.9909118816513,3957.1772005762355,17805.86078842048,14094.079578795465,6016.428694010713,1969.9548995505131
148,2025-05-29,56852.45226816287,60571.93637049709,11.682278960290205,4311.953318288468,34739.28528239927,6497.420574291841,734.3898268121986,1468.7796536243975,5763.030747479642,78.5341203105509,40580.850150189464,3957.1772005762355,2760.1892586244358,17046.478836450216,14884.9370052813,9704.481578314417,2900.196684909479
149,2025-05-30,25791.909600051673,27970.34383572168,0.0,18138.218204755205,14139.023614755402,2951.5751862289017,95.46693565062961,190.93387130125922,2856.108250578272,0.0,16995.13186533368,2760.1892586244358,3754.1736292772184,12322.665424801595,9086.77306050179,2632.379972325746,1079.3253310602636
150,2025-05-31,26633.95711813272,27401.859191330383,0.0,16763.835865365167,14557.45695633344,2991.627093610579,578.8384950888812,1157.6769901777625,2412.7885985216976,0.0,16970.24555485514,3754.1736292772184,3717.3009154371584,12010.669570638269,9761.827794673052,3478.0024136430648,1576.0475262924078
151,2025-06-01,72835.16295342115,69155.91507167212,4000.949613015141,927.0087932546646,44695.01860441682,4851.694379285827,2663.9325123246053,5327.865024649211,2187.761866961222,24418.982313292778,71301.76278467082,3717.3009154371584,1200.0,17213.686396452867,16208.656805020264,11615.988723837921,4281.163972086548
152,2025-06-02,77513.88059126845,70610.09048266994,2536.5521429955947,229.60701468138663,48052.765901520834,2976.7917869140592,3183.501326407175,6367.002652814349,-206.7095394931148,17074.183814365988,64920.24017639371,1200.0,1355.5229045694946,21769.77656248215,17493.548401497996,12911.890769893133,4175.765255378528
153,2025-06-03,71595.37102401219,72098.6247100029,1300.5988451471571,1226.1047809078896,44695.89348376872,4893.177136744348,1462.143111676759,2924.286223353518,3431.034025067589,8314.52525437565,56441.45276321196,1355.5229045694946,1566.0605310066276,19954.04251113379,15973.290570224954,9501.382041461738,3093.202157258208
154,2025-06-04,82804.16121896463,73436.28605341927,154.8876409851024,93.7304107065263,51760.92747417945,7422.8429814485535,5391.26090035819,10782.521800716378,2031.5820810903642,879.2648507267237,54671.77440599654,1566.0605310066276,1292.2240308150788,21571.764827387273,17719.582360356086,22764.726937331878,7865.541894174376
155,2025-06-05,70647.44276001683,73174.43053736904,1973.7222596895344,112.14687714083573,42552.216982769794,6732.044807416428,537.4802115928888,1074.9604231857777,6194.564595823539,9510.595463823527,58257.37704241686,1292.2240308150788,1200.0,20893.102794656086,17006.414891405002,6827.307950243437,2781.4951473983647
156,2025-06-06,31847.0140789745,33580.04571999832,2204.7869790741247,2254.2315789280847,17465.84446128486,4643.54959474917,717.2869450709833,1434.5738901419666,3926.262649678187,14581.22425369508,35973.33136465812,1200.0,1200.0,14082.135369180898,11406.529649036533,5644.3852733133,2265.1368099873735
157,2025-06-07,36934.22345474233,40430.88656801746,321.8913827906526,6283.109618240533,18922.358799516158,5980.545037080823,338.75806857059683,677.5161371411937,5641.786968510227,2240.365317599503,26804.51108562589,1200.0,1747.3616610130177,15002.787742048407,11659.632576147496,5829.599266864873,2332.273080930871
158,2025-06-08,76723.22241373398,73446.49857560627,0.0,1110.7882401362815,48706.932170057305,3813.993463706019,2004.3014697917686,4008.6029395835367,1809.6919939142508,0.0,50516.62416397156,1747.3616610130177,5192.714034993995,21315.631222212945,14164.844153409613,9941.901899463548,3275.6326243604417
159,2025-06-09,83569.67614533383,77461.76029951233,0.0,2091.620262065465,54660.11776601853,1253.3722068344364,2311.353798677519,4622.707597355038,-1057.9815918430827,0.0,53602.136174175444,5192.714034993995,5726.732163028034,20825.32099412056,16387.893690007022,8511.488664251685,2729.1445342889974
160,2025-06-10,76915.57460422341,77622.77262652884,0.0,2189.594332815328,49987.625162114084,4724.730718020346,1089.1374875391814,2178.274975078363,3635.5932304811645,0.0,53623.218392595256,5726.732163028034,5702.905754960753,20190.4096191618,16375.675558781608,8400.653201397483,2664.0477268792965
161,2025-06-11,80873.64114607128,81609.49309375667,61.41005970204579,2498.040256375436,52245.49455268595,5625.942680602064,1471.0320858081839,2942.0641716163673,4154.910594793881,297.8029792625476,56698.20812674238,5702.905754960753,4699.769635329261,21006.521516236575,17918.104935819967,8279.573578038873,3346.346312675538
162,2025-06-12,79047.79430034813,78637.93253048116,0.0,1702.7009322373578,50355.62964626281,5670.0029546406695,1672.8484221407725,3345.696844281545,3997.154532499897,0.0,54352.78417876271,4699.769635329261,4992.778681565847,22205.95801735565,17723.117852445153,9620.688249960293,3562.849407020996
163,2025-06-13,34227.50735637746,37620.86984406995,0.0,6740.569950860596,20568.105703820194,5974.658897007801,479.8407064278359,959.681412855672,5494.818190579966,0.0,26062.92389440016,4992.778681565847,5270.01524596088,12028.806764493836,9493.820571284476,5865.151147600947,2471.393672097103
164,2025-06-14,34467.80149424516,36364.70611398476,0.0,8477.41355342415,20627.25104541918,4719.003113445609,769.6376628894593,1539.2753257789186,3949.3654505561503,0.0,24576.616495975326,5270.01524596088,4824.177221692925,11027.389644219818,9333.439833659211,5410.717151108576,2342.6387007046624
165,2025-06-15,72653.97356825553,77763.71704733108,0.0,2788.773801928718,45938.449675865224,6400.359993799471,122.10678473692938,244.2135694738588,6278.253209062542,0.0,52216.70288492776,4824.177221692925,5112.394002552353,21518.80952260815,17170.840610539115,5869.564654004954,2255.5601160034203
166,2025-06-16,77703.55729339471,79551.59268922686,0.0,2496.3004587509477,49402.992814737605,5236.754701137195,759.6344298642209,1519.2688597284418,4477.120271272974,0.0,53880.11308601058,5112.394002552353,5404.804372377459,21568.789899824435,17207.55048601519,6039.244092651323,2505.2193302432856
167,2025-06-17,78485.59106307082,80939.47607823524,0.0,2644.937907700768,49752.92643527598,7035.858210126296,1009.0379050462932,2018.0758100925868,6026.820305080003,0.0,55779.74674035598,5404.804372377459,4928.522097035363,21506.215798293164,17848.688844425353,8330.82648289738,3354.323975088392
168,2025-06-18,79311.86646456369,78491.7576556117,0.0,3676.1935703754716,50205.82157310718,7254.397078192944,2346.2461489262005,4692.492297852401,4908.150929266743,0.0,55113.97250237393,4928.522097035363,5071.960064608023,19779.363233793934,15892.190048557692,12040.526510350546,4764.378508323848
169,2025-06-19,73442.40281438586,75658.70535207697,73.79471522071206,3909.5813636141397,46296.49233098631,10693.069966679763,2181.1340188517715,4362.268037703544,8511.935947827991,353.0097180297745,55161.43799684407,5071.960064608023,4730.800828270175,20370.830612566446,16807.41610888289,15755.410684727993,5745.490674411692
170,2025-06-20,32143.402577893714,34758.32925417075,0.0,9454.140664938379,19731.223705502656,4350.539042338159,373.8423835108364,747.6847670216728,3976.6966588273217,0.0,23707.920364329977,4730.800828270175,5281.962221502932,12671.381501699438,9767.77376246706,4264.266481438058,1824.022064290223
171,2025-06-21,36622.51495850869,37125.72590820394,0.0,14781.50926427429,22460.45504103796,778.7508814870984,52.81084649271274,105.62169298542548,725.9400349943855,0.0,23186.395076032346,5281.962221502932,5889.179561979407,12963.055986846484,9953.579742916827,732.3223583457911,312.39447365507885
172,2025-06-22,69202.68947089437,74376.78831712066,0.0,4025.661867560849,44181.40402634902,6934.0352918583885,281.4353197125653,562.8706394251305,6652.599972145824,0.0,50834.003998494845,5889.179561979407,5267.328902096193,18176.057597130064,15282.272247570243,7379.278445750759,2592.780416998695
173,2025-06-23,73275.06432537032,73521.4165365551,0.0,2890.3579348719836,47781.299193226456,3216.0763771435586,993.697833770461,1987.3956675409222,2222.3785433730977,0.0,50003.67773659956,5267.328902096193,5336.220186374021,18461.949714910963,14892.17711322784,5296.985440209574,2065.7232928183134
174,2025-06-24,84582.39269507406,85010.15184217812,0.0,3994.202369253157,55024.97333140197,1600.799831448475,463.24501030949926,926.4900206189984,1137.5548211389757,0.0,56162.52815254094,5336.220186374021,5884.347935885668,22388.643412444733,17641.486189519757,2880.400022813615,996.8449541256578
175,2025-06-25,73622.78941219638,77527.6001568668,0.0,4184.70131041036,47154.15283565431,4553.215648333126,76.58962166534918,153.17924333069837,4476.626026667777,0.0,51630.77886232209,5884.347935885668,5281.7422939481885,18146.434513334243,15240.95703354447,4265.764830030974,1594.3281711097247
176,2025-06-26,68934.38679533682,72733.06794129805,0.0,2536.0851670395905,44669.25315973848,5328.339670033842,340.3964574834805,680.792914966961,4987.943212550362,0.0,49657.19637228885,5281.7422939481885,4466.170247704698,17808.493592338295,15158.89465141316,5502.38829845718,2116.509680828094
177,2025-06-27,34003.74429934619,34478.35215384933,0.0,11683.308229634104,20468.170776954357,3948.019293020099,1216.0966672408063,2432.1933344816125,2731.9226257792934,0.0,23200.09340273365,4466.170247704698,5237.3242263910415,12259.786719636111,9236.388662087547,6087.86319502828,2532.103098247506
178,2025-06-28,31448.0087904686,34333.45422580292,0.0,10457.210931334253,18772.826003191796,4310.467086980542,339.43093576292597,678.861871525852,3971.0361512176164,0.0,22743.86215440941,5237.3242263910415,4917.382579218908,12564.55084345746,10465.233665655465,4549.08965845894,1776.2532980897731
179,2025-06-29,66864.65059256135,75391.64746226653,193.46662219805924,2411.206964162371,41298.307832580685,14445.76410214592,1156.8371117933712,2313.6742235867423,13288.92699035255,930.661583825057,55517.89640675829,4917.382579218908,4961.184822250156,20351.13983284608,16445.001245877196,15274.200643375318,5972.091812508679
180,2025-06-30,76517.42935606705,78513.5050938797,0.0,4521.3466301366425,49355.831394072346,3046.928714238694,358.28806992689215,716.5761398537843,2688.6406443118017,0.0,52044.47203838415,4961.184822250156,5431.068232229081,19429.36532330895,15314.890842899218,3785.557640909521,1373.9309746731237
181,2025-07-01,66815.01148885628,78949.94989188653,344.88130440671546,350.0909551333706,43136.327306210886,12005.915068765582,0.0,0.0,12005.915068765582,2371.420402240654,57513.66277721713,5431.068232229081,1617.789647352386,18474.457548503,18396.261340676458,12134.938403030244,4001.9716895885276
182,2025-07-02,66478.07151085028,77016.66010733548,286.2311289240666,565.0308341003423,43679.89251609565,10016.817438604248,32.92824925168926,65.85649850337852,9983.889189352558,1622.6978784528299,55286.47958390103,1617.789647352386,1688.1503897238917,19840.89140714836,16007.797371655814,10831.2782942103,3371.867395453106
183,2025-07-03,74856.914998259,83983.09141252172,240.8803717423535,876.1152845995583,46906.16617653957,15401.572121807843,1210.4147310988055,2420.829462197611,14191.157390709037,1226.7928782035017,62324.116445452106,1688.1503897238917,1231.9509089111348,21042.195258224587,17454.757691893392,16314.191844585459,6344.272105034753
184,2025-07-04,37113.267588954855,39935.86529190486,1626.7189577000354,10131.893282757916,21829.76121644606,5777.871997958491,671.9538120352643,1343.9076240705285,5105.918185923227,4519.004791921738,31454.684194291025,1231.9509089111348,1200.0,13571.47009579128,11021.646595610964,5985.931102850116,2597.911144688095
185,2025-07-05,39925.08302271666,41784.40818702667,667.7441305438924,10671.192917346392,23673.154865888733,3817.7899522652174,450.21745279924653,900.4349055984931,3367.5724994659704,3125.3491651727873,30166.07653052749,1200.0,1637.8078209746855,13667.644182527836,10676.764748970334,3830.5160771291817,1722.814103554319
186,2025-07-06,76685.52949551259,84223.54379920429,692.4255286345848,914.5184795935392,49032.11790161981,8369.815949527176,613.3505016121851,1226.7010032243702,7756.46544791499,4706.509706902532,61495.09305643733,1637.8078209746855,1305.910195164307,23716.72190249839,19509.252604253044,11040.402923824227,3403.2891514545768
187,2025-07-07,81967.55500893845,79709.09565057277,10.211616636323924,1154.611178079595,51470.63790284829,4873.733979438577,1960.7120864427034,3921.424172885407,2913.0218929958733,68.79055547059612,54452.45035131476,1305.910195164307,2538.286485450522,21295.12979581711,16139.916473354266,10907.060313487744,3585.290079588896
188,2025-07-08,99846.48594575912,89140.63420323274,0.0,5908.7676717681625,64431.930317428945,993.9356080252559,3765.8907080592007,7531.781416118403,-2771.955100033947,0.0,61659.975217395,2538.286485450522,6078.443881886284,23549.146621082713,15888.667106284815,12113.655834446628,4097.2025774009535
189,2025-07-09,94476.07402237598,83320.26989916265,0.0,6098.914475450929,61213.027296791275,904.8101393747071,3830.336359745389,7660.672719490778,-2925.5262203706816,0.0,58287.50107642059,6078.443881886284,5646.012821154414,18693.780851072297,15531.150444027251,12536.867528496647,4131.939739536958
190,2025-07-10,86668.13519355544,81222.87505418171,0.0,5038.817764743694,56390.27395976307,1882.8185292893575,2076.3109867463027,4152.621973492605,-193.49245745694498,0.0,56196.78150230612,5646.012821154414,5356.2788620462925,18901.023522642114,15570.589616537422,8046.035484611595,2703.9171631760883
191,2025-07-11,52302.790802475574,49472.30969729874,0.0,13904.747256911978,32904.24424899579,552.8263271814652,1342.6748092412672,2685.349618482534,-789.8484820598014,0.0,32114.395766935988,5356.2788620462925,6202.66489894582,12037.041353564127,8988.256063177365,3722.926858529999,1526.9502516350885
192,2025-07-12,46577.34720603276,46798.32093302705,0.0,14314.13501886751,29401.269813547267,1629.283262577268,549.9351803574762,1099.8703607149523,1079.348082219792,0.0,30480.61789576706,6202.66489894582,5259.329081347137,11836.551666657995,10436.609085831793,2275.6054866506884,1093.0296012165657
193,2025-07-13,91621.66829646783,77860.4642848004,0.0,5060.920329501703,60088.9043275913,576.9452856221756,4767.409487705624,9534.818975411248,-4190.464202083449,0.0,55898.440125507856,5259.329081347137,5294.7228912244245,18420.890138995466,14889.066583696767,14590.124076613843,4959.724582913015
194,2025-07-14,91468.0844038137,81958.98427461389,0.0,6409.242471629467,58683.44435795188,1048.0743369468119,3063.5600153236373,6127.1200306472765,-2015.4856783768273,0.0,56667.95867957505,5294.7228912244245,5720.0993639112985,17680.125057366153,13938.0624710484,11147.138942925958,3412.9181276392414
195,2025-07-15,93893.03645109372,81314.72821352938,0.0,4600.724544895274,60595.874790504626,740.497291153775,3887.77699254046,7775.553985080921,-3147.2797013866857,0.0,57448.59508911794,5720.0993639112985,6401.528456246596,17640.352116836904,13675.399031536126,13636.211242455198,4134.609422925052
196,2025-07-16,87640.00049798642,79627.14240761948,0.0,4963.77316199081,57339.18493936316,634.0427665051648,2725.8863158927843,5451.772631785569,-2091.8435493876195,0.0,55247.34138997554,6401.528456246596,5697.5033463588725,16644.360322075263,14115.554459779916,8987.566845455805,2937.233904727839
197,2025-07-17,84893.03211894949,80036.03310747341,0.0,4034.9117065163728,54898.45073305645,3462.618147850808,2400.1687728198676,4800.337545639736,1062.4493750309393,0.0,55960.90010808739,5697.5033463588725,5360.550817696435,18862.961105718823,15582.255771428445,10811.231389175397,3554.37482210347
198,2025-07-18,53000.08535565636,47858.31024511486,0.0,13959.811069160825,33284.05384906207,531.2911174860076,2145.7357413711816,4291.471482742363,-1614.4446238851742,0.0,31669.60922517689,5360.550817696435,5846.003854229582,11512.333384601068,8888.082308647034,5994.6612697590635,2322.8327805331837
199,2025-07-19,49237.81623015534,46365.551710799074,0.0,17067.81030226254,31571.28576340217,897.1727055800061,1426.9714817962113,2853.9429635924225,-529.7987762162052,0.0,31041.486987185963,5846.003854229582,5642.180645215596,12096.648666574354,9981.72630803782,4341.6985929582215,1726.0290503228798
200,2025-07-20,89665.68374542563,80786.41790345224,0.0,5379.80102996089,57471.02101234551,1064.50758919654,2834.7106377054242,5669.42127541085,-1770.2030485088862,0.0,55700.81796383662,5642.180645215596,5595.612410742815,17676.57930447472,14359.940647650028,10447.864262836167,3189.546500770938
201,2025-07-21,94990.47235934656,85718.41359609202,0.0,7163.928975684084,61921.65613372896,1208.5559242163222,3298.2231969533414,6596.446393906683,-2089.6672727370187,0.0,59831.988860991936,5595.612410742815,6650.248529756852,19029.277701554274,14464.542431146328,11341.029537655693,3701.075171692117
202,2025-07-22,88246.1993632302,83176.24489844938,0.0,7138.424944574659,57643.56789073556,5335.9101983591845,3376.3718219774432,6752.743643954886,1959.5383763817426,0.0,59603.106267117306,6650.248529756852,5596.339085072769,16795.75703907231,14553.081701864252,13792.066803515234,5155.008554763839
203,2025-07-23,98858.081078182,83743.22031338804,0.0,5905.90105370553,64709.22428132006,2323.1297290313855,5525.89106319446,11051.78212638892,-3202.761334163075,0.0,61506.46294715698,5596.339085072769,5518.091287391743,19427.342952256742,15806.57080924089,19343.660621123385,6300.267639538255
204,2025-07-24,95937.28683863254,81814.31655241692,0.0,4632.223634632834,62716.1179945474,722.4553060143714,4856.024269769014,9712.048539538027,-4133.568963754642,0.0,58582.54903079277,5518.091287391743,5629.76637656581,18237.4386185654,14671.817700781317,15246.42730781247,5096.842705107138
205,2025-07-25,46711.00413598933,45357.84734418435,0.0,16323.26852712639,29578.73272609993,709.829696033911,882.563116647257,1765.1262332945137,-172.73342061334574,0.0,29405.99930548658,5629.76637656581,5825.3188238300245,12385.589725544778,9856.330475153476,2466.939367966037,1119.173015325227
206,2025-07-26,47102.370840054034,46460.2351606023,0.0,15637.985604479283,29355.26442171773,1266.8787722219558,684.6897695692628,1369.3795391385256,582.189002652693,0.0,29937.453424370426,5825.3188238300245,6030.193299846725,11414.584005480629,9061.426016024277,2474.0477012854985,1106.9826936432482
207,2025-07-27,86545.69308909151,79683.73271761752,0.0,3523.536422933554,55643.34898100191,2226.5059268464875,2712.6170254794843,5425.2340509589685,-486.1110986329968,0.0,55157.237882368914,6030.193299846725,4868.2027104277495,18530.515921900205,16055.509427216242,10167.174096045554,3454.7856677616473
208,2025-07-28,94446.82285677403,87925.6855924105,242.68846929725657,5151.890080505135,60967.239488552346,2344.47619210808,2841.5782150006135,5683.156430001227,-497.10202289253357,1163.473641058361,61633.61110671818,4868.2027104277495,6107.285317042637,20770.696852189023,15709.09010431971,9863.920244464824,3623.0702790366404
209,2025-07-29,90517.54698556814,86462.47345914443,0.0,6807.729022677471,58545.05321282237,515.7528655532035,1390.8493071509852,2781.6986143019703,-875.0964415977817,0.0,57669.95677122459,6107.285317042637,6198.558548518049,18438.69777967948,14853.199293212514,4888.1417028637325,1562.7669290020526
210,2025-07-30,81754.59439328974,83154.29352083901,0.0,5833.308880625222,52932.14920518483,4639.362921883267,834.1600822609864,1668.3201645219729,3805.20283962228,0.0,56737.35204480711,6198.558548518049,5989.3561565364935,17926.38285787992,14708.65226766613,6659.089994606287,2380.6143895554087
211,2025-07-31,84492.16200939097,82993.91825389597,0.0,5219.358353704411,54236.53709436738,2034.5659728746803,901.3699522512106,1802.7399045024213,1133.1960206234698,0.0,55369.73311499085,5989.3561565364935,5280.901221045411,19564.068818246727,16484.505184721827,5171.810328513713,1579.5586098761041
212,2025-08-01,47350.42510613185,44201.80086047533,0.0,20048.80969729532,30399.380953964603,11.354767074486842,1429.708563232997,2859.4171264659944,-1418.3537961585107,0.0,28981.027157806093,5280.901221045411,5910.715405446331,12288.414371329021,9386.78287481568,3159.853803164797,1433.4934855911595
213,2025-08-02,44816.32621606112,42218.03449322263,0.0,20556.54165772185,28229.920654611386,2753.2650490921833,2183.3741513744026,4366.748302748805,569.8908977177807,0.0,28799.811552329164,5910.715405446331,4218.8011547312335,11879.951199005469,11145.483296838021,5700.8104854984995,3101.1291677384634
214,2025-08-03,65031.66120275802,66040.19308978073,388.5986120669349,1808.9228903666758,41841.679708985044,7082.079589263947,1838.5282708556929,3677.0565417113858,5243.551318408255,2323.964008923982,49409.19503631728,4218.8011547312335,2478.9685628666866,17611.779793819747,15831.39096567209,9389.340009505573,4199.221467277008
215,2025-08-04,74338.29396681776,69868.09228344687,0.0,1213.896589259948,48340.168968217404,442.6439550669771,1719.8967854515315,3439.7935709030626,-1277.2528303845538,0.0,47062.91613783284,2478.9685628666866,2080.490706583315,18932.477271098025,15693.936660244433,5287.984524725759,1867.4447704738568
216,2025-08-05,73116.46865264281,70279.75927837047,0.0,1855.9791852947933,47345.02183135465,779.0936645041809,1484.8723127136209,2969.7446254272418,-705.7786482094398,0.0,46639.243183145205,2080.490706583315,1654.9885448184436,19233.801607003883,15962.331247261533,4793.831500754214,1744.570200881681
217,2025-08-06,79237.38666678031,72729.37630966405,0.0,919.358352574591,51120.888543413676,1493.2903892153615,2668.065786038729,5336.131572077457,-1174.7753968233665,0.0,49946.11314659031,1654.9885448184436,1616.5505086787755,19632.69959446575,15937.080904042956,8535.093659437523,3165.829249110516
218,2025-08-07,77246.91459241175,68603.40488419571,323.5442863661664,2041.81015100792,48377.04153587399,1383.9439153831097,2590.284969930095,5180.56993986019,-1206.341054546985,716.8125302642884,47887.51301159129,1616.5505086787755,1291.0942562775547,19947.707351131838,16450.553581577886,10487.293816870955,3051.5996083911323
219,2025-08-08,42419.308718516695,41263.794435160846,0.0,22247.106016459267,25083.23231167175,0.0,545.8636778838732,1091.7273557677463,-545.8636778838732,0.0,24537.368633787875,1291.0942562775547,1873.5702420723305,14301.519902559352,11060.002733857775,1155.5142833558564,545.8636778838732
220,2025-08-09,40155.796723235304,39611.74255116756,0.0,18322.881091125462,23892.471286623266,402.2598422718572,377.8130022393019,755.6260044786038,24.446840032555315,0.0,23916.918126655823,1873.5702420723305,1680.8147147749844,13370.591761103722,11003.659301061623,1121.955635715653,511.899616329921
221,2025-08-10,71282.8811244875,70487.26726365223,25.929320257907534,980.2586655239314,46487.5801886932,2719.7569334518175,1375.5020665455313,2751.0041330910626,1344.2548669062862,174.88030047945736,48006.71535607895,1680.8147147749844,2176.9354116720833,19904.26442725695,15675.945558870739,6263.68561876766,2282.0877110294705
222,2025-08-11,72710.62577741483,70295.66361159956,167.60866982631785,2135.4165243198117,46133.68042650333,1660.0390896927152,1113.8314275248663,2227.662855049732,546.2076621678493,1130.9638888039917,47810.85197747516,2176.9354116720833,2066.4940602045867,20347.366526807873,16580.764103035126,4411.660102916471,1667.1777907557712
223,2025-08-12,76750.91988619666,72364.65413889039,106.33165096200491,970.6704670471672,48932.23889744489,1826.901491609739,1917.7027201444475,3835.405440288895,-90.80122853470857,717.4096219061497,49558.84729081633,2066.4940602045867,2149.698407241137,19288.882949854393,15549.111277049173,6543.667052394543,2526.669884014361
224,2025-08-13,67858.09957905032,72094.20937730605,40.939915661092755,1971.2380089627627,43619.84120910108,4293.348030338251,79.99549245025003,159.99098490050005,4213.352537888001,275.99644142925683,48109.190188418346,2149.698407241137,2486.2965204915367,19684.17648462651,15641.24465062212,4717.157652877974,1511.1115025630002
225,2025-08-14,68743.78121989184,69563.65436906746,447.6318374376478,1004.6673968370538,44561.288109572124,4379.902452729605,1420.1897214014705,2840.3794428029405,2959.7127313281353,2694.242155430578,50215.24299633083,2486.2965204915367,1722.6500918334518,19829.52427435264,16749.19644801792,8110.262701154092,2880.157205644672
226,2025-08-15,41439.153475585204,40041.60057243386,0.0,20060.619327100212,25021.930879309326,749.411843032748,1029.3373349836309,2058.6746699672617,-279.9254919508828,0.0,24742.00538735844,1722.6500918334518,1805.611940659131,14455.729989774736,11634.475627774422,2561.8737560285413,1279.1412826612136
227,2025-08-16,40995.74180899885,38968.15980987207,86.73301608964243,19718.639697932205,25276.41991043175,1440.4116112764,1489.1513101397372,2978.3026202794754,-48.73969886333816,552.1421268008085,25779.822338369217,1805.611940659131,1649.3703144541973,13408.369604985714,11001.396843622866,4610.664639576709,1969.288513898537
228,2025-08-17,72451.4119831741,67845.5957592591,894.1224138708233,1901.255681105049,45183.85450996387,1940.3604548069432,1606.6785722187647,3213.3571444375293,333.68188258817827,5171.558929565834,50689.095322117886,1649.3703144541973,1538.82183089867,19855.592160832595,16182.523285474375,7691.101829399305,2253.465390487746
229,2025-08-18,73262.12451193779,71315.12465179921,522.8773582877179,3240.3315720859455,46824.39537686245,1638.664482309754,1314.4233870218684,2628.846774043737,324.24109528788586,2779.644240849218,49928.28071299955,1538.82183089867,1915.1574033038712,20341.33055878756,16137.775737453241,5358.104665292635,1860.6448811251194
230,2025-08-19,72354.75212241322,69415.21895815645,69.12587853527532,1893.541609032812,46436.05235389918,704.3883165800609,1192.1978274864716,2384.3956549729432,-487.80951090641065,466.21268914986206,46414.45553214263,1915.1574033038712,1529.8752616154127,19052.09002725538,15778.946849596468,4433.95391877961,1426.9939330131588
231,2025-08-20,80071.46452789023,73551.09153400947,1408.8427009176735,575.9645762887211,49964.813999016405,740.233445507085,2098.4259254289086,4196.851850857817,-1358.1924799218236,8984.932673040308,57591.55419213488,1529.8752616154127,1200.0,21211.40172329275,17478.123131321,7554.373314208765,2345.170407264603
232,2025-08-21,74355.31334658373,70547.87810033158,10.44583993783101,929.0235704210949,46832.92296600793,1716.8237689128673,1349.4987309126993,2698.997461825399,367.3250380001673,70.3684007411986,47270.6164047493,1200.0,1219.565447319036,19827.752546988708,16042.87066047372,6942.867567208793,1921.7733205503218
233,2025-08-22,41788.27467680551,41017.92762248424,0.0,16569.149050289907,25065.664009101158,1580.5862904930054,929.7924551872314,1859.5849103744629,650.7938353057741,0.0,25716.45784440693,1219.565447319036,1642.3734641505978,14935.168194978552,11716.95902278422,3121.952620981515,1456.6545520182333
234,2025-08-23,38889.46422889647,39917.248291860626,0.0,14934.636462078248,22795.823582958757,1554.136743906498,61.909097154437625,123.81819430887526,1492.2276467520603,0.0,24288.05122971082,1642.3734641505978,1507.7245483707807,13546.261599916907,11093.655920134526,1289.7744469253703,579.9546784566037
235,2025-08-24,68114.23248079294,70109.9934366894,0.0,2105.737158884062,43952.458971198546,5575.771848476485,1071.945527896154,2143.891055792308,4503.8263205803305,0.0,48456.28529177888,1507.7245483707807,1718.3889173663035,21479.309801979107,17208.643007507108,7531.091966675263,2930.5361440549827
236,2025-08-25,93940.12315549693,77747.81555450817,18.882184341214156,2671.5064763807804,59922.3680045199,376.7904275718979,5294.502260999579,10589.00452199916,-4917.711833427684,127.36033338148948,55132.0165044737,1718.3889173663035,2057.877265261839,21139.814382610315,16817.71013680838,16636.36605164958,5420.099070190213
237,2025-08-26,72407.62398528022,72944.78133104648,0.0,2829.694646040877,46950.905013251184,1349.1698125179341,307.60398496871323,615.2079699374265,1041.5658275492208,0.0,47992.4708408004,2057.877265261839,2797.6630433192927,20634.00579695035,16047.737495278085,2635.0262840381283,757.3272558080247
238,2025-08-27,71267.01091639078,75445.36420209435,0.0,4595.349957387269,46285.88851541103,7153.476770641017,1068.9380650827811,2137.8761301655622,6084.538705558235,0.0,52370.42722096927,2797.6630433192927,2075.9756679452266,18870.442188826764,15934.576810786339,12230.322054620266,3453.4303219631197
239,2025-08-28,69850.33993188974,76096.30491638999,127.38185594998642,1962.5347113927583,44106.58638611881,7432.105297812638,549.5757567782898,1099.1515135565796,6882.529541034349,700.0523425131839,51689.16826966635,2075.9756679452266,1434.730128508801,21423.568753192987,17930.211675579107,9113.962307752561,3026.9441893825024
240,2025-08-29,44888.63806856149,42950.401484494374,0.0,16704.27515474346,27331.414789174305,1128.6052424288296,1238.0222912874717,2476.0445825749434,-109.41704885864192,0.0,27221.99774031566,1434.730128508801,2344.0814172032497,15118.36747329424,11427.461493543331,3671.7143812865734,1614.2240387637485
241,2025-08-30,40730.67613956781,39708.10445009347,0.0,19610.958481048776,24657.70555266583,139.8352795435175,513.8902092623069,1027.7804185246137,-374.05492971878925,0.0,24283.65062294704,2344.0814172032497,1378.1387951876688,12914.602608028395,11330.176472317027,1466.1992312450777,560.501969110146
242,2025-08-31,68761.18536002623,70146.4284373073,905.3508860935086,148.4714916069113,44889.459967116636,3011.473559743421,614.7504259609514,1229.500851921903,2396.7231337824696,6273.633490617057,53559.81659151616,1378.1387951876688,1893.1894890584665,19963.890126193888,15707.205377733328,4126.149728597539,1618.574945875425
243,2025-09-01,80978.13877818192,69187.42707615625,0.0,7860.793721021861,51139.61217015005,2116.235504979,3874.4092537580145,7748.818507516031,-1758.173748779016,0.0,49381.43842137104,1893.1894890584665,6223.500509844457,20290.625805756215,12538.126983955148,15371.070729491374,4579.821088751014
244,2025-09-02,64863.76200335636,65838.3902102797,0.0,9123.580711435457,42196.48209457497,4506.622888721111,1266.2817531322878,2532.563506264576,3240.341135588823,0.0,45436.82323016379,6223.500509844457,5556.201194547687,17145.384382164964,14488.330733320712,8985.839590625932,2768.489382705992
245,2025-09-03,67769.65192210414,61492.830432457224,0.0,3508.304376009558,44347.053359918085,163.52264779445488,1965.3761696901638,3930.7523393803285,-1801.85352189571,0.0,42545.199838022374,5556.201194547687,4799.274575642632,16410.751386643264,13973.942580195584,6494.581826313149,2019.8837189549822
246,2025-09-04,66183.3058053794,61258.95269520237,0.0,3835.383275944588,43954.05230745587,819.5676501359426,1884.9280574173822,3769.8561148347644,-1065.3604072814396,0.0,42888.69190017443,4799.274575642632,4798.603128443392,18413.727219668992,14915.723350411201,5802.1757208848785,2158.117274129363
247,2025-09-05,33988.43774057954,32224.1195067972,0.0,22825.934967541292,21046.863594096045,289.8026777800773,915.034378207647,1830.068756415294,-625.2317004275696,0.0,20421.631893668473,4798.603128443392,4953.867789942085,12811.498301265385,10237.575428676142,2308.6994950094822,1011.6352708010061
248,2025-09-06,33907.13737035569,32964.031997249585,0.0,22190.455138114823,20823.45492683758,1443.4092059104892,858.7243959324442,1717.4487918648879,584.6848099780455,0.0,21408.139736815625,4953.867789942085,5525.263131022655,13359.143958748698,10306.650799613933,2664.9781002602585,1339.8607979026074
249,2025-09-07,60077.57441051598,61562.48432925185,0.0,3740.1933516279896,39776.65048176335,5328.254303145977,1460.443276759917,2920.886553519834,3867.811026386061,0.0,43644.461508149405,5525.263131022655,4916.613757804345,17942.588404493003,15081.281043535811,10611.451954050091,3236.528044475243
250,2025-09-08,59338.426529984405,59681.555997034964,607.4868410973522,1120.757442730599,37690.16522723127,1471.9857797982922,313.50808716720303,627.0161743344061,1158.4776926310892,2647.493345389885,41496.136265252244,4916.613757804345,1200.0,16408.780232064764,16636.064369996377,3050.6465831335813,804.1700137666339
251,2025-09-09,55608.80060704505,57076.30077835826,1262.9179013057178,1480.874133843684,35499.15932607906,4323.958386612212,1003.6923657163825,2007.384731432765,3320.2660208958296,7630.815710037359,46450.241057012245,1200.0,1200.0,19765.84357449277,16010.333295339144,7372.4564148569025,2445.0118279204526
252,2025-09-10,65607.01408675716,65503.109161752145,558.1664261842379,586.9548495868961,40382.10189246888,3941.860876696205,1032.0027237764607,2064.0054475529214,2909.8581529197445,2705.3572465810475,45997.31729196967,1200.0,1241.1383474665804,21691.039871734563,17532.717783385073,8522.704063716741,2345.9563493418623
253,2025-09-11,62741.74042689199,57269.10912532229,1231.4405198631096,896.4484010482656,39250.79997361513,702.6264336582049,1804.1951439277,3608.3902878554,-1101.568710269495,6747.962140283682,44897.193403629324,1241.1383474665804,1316.2096606214918,21265.53304718098,17157.51758637717,7017.11913583022,2038.4039551471014
254,2025-09-12,32598.628744798552,32587.773703463183,0.0,17943.52322724118,17995.289558379955,585.1862110006325,168.388627112356,336.777254224712,416.79758388827656,0.0,18412.087142268232,1316.2096606214918,1591.6690450851224,14972.00436949858,11879.41009327658,703.2584563552464,363.4506974459001
255,2025-09-13,31925.730294160512,32172.636297522826,0.0,21612.225909288216,17449.34286086444,1023.5394862485132,200.76918616872706,401.5383723374541,822.7703000797862,0.0,18272.113160944224,1591.6690450851224,1358.539483615514,14542.765843283822,11989.456938382544,1126.6909326628543,541.9490149182315
256,2025-09-14,68523.57119015348,63913.10024701892,1251.7060135079273,1567.988979912132,43382.682245435964,1642.3175153364327,2213.958820720303,4427.9176414406065,-571.641305383871,6250.518919123414,49061.55985917552,1358.539483615514,1200.0,19158.83192562471,15661.339395009983,7363.742998450154,2761.397992499114
257,2025-09-15,58917.506822621974,61025.042929935415,361.80099473292665,1912.0896362242001,37034.702834245705,2977.7450293099946,168.2313940772578,336.4627881545156,2809.5136352327368,1952.3582293900572,41796.5746988685,1200.0,1463.681815826463,21949.526425615757,17541.80277050495,2823.487921646449,1160.8130705139224
258,2025-09-16,71900.97214359604,65537.26120839283,211.06091050283771,2483.714297770586,44006.32572887842,1686.1478763867294,2132.836037664738,4265.672075329476,-446.68816127800847,537.9084832025416,44097.54605080295,1463.681815826463,1200.0,21106.06037913456,17333.22254134281,8548.333564277746,2694.8853297936475
259,2025-09-17,67158.90979841907,64633.77094182193,297.7188194403669,924.8330489032943,41809.18943194357,2031.4357332397494,1443.9121429064016,2887.8242858128033,587.5235903333478,1075.4215155998509,43472.13453787677,1200.0,1200.0,21297.570065047483,17251.03175268847,5305.192507708995,2121.0573873196518
260,2025-09-18,58563.70424163254,65233.21021583956,841.1727058473123,3095.968640837903,36591.73126769087,8827.828140881462,917.083587573359,1834.1671751467175,7910.744553308104,4087.452719334802,48589.92854033378,1200.0,1204.1823001220391,21150.521547749842,17128.158383567534,13201.264830026357,3859.6929678671795
261,2025-09-19,33437.343621697655,32612.244281076033,3.2066847220140433,13262.153830879372,19088.932136249277,1008.8077347265939,740.0078496663048,1480.0156993326093,268.7998850602894,12.781845301947977,19370.513866611513,1204.1823001220391,1564.1494999236122,15410.391254897868,12158.44643664586,2480.181822843041,1076.2770945751693
262,2025-09-20,32533.987616158283,31479.480223883074,688.5667168259444,13720.700717881542,18479.402879110577,747.1278127203122,737.393015685515,1474.78603137103,9.734797034797111,3533.3246256889774,22022.462301834352,1564.1494999236122,1460.4403045528247,15238.161922778208,12436.24943328406,2296.901554688235,986.435619925619
263,2025-09-21,67221.04960534749,65443.081712612126,15.673665076306648,2877.8079024138865,41620.62279060621,1216.1477386251304,755.7118022876784,1511.4236045753569,460.43593633745195,77.35737398411146,42158.41610092777,1460.4403045528247,1817.9548120939558,20903.66807975889,16610.208087817675,4290.094964399601,1161.0943818293886
264,2025-09-22,72941.81462314352,63892.5124009797,426.39982192941716,243.17719176874022,45817.59492119686,902.5123322427431,3105.693899835055,6211.38779967011,-2203.181567592312,1876.4017780523836,45490.815131656935,1817.9548120939558,1258.9404983905642,20867.515948105836,17405.80080029879,10409.76849553959,3406.5313439159695
265,2025-09-23,73341.00806301416,68563.24113143746,15.174529153445473,1410.3391901143596,46046.975422947246,195.07659761234098,1611.3581597782186,3222.716319556437,-1416.2815621658776,58.90752217367532,44689.60138295505,1258.9404983905642,2031.4221678921174,22927.512550483298,17876.051663340073,4967.267560199108,1676.3836923156657
266,2025-09-24,60030.90415372602,66428.41072583027,0.0,1968.4075030108538,38146.21969906889,6059.093509259675,12.291561650355948,24.583123300711897,6046.801947609319,0.0,44193.02164667821,2031.4221678921174,1520.6893761655283,20297.040186175465,16900.262063356055,6451.030250368027,2031.9893980702475
267,2025-09-25,66307.4038221795,66525.83264914883,0.0,2329.105860505032,42211.331221269735,2163.383819974195,554.752768995316,1109.505537990632,1608.6310509788786,0.0,43819.96227224861,1520.6893761655283,1626.0859878768888,19823.268095281877,15961.990206638093,5276.814255999858,1275.8807089867144
268,2025-09-26,35254.31722975637,33330.69259332586,0.0,12769.910036633624,20034.707480692057,421.7338771782894,988.5671349306053,1977.1342698612107,-566.8332577523161,0.0,19467.874222939743,1626.0859878768888,1610.9869817867561,15158.569274596624,12292.03021790439,2753.0677807314078,1129.145093990035
269,2025-09-27,33522.00241098973,33898.656944592534,202.9180369495107,13448.884095028916,18704.703068144772,1953.850314491726,543.6357686304646,1087.271537260929,1410.2145458612613,925.9372045344885,21040.854818540527,1610.9869817867561,1394.9491597045724,16030.645665195254,13179.257028682121,2797.2509099107215,1194.9192067943734
270,2025-09-28,66651.98799420102,68273.9999810326,484.45980175503206,1481.300406682184,42064.14290458376,6182.3395944909425,1736.8460227697383,3473.692045539477,4445.493571721203,3378.215452876437,49887.851929181394,1394.9491597045724,1330.5929144366717,20249.74121147318,16460.21100203439,12294.647287661373,3797.625887600053
271,2025-09-29,73635.18013694556,68194.14785028841,283.8339717291025,917.8511868089585,46184.46502420373,2081.7199015018523,2306.8934456012043,4613.786891202408,-225.1735440993507,1384.829114459268,47344.120594563654,1330.5929144366717,1860.778671371415,22753.00975772264,17952.770722514073,9584.482144357353,3000.800079435154
272,2025-09-30,71596.48207538681,71260.26463517718,868.1308356605718,1829.4259104984399,45622.23756030584,1409.4168341903955,555.4675932718138,1110.9351865436277,853.9492409185816,4358.277780253346,50834.46458147777,1860.778671371415,2480.637523502798,22731.167509233717,17854.372715561065,2460.834485536447,1025.2732046686124
273,2025-10-01,65926.33411919259,60587.30259700485,0.0,5273.046141999235,41087.086246349485,1737.5712472926944,2056.824460669661,4113.6489213393215,-319.25321337696596,0.0,40767.83303297252,2480.637523502798,4291.077257628307,21175.469268206973,15522.734346534686,8023.521632317719,2636.014876433892
274,2025-10-02,69043.05687290573,58800.33619525157,0.0,3316.5613155200977,43774.57034455861,1330.6335190576178,3716.429983952232,7432.859967904464,-2385.7964648946145,0.0,41388.773879664,4291.077257628307,4252.002375843754,19937.679771952124,16184.68800888732,12131.124210069816,4159.974490304772
275,2025-10-03,29072.321242075595,29423.29907437173,0.0,18926.78174641563,16234.59303961995,1261.4167097200066,331.87227226464313,663.7445445292863,929.5444374553633,0.0,17164.13747707531,4252.002375843754,4346.120039506566,13656.093319260923,10976.729691304821,1673.3549521252667,752.3445088379785
276,2025-10-04,31331.424464419193,30904.96687910345,0.0,15398.841608886036,17890.590663713156,946.7463643659921,568.57121934621,1137.14243869242,378.1751450197821,0.0,18268.76580873294,4346.120039506566,4130.170201840968,13707.882583069008,11297.739746184932,1972.1306004914059,884.1533408015407
277,2025-10-05,67958.8049180565,58558.660799751626,253.2557757182168,586.2032639097592,42457.10662052079,1568.5167281128352,3087.863273224636,6175.726546449272,-1519.3465451118009,1300.913477528834,42238.67355293782,4130.170201840968,3798.0790416521604,19940.18046875444,16450.428223861018,11714.388887973957,3610.7021825955817
278,2025-10-06,60631.52629739299,63743.5202944124,20.44752097402529,1924.1817498799956,38919.63431051103,3361.0532578269836,322.5592534095867,645.1185068191734,3038.494004417397,99.17047672402266,42057.29879165245,3798.0790416521604,4037.666947796171,20479.198420930697,16372.521605424252,4505.2301572073875,1442.9103393519147
279,2025-10-07,64829.34401080004,63939.83088579152,0.0,1937.321569814797,40191.28439376983,4091.5253557964647,1052.3244588805371,2104.6489177610742,3039.2008969159274,0.0,43230.48529068576,4037.666947796171,4605.821868428608,19576.878354776494,15345.932038799769,7067.681365651377,2416.1662441460257
280,2025-10-08,57659.11825539184,56935.339720242,820.8781306745145,407.5415000538055,34805.36215463717,2932.3788963359093,721.362781715786,1442.725563431572,2211.016114620123,4749.716334338573,41766.09460359586,4605.821868428608,1732.4530495586687,18190.59274304734,17320.412058851296,5057.879134389046,1698.8224138277556
281,2025-10-09,69565.11968669394,58070.92747486917,1410.7967410019717,183.9520901411488,42157.6377345241,212.64933023535374,3352.6954237855025,6705.390847571004,-3140.046093550148,9164.987079072402,48182.57872004635,1732.4530495586687,1256.0037485891694,20876.81480668008,17339.024364283414,11975.02411205712,3423.5785338639535
282,2025-10-10,30579.374206757486,30994.935849167978,67.06413054879812,18710.092983361636,15717.346625018748,1585.1215348923704,338.37729071426077,676.7545814285216,1246.7442441781095,143.38311111333036,17107.473980310184,1256.0037485891694,1200.0,16098.418175888059,13090.122096199582,1937.4185804564952,866.7511356783842
283,2025-10-11,31456.69195096544,32012.953850268517,137.33824872431592,14525.821656857144,15954.083240481355,1800.4025744419903,324.0483992522668,648.0967985045336,1476.3541751897237,839.5487144517432,18269.98613012282,1200.0,1616.1658241210193,16545.303247860218,13027.146389057862,2043.977174424076,924.1825907329303
284,2025-10-12,63561.21987780104,62834.319631475664,661.8039271569103,1133.700030925806,37579.0902977068,3214.8256516897227,751.9373858387399,1503.87477167748,2462.8882658509824,4581.055447222303,44623.03401078009,1616.1658241210193,1331.8875703449066,21596.410383010156,17748.94283863673,5261.338515238423,1823.5459364019807
285,2025-10-13,68452.87633355515,61022.82653274096,1242.8114509392187,674.5416058889926,41592.236476886595,1132.4444639473656,2404.404123149748,4808.808246299497,-1271.9596592023836,8529.602926199554,48849.879743883765,1331.8875703449066,1894.861523349903,21352.7606320352,16789.05955424401,9253.46761932845,2781.885611132204
286,2025-10-14,70162.9602775579,65320.82506017228,350.3269907625488,856.815112023019,42930.11361451521,4378.341972246786,2620.2440844508396,5240.488168901678,1758.0978877959478,1721.3426351337912,46409.55413744495,1894.861523349903,1826.4135962657413,21590.056789232753,17549.549133654276,14346.20890523989,4079.691408533102
287,2025-10-15,72017.9716035848,65492.43154256354,268.1578251201138,129.60290569595725,44395.83504692654,1572.9419003315581,2568.393657126133,5136.787314252266,-995.451756794575,1362.2275901419312,44762.610880273896,1826.4135962657413,1449.6149839895277,21316.218752822664,17605.255940834955,9749.269290248758,3092.7076239033186
288,2025-10-16,67656.44760042509,67409.6384045768,172.31001901870098,384.8814919057178,41565.51033474709,2085.6406586563626,491.3314294329938,982.6628588659878,1594.3092292233687,1081.578154113893,44241.39771808434,1449.6149839895277,1532.5613866951385,21873.380101340754,17642.786119650962,3784.320539250752,1186.544982318448
289,2025-10-17,31001.429088324774,32268.167420390142,0.0,12917.632065273521,15961.504365768531,2023.5417168843173,148.80271194152903,297.60542388305805,1874.7390049427886,0.0,17836.243370711316,1532.5613866951385,1848.079356237313,16117.736136115764,12771.40009766581,1936.7498698494078,823.3166175696349
290,2025-10-18,32840.029983388915,31406.47788600782,0.0,12516.116674717086,17737.430378400077,354.6551892967598,698.6639936640091,1397.3279873280183,-344.00880436724924,0.0,17393.421574032825,1848.079356237313,1694.770515494169,15535.504743646823,12721.736799022754,2050.4456669592755,816.8823900962624
291,2025-10-19,69000.85772911173,66990.08627729637,1072.1794239528283,258.39613754390405,42473.49063629769,2215.9222881400383,1220.0947200932742,2440.1894401865484,995.8275680467641,6956.407174779022,50425.72537912347,1694.770515494169,1526.0916095411194,21420.831819630053,17502.68478925809,5718.490385727877,1958.7354828066204
292,2025-10-20,76146.9855669386,70695.01355262856,0.0,2065.7455065597824,47797.93182336053,597.3090724153017,2123.304715622461,4246.609431244922,-1525.9956432071594,0.0,46271.936180153374,1526.0916095411194,1599.6354333630454,21696.295989275695,17507.810309873585,6388.318094309572,2322.407739760895
293,2025-10-21,74884.3914972651,72356.08070672007,0.0,1373.4487328997516,46568.896811167506,1044.6407930994828,1281.5622267845488,2563.1244535690976,-236.92143368506595,0.0,46331.975377482435,1599.6354333630454,1935.6523036942892,22198.081265906265,17678.030642085956,5062.831432167886,1629.7758244843762
294,2025-10-22,69857.0708233554,70056.46864607238,74.77823614770944,980.789303818032,43696.97294907189,1164.441609890625,395.7392354755408,791.4784709510816,768.702374415084,470.3010905951332,44935.976414082106,1935.6523036942892,1422.6305694072998,21354.107575054528,17758.546696652462,2121.3483802449564,783.8864387724157
295,2025-10-23,80444.10391567595,66912.62709086106,601.3660108056881,119.02396907333002,50176.12392608182,1855.3048211305338,4847.841712782435,9695.683425564868,-2992.536891651899,3429.9580474532218,50613.54508188314,1422.6305694072998,1267.4403981815656,21869.17501770125,17853.702918441173,17333.492461406844,5466.276653159278
296,2025-10-24,33842.995166528075,34549.34216044382,0.0,12211.794850901124,17965.601566488353,765.1786814482535,26.235741860707744,52.47148372141549,738.9429395875459,0.0,18704.544506075898,1267.4403981815656,1950.6790937490978,17382.00929929079,13464.512706414767,812.6614174218016,281.29530234345896
297,2025-10-25,32687.651271256356,33257.73709813696,0.0,11247.84760821007,17206.485916205253,829.6115607127022,56.12554963363689,112.25109926727379,773.4860110790653,0.0,17979.97192728432,1950.6790937490978,1482.91923232717,15960.213851964698,13348.757095371138,845.9434559494418,332.66273653787096
298,2025-10-26,73979.40674644551,69503.60438164682,12.419498460598044,677.5733111849094,45802.306923924785,2347.2741761616267,2254.45367779093,4508.9073555818595,92.82049837069735,59.421090384731336,45954.548512680216,1482.91923232717,1561.8077198755086,22227.04691295972,17932.90836070387,8831.943507554486,3036.8784031781383
299,2025-10-27,69911.21120537817,72788.35207703384,0.0,4689.958160804824,43693.42253355755,6492.146421214529,1133.685252712234,2267.3705054244674,5358.461168502296,0.0,49051.883702059844,1561.8077198755086,2007.4427737140816,21814.424742671723,17268.612493109376,11235.091968000906,3297.7340597837438
300,2025-10-28,69513.00327641597,71267.93928768017,0.0,1165.6507035386257,42888.865739592344,6252.002722450494,1250.8532272625926,2501.706454525185,5001.149495187901,0.0,47890.01523478024,2007.4427737140816,1988.2525137451833,21827.04272691348,17697.175842771932,9065.816932900909,3334.8541347460905
301,2025-10-29,76902.71398677389,74983.22615795044,0.0,1847.9293913133138,47518.74596188862,2700.5274844357314,1079.3032946355033,2158.6065892710067,1621.224189800228,0.0,49139.970151688845,1988.2525137451833,1601.6563351963098,21952.508038584805,18129.46807194768,6161.005162683367,1979.4791227807468
302,2025-10-30,66865.16647549061,69366.34276891142,0.0,659.1962112378947,41556.61875841966,3561.134886596437,205.31843473500527,410.63686947001054,3355.8164518614317,0.0,44912.43521028109,1601.6563351963098,1280.2268376905722,22150.607660150985,18231.278752477465,4224.278681158488,1392.3633969338175
303,2025-10-31,36765.74735648634,35873.72990202963,0.0,7915.464224932988,20007.889146625203,155.16224322315017,428.9522077134244,857.9044154268488,-273.7899644902742,0.0,19734.099182134927,1280.2268376905722,2098.46853162992,17460.821504655636,13406.847894225659,1218.682293550176,480.6729554544745
304,2025-11-01,33934.43375102259,34375.8341912883,0.0,8554.072348413705,18171.898859572502,861.0851032312682,143.93661733554978,287.87323467109957,717.1484858957184,0.0,18889.047345468218,2098.46853162992,2218.9607035839495,16680.423446224428,13402.700036683167,1113.2103523239061,430.9649850793059
305,2025-11-02,72070.79392783294,74842.85473422952,0.0,2376.795346871757,45000.53645526069,6377.472048978172,1330.0369588179597,2660.073917635919,5047.435090160214,0.0,50047.97154542091,2218.9607035839495,1546.217192842964,22500.761124691166,18831.08567066673,10962.771192337726,3455.860975144017
306,2025-11-03,81644.89306721083,75936.45984330625,0.0,1204.2943563351605,51352.78157296791,33.27755325802554,1841.6419604539924,3683.283920907984,-1808.364407195966,0.0,49544.41716577195,1546.217192842964,2682.580505875324,22128.990641624405,16901.75543798664,5813.3400018738275,1852.734478206667
307,2025-11-04,74400.77799719523,72480.74541821644,19.52017287430556,2174.319368231376,46726.941056369236,3415.857598147685,1508.7223046703366,3017.444609340673,1907.1352934773486,136.1727259711556,48770.24907581774,2682.580505875324,1531.4223037153454,19904.824060368494,17158.94987084246,8749.955438852397,2647.341504052898
308,2025-11-05,83485.97189964421,75622.43533099015,0.0,1217.8566559032652,52967.139223413295,661.9692904824269,2915.6844523605087,5831.368904721017,-2253.7151618780817,0.0,50713.42406153522,1531.4223037153454,2074.09888048604,22306.0509964558,17579.49238803557,9177.969298873248,3136.3408825213173
309,2025-11-06,75862.75698626574,77709.23272650556,0.0,2698.9354046847657,47429.28872541177,5695.189627649744,994.0277106934006,1988.0554213868013,4701.161916956344,0.0,52130.45064236811,2074.09888048604,1664.4102640369376,21102.276455920983,17461.563684100187,7973.571232331189,2892.4242532433154
310,2025-11-07,34479.445433215034,35163.00294943974,0.0,8162.184555083485,18368.015913872376,965.5436306456866,75.82986746612067,151.65973493224135,889.713763179566,0.0,19257.729677051942,1664.4102640369376,1862.0489027574138,18444.641243023652,14762.284632000736,1076.9704343675935,397.67774434801623
311,2025-11-08,36203.08277106669,36559.44790131473,0.0,9232.815522740028,19213.668213319273,411.98201067837607,0.5693939310310832,1.1387878620621663,411.412616747345,0.0,19625.080830066618,1862.0489027574138,2177.782838429372,17111.919665631256,13576.494387056555,358.67247066351877,137.89673082382313
312,2025-11-09,78805.75030078598,76341.30340858971,0.0,1459.9788384888043,49385.892306925445,402.8019851733287,694.2599906364428,1388.5199812728858,-291.45800546311443,0.0,49094.43430146233,2177.782838429372,1622.770108437545,21231.678125053746,17697.17073828617,3233.619095209318,828.5273190275525
313,2025-11-10,81122.73395052305,81697.49497270577,0.0,3294.5303614244544,50850.35728609799,3913.084118273493,1034.1789101714385,2068.3578203428765,2878.905208102055,0.0,53729.26249420005,1622.770108437545,1989.4284690485101,22181.731509112935,17637.209997831604,7238.779706124399,2338.540282929269
314,2025-11-11,82851.02568195033,78580.82751875483,2.0516666666667334,2744.6607936636346,52675.056071595114,640.4785951427441,1622.3412375169064,3244.682475033813,-981.8626423741625,8.98527416666696,51702.178703387624,1989.4284690485101,2291.231416257154,21092.50564528116,16813.306920189963,5597.685874425501,1835.834102564488
315,2025-11-12,79017.07693355747,77480.62597480074,0.0,2836.0109052113276,49577.462802695154,4387.976555910203,1828.4975913061207,3656.995182612241,2559.478964604083,0.0,52136.941767299235,2291.231416257154,1791.0496971107345,21783.109825374733,18094.482505785312,9755.034039923044,3291.1564432761884
316,2025-11-13,76550.77195042356,76994.0496774127,427.8345826065171,1181.4232762119273,48268.44073171271,2456.549886582123,510.8063271912109,1021.6126543824219,1945.743559390912,2984.574048263063,53198.75833936669,1791.0496971107345,1713.2748224084576,20603.08975985622,16758.500092715596,4279.646483951525,1329.656289385252
317,2025-11-14,37130.86038907348,36633.42567968915,0.0,5604.613731548412,20009.463047231293,810.6510453646794,512.1636330684951,1024.32726613699,298.4874122961844,0.0,20307.95045952748,1713.2748224084576,1796.0157406741553,17662.57800895586,14232.221360815123,1842.3555541502149,782.3806481900549
318,2025-11-15,39758.18007276374,38335.81124059917,0.0,6900.739099372171,21113.207302697738,0.0,529.0764411841396,1058.1528823682793,-529.0764411841396,0.0,20584.1308615136,1796.0157406741553,1588.975181520486,17944.85119894014,14721.665974379812,1422.3688321645723,529.0764411841396
319,2025-11-16,78996.47694455436,80797.43007769223,0.0,1781.9043782534172,49556.821454842015,5421.514727430746,997.2796566407694,1994.5593132815388,4424.235070789977,0.0,53981.05652563199,1588.975181520486,1777.9876418366703,23215.105799057506,18634.124482952022,7855.79478883136,2804.4512324510188
320,2025-11-17,77184.14572013053,79655.04757367593,0.0,2505.887811219901,48631.85477438881,7014.831066165192,1485.359883939114,2970.7197678782277,5529.471182226079,0.0,54161.32595661489,1777.9876418366703,1948.512890139569,22631.224766579406,18177.819337456713,11358.532121887423,3823.6369059941785
321,2025-11-18,80725.13191614,79232.64773522323,356.4492960397841,254.3474148095222,50847.42992704567,1995.756311962943,1194.7155681348117,2389.4311362696235,801.0407438281313,1736.7553427277962,53385.22601360159,1948.512890139569,1791.13589284396,24135.98463519061,19691.78685207044,5018.414923916816,1859.9676721224591
322,2025-11-19,79118.75005631885,81635.71421589999,1.3850000000001046,2497.824122718617,49655.13094881081,8343.952198547719,1601.339559836582,3202.679119673164,6742.612638711136,6.301057500000476,56404.044645021946,1791.13589284396,1371.924422863841,21832.91482191311,18061.95132873172,12646.251118832932,4382.656959352489
323,2025-11-20,79097.45081854623,80056.0961088263,234.31480581198298,893.2546436486555,49754.69728684267,3159.3067155755293,894.1386757102571,1788.2773514205137,2265.1680398652725,1319.835713260266,53339.70103996821,1371.924422863841,1319.8871201376428,24478.493737420416,19874.413499764116,5890.080401203594,1947.2409142354336
324,2025-11-21,36076.845647384114,37173.15111725944,0.0,4244.446700396454,19451.400041697878,2410.866524820138,503.09564036538023,1006.1912807307605,1907.7708844547578,0.0,21359.170926152638,1319.8871201376428,1907.7942244995688,18606.336611950486,14542.016261754165,5343.381434309334,1306.717815305426
325,2025-11-22,40595.86268893023,38642.33413217846,0.0,5013.782711362752,21388.055681413884,707.0313958095527,649.2399152103521,1298.4798304207045,57.79148059920021,0.0,21445.847162013088,1907.7942244995688,1768.7451147538045,18599.295453966148,15190.573516483772,3122.748098533133,884.9170471468699
326,2025-11-23,79651.87476917787,80184.779843659,0.0,787.2715689986527,50325.61638882359,4679.3686275100945,1324.2900644442366,2648.5801288884736,3355.078563065858,0.0,53680.69495188944,1768.7451147538045,1502.3514027323263,23185.08595866494,19019.673967337927,7882.6522607573015,2884.079606947601
327,2025-11-24,78741.15241886338,78659.55067398411,77.74182089110487,386.2451873002573,49415.12431954954,2604.6086159987603,834.6424053975286,1669.2848107950574,1769.9662106012313,321.6249365651612,51506.715466715934,1502.3514027323263,1200.0,23480.104579126513,19291.00097155157,4478.373847086942,1702.8452773971153
328,2025-11-25,91061.61355017438,82948.50019529337,0.0,1810.3383499376707,58352.96155072828,632.5068938814218,3129.001037307039,6258.002074614078,-2496.494143425617,0.0,55856.46740730266,1200.0,1782.5979629174176,23395.59585296509,18426.094474276048,9086.358866059118,3339.8366686008467
329,2025-11-26,85582.66351717521,82927.75186395756,0.0,1596.7543949649187,54185.76661991357,1473.4003600172605,1355.7580772810413,2711.516154562083,117.64228273621848,0.0,54303.40890264978,1782.5979629174176,1832.7353514187612,23832.66808425317,19259.33749859386,5110.97278303083,1846.891530620128
330,2025-11-27,82177.71050802122,81735.29819577766,0.0,1681.873718916287,51923.63859560195,3054.5384960407955,953.025119947584,1906.050239895168,2101.5133760932117,0.0,54025.151971695166,1832.7353514187612,1702.7563084180729,23102.699380150836,18830.1676366228,5818.616208088299,1971.204618627849
331,2025-11-28,37027.20816793099,36382.524368819526,0.0,1971.8242012589048,20086.35299847821,720.0160729124441,511.59995013940716,1023.1999002788143,208.41612277303693,0.0,20294.769121251247,1702.7563084180729,1660.027080578763,18567.989066400027,15078.527448839404,2646.4819065006,751.6053077768885
332,2025-11-29,47793.02548307771,39708.05507828623,0.0,1312.840062414723,25368.541755762744,464.3644023744298,2325.570158088223,4651.140316176446,-1861.2057557137932,0.0,23507.336000048952,1660.027080578763,1602.171549689326,18514.920493010526,15049.15557713902,9030.356010557383,2480.3582922130327
333,2025-11-30,84667.39110753275,86046.39173789349,0.0,1244.801986797896,53257.75428270594,4144.836061844583,746.5866511012247,1493.1733022024496,3398.249410743358,0.0,56656.0036934493,1602.171549689326,1385.4088841997848,25009.726491418496,20452.96485698957,5627.9317469791,2128.1986717160858
334,2025-12-01,89645.90981793175,92451.34067612814,897.8463046967303,1292.658831697077,57255.017327837166,6828.916869960976,820.6283921960993,1641.2567843921986,6008.288477764877,4255.622249988454,67518.9280555905,1385.4088841997848,2218.898721670779,26355.050326687135,20597.449910892683,7404.16892703845,3096.9340155164246
335,2025-12-02,92467.92648877803,93499.7054304232,281.7729023569646,1049.5957058272436,59358.41194275747,6347.733460524258,1294.592029307712,2589.184058615425,5053.141431216545,1418.0082174412498,65829.56159141526,2218.898721670779,1550.3781529395333,24714.427309531857,20620.35463257892,8924.246446282406,3410.503182815798
336,2025-12-03,82944.94057959253,94178.18258922816,0.0,1966.4316484684205,52886.02492160839,11504.440249736836,23.761441407658992,47.522882815317985,11480.678808329178,0.0,64366.703729937566,1550.3781529395333,1832.5764193535424,25236.96807537089,20187.96570127781,11364.980272421453,3858.574857986603
337,2025-12-04,89091.46296030254,91945.29032797655,758.9299530289259,1445.3930929877467,57989.61224468002,7940.088141213882,1181.1194382182234,2362.2388764364464,6758.96870299566,3698.280258040073,68446.86120571576,1832.5764193535424,1704.5795267572776,24225.345480812444,19737.727042794722,9515.535499198784,3827.8154852895177
338,2025-12-05,43363.72411400068,46997.81394871304,0.0,1734.7541009092429,23073.71478539349,5059.735773389948,374.0852889035728,748.1705778071456,4685.650484486376,0.0,27759.36526987987,1704.5795267572776,1732.9588306411256,20662.583110394757,16711.150945924295,6994.252043083737,2060.6638800335554
339,2025-12-06,45772.739106655135,49520.369117350485,0.0,1745.6338234787104,24085.012150659022,4377.649412292611,38.333897528416664,76.66779505683333,4339.315514764194,0.0,28424.327665423214,1732.9588306411256,1990.310435488257,20413.094909698375,16302.990432493269,4108.460479291642,1497.5503682926203
340,2025-12-07,93501.27977827787,92985.63073944075,496.29939835493616,1495.8615653266606,59659.1731856108,4180.193191467798,1303.9879698066095,2607.975939613219,2876.2052216611887,2343.355459158197,64878.733866430186,1990.310435488257,1573.274821926767,24782.73355091778,20449.346228448747,7285.310567096012,2697.3857002958757
341,2025-12-08,102449.1361522995,97716.4527026288,0.0,5077.297036180498,66000.92699316368,1520.9608057990174,1740.0449256892489,3480.0898513784973,-219.08411989023125,0.0,65781.84287327345,1573.274821926767,1977.6301305716408,23305.393536848685,18513.448987067048,7061.998660749026,2247.031860955588
342,2025-12-09,101245.25527333785,95763.63256508714,24.683107986221785,3827.357565398507,65463.93843750445,649.8590054286051,2056.817116939736,4113.634233879473,-1406.9581115111318,143.3718327379692,64200.352158731286,1977.6301305716408,1911.6262347614875,24378.459722301846,19805.955881293638,6416.217703938677,2273.436785415938
343,2025-12-10,96285.3274443632,96431.57623349721,0.0,3696.8599295852896,61607.061626877025,3768.195093078587,1435.7939537677717,2871.5879075355438,2332.4011393108144,0.0,63939.46276618784,1911.6262347614875,1591.0499787911112,24397.981408518914,20050.88357127365,7755.698862962998,2691.8589847939675
344,2025-12-11,99838.18547503892,94183.8554320154,108.06703887451752,3944.8347094880805,64185.11621309718,319.51161897006773,2121.1462862377157,4242.2925724754305,-1801.6346672676473,480.0881237907196,62863.56966962025,1591.0499787911112,1455.6861242578727,23724.529107798797,19338.696046396937,6145.572475051878,2227.650159227738
345,2025-12-12,53753.18123291526,53299.834111053686,0.0,5539.600522734755,28365.267055807704,2502.508805131428,750.2100949960461,1500.4201899920922,1752.2987101353815,0.0,30117.565765943087,1455.6861242578727,1984.4057755697472,18789.328520025865,14743.508415040262,6148.95537176459,1584.379696706522
346,2025-12-13,54232.73525376126,51437.0614619177,0.0,4194.679126441584,28875.21188997547,2815.6095254451793,1639.5283700085165,3279.056740017033,1176.0811554366628,0.0,30051.29304541213,1984.4057755697472,1916.6890357881866,18446.28430497993,15002.435352837143,7918.0100635066465,2578.0648784902432
347,2025-12-14,94481.9839027542,96195.97703038264,0.0,3015.8664153110158,60232.86898199754,3013.95909601202,412.55609855385995,825.1121971077198,2601.40299745816,0.0,62834.2719794557,1916.6890357881866,1524.4314480639168,25023.266547491992,20621.877732420362,3662.972737701116,1417.2091305578665
348,2025-12-15,95502.97132922948,98193.01042394739,0.0,3582.349869802938,60989.932171617766,3570.1492536574237,563.2816387161735,1126.5632774323467,3006.8676149412504,0.0,63996.799786559015,1524.4314480639168,1796.8380822120564,25768.087456549823,20626.98486907204,5547.3653364786105,1753.3313899353147
349,2025-12-16,100547.74521874636,98601.0279909476,0.2538166666666939,4195.06599281537,65325.7931209393,453.79308764014115,1061.7819441841445,2123.5638883682886,-607.9888565440028,1.3904077000001491,64719.194672095284,1796.8380822120564,2202.4663786711676,24331.88955080192,19343.765069336358,2913.794188654523,1213.046306730858
350,2025-12-17,99952.2302065643,94628.83295762865,309.1821497982811,2795.9481430777228,64353.02534699332,559.2820196088533,2272.6449247280952,4545.289849456191,-1713.362905119243,2128.574401503753,64768.23684337783,2202.4663786711676,1580.07813384548,23738.785884345525,19788.565986662994,6053.385062579412,2459.072264597713
351,2025-12-18,94858.71529517823,94477.76008810442,0.0,2359.5578681606457,60925.258061471766,2483.6039684950547,800.8221206795004,1601.6442413590007,1682.7818478155546,0.0,62608.03990928732,1580.07813384548,1652.791105827107,24665.755676282366,19913.820423005258,4423.789212759143,1628.690110177852
352,2025-12-19,50893.43269490204,48665.79241735739,313.918015208895,2798.035814347766,27181.0725861728,1361.315159632156,1108.7456867264339,2217.491373452868,252.5694729057218,1918.980826971975,29352.622886050496,1652.791105827107,1271.5092278285542,19033.878991669586,15760.595673451064,5584.49695663748,1562.5174066038192
353,2025-12-20,53675.03924245032,49801.355137100836,0.0,2633.375314167007,28731.159404791724,188.13834241466805,1410.1014789976907,2820.202957995382,-1221.9631365830232,0.0,27509.196268208703,1271.5092278285542,1553.4580775549318,21357.229516737338,17045.601943803507,4179.094144488909,1472.8142598025802
354,2025-12-21,98185.19435208845,97686.65223789804,12.010462284082905,3830.9372982804753,62840.200432334525,2471.6135361315273,1025.9570890852085,2051.9141781704166,1445.656447046319,69.76277017709555,64355.61964955794,1553.4580775549318,1694.973214041381,24750.420591564194,19920.477056329193,4669.27178889472,1849.8282677957177
355,2025-12-22,97217.60711315341,95963.92621230127,157.80509068736924,2700.041859880908,62691.67994760775,500.75325175597044,725.6345980765046,1451.2691961530095,-224.88134632053448,811.6037126909698,63278.40231397819,1694.973214041381,1598.228060843501,24059.64735606587,19575.38499629145,2497.6083564321193,892.5523486618282
356,2025-12-23,100096.93621627949,94466.412247787,677.2854969365454,3334.2180936479945,64529.14999581418,79.46327892753958,2375.1263648452386,4750.252729690477,-2295.663085917699,4646.9011227996625,66880.38803269615,1598.228060843501,1504.5431061904044,24398.439878578974,19847.052760836756,5869.435109755139,2401.614124487752
357,2025-12-24,98441.82820350536,95589.07546492388,139.17988211730847,3073.7504126041185,63441.41649312379,407.4527985328239,1322.0118573104598,2644.0237146209197,-914.559058777636,893.858580023848,63420.71601437001,1504.5431061904044,1617.3581860056884,24728.484452298173,19928.53883452776,3477.0508895783987,1457.829456821401
358,2025-12-25,94069.10448921184,95244.19707443514,211.54707325781033,3115.5958663695155,59822.71714672839,3073.3801716841645,654.1961769064211,1308.3923538128424,2419.183994777743,1464.257306185469,63706.1584476916,1617.3581860056884,1456.6225070857297,24591.37820535832,20063.6784573682,4369.100241720798,1678.656234134476
359,2025-12-26,51558.47221832719,50086.358782817115,0.0,2383.580175121454,27356.17419748027,188.9452375254386,522.5988342103132,1045.197668420626,-333.6535966848743,0.0,27022.520600795393,1456.6225070857297,2248.6679197943217,20959.554225918993,16264.398051556655,1889.6800060560697,585.5805800521259
360,2025-12-27,51894.91828921858,49013.62130941226,289.4138343632323,2731.894561928382,27266.336546706665,219.4043852033111,942.4694755181297,1884.9389510362594,-723.0650903148185,1769.1867694624389,28312.458225854283,2248.6679197943217,1650.2806580511653,19846.73710920674,16614.405594026295,3358.979960284928,1015.6042705859
361,2025-12-28,96561.8505994149,94475.98086655572,74.67229878865464,3036.390616788235,61873.36968953521,1278.6362913283886,1339.6239525846674,2679.2479051693354,-60.98766125627935,431.1314379206286,62243.51346619956,1650.2806580511653,1737.6782849268839,24349.21018088419,19644.20238232804,4143.815084682374,1765.8360496941305
362,2025-12-29,97098.93181972764,96262.6592872513,0.0,4113.946314530305,61885.7800817355,1419.7675738756814,887.8121037221086,1775.624207444217,531.9554701535731,0.0,62417.73555188907,1737.6782849268839,1726.2402172201935,24396.005089422884,19771.058383368556,3868.261642966998,1361.067961680669
363,2025-12-30,97495.81212284663,95680.65296486951,0.0,4490.2351643068805,62418.06321893722,2139.7619694252244,1363.8216881253134,2727.6433762506267,775.940281299911,0.0,63194.00350023714,1726.2402172201935,2126.436177327211,24241.257034033268,19275.24183347063,5367.21310801598,2077.0756779337216
364,2025-12-31,98458.22320961377,96306.10397950426,0.6610204710181051,3662.27199945385,63113.70842937636,767.2024312758365,1023.4469579461553,2046.8939158923104,-256.24452667031846,3.861351081452261,62861.3252537875,2126.436177327211,1484.0312605653824,24085.444696177634,20087.374628989528,3458.557952990067,1279.1811017047671
