day,date,G0,G,R,W,base,increase,cancel,refund,adjustment,emergency,total,S0,Send,C,D,absolute_adjustment,surcharge
0,2025-01-01,54149.36566502058,54149.36566502058,34900.52509164609,0.0,32909.8652559563,0.0,0.0,0.0,0.0,179691.37557177126,212601.24082772757,6000.0,1200.0,7024.846,10010.125259999993,0.0,0.0
1,2025-01-02,96853.44019506172,96853.44019506172,1530.930611666667,463.5164333333332,61853.479049846166,0.0,0.0,0.0,0.0,7429.491871768836,69282.97092161501,1200.0,1365.1683916666664,25720.86081172839,20685.245705,0.0,0.0
2,2025-01-03,97149.5001978052,97149.5001978052,0.0,41861.21272363968,62183.0986368983,0.0,0.0,0.0,0.0,0.0,62183.0986368983,1365.1683916666664,8522.945869629628,17586.03356490627,7802.68745740741,0.0,0.0
3,2025-01-04,124055.37486248682,124055.37486248682,0.0,78291.77460969152,86168.28666297751,0.0,0.0,0.0,0.0,0.0,86168.28666297751,8522.945869629628,8307.31184288168,6274.044790535694,5276.046904407066,0.0,0.0
4,2025-01-05,113362.48855331249,113362.48855331249,1548.7629874812271,28114.80220151766,77352.9074604901,0.0,0.0,0.0,0.0,8429.466455197444,85782.37391568754,8307.31184288168,1200.0,11354.314199313516,15593.575160037464,0.0,0.0
5,2025-01-06,120580.03273977117,120580.03273977117,0.0,22124.44766718379,81500.44820375995,0.0,0.0,0.0,0.0,0.0,81500.44820375995,1200.0,5059.811816632441,22890.912303253604,15067.808330666227,0.0,0.0
6,2025-01-07,120583.93711565628,120583.93711565628,0.0,23644.66052891003,83253.90441982703,0.0,0.0,0.0,0.0,0.0,83253.90441982703,5059.811816632441,6041.953573305505,18360.25292495001,13987.877288203754,0.0,0.0
7,2025-01-08,122579.66007402334,122579.66007402334,0.0,29746.782848853345,85261.67037796113,0.0,0.0,0.0,0.0,0.0,85261.67037796113,6041.953573305505,6260.81921478732,16367.87805878792,13061.002150284581,0.0,0.0
8,2025-01-09,123547.36960722783,123547.36960722783,0.0,29201.96255978247,86247.5756002782,0.0,0.0,0.0,0.0,0.0,86247.5756002782,6260.81921478732,6451.583831521234,16221.90934588504,12968.058415106358,0.0,0.0
9,2025-01-10,124490.10494503888,124490.10494503888,0.0,73315.813096767,87131.21595906792,0.0,0.0,0.0,0.0,0.0,87131.21595906792,6451.583831521234,10800.0,9316.055684075358,3632.4305524701504,0.0,0.0
10,2025-01-11,111836.12126871978,111836.12126871978,0.0,66004.81250631191,78637.07580319225,0.0,0.0,0.0,0.0,0.0,78637.07580319225,10800.0,10800.0,5081.1691881116485,4115.747042370435,0.0,0.0
11,2025-01-12,96418.26159681164,96418.26159681164,0.0,10118.76488266507,65955.06102313433,0.0,0.0,0.0,0.0,0.0,65955.06102313433,10800.0,3057.2475239143623,12642.555487492904,17208.94717334633,0.0,0.0
12,2025-01-13,112305.94361959843,112305.94361959843,0.0,19408.788611992903,75322.6733715075,0.0,0.0,0.0,0.0,0.0,75322.6733715075,3057.2475239143623,3974.7852548114024,19986.38991121863,15363.19187027976,0.0,0.0
13,2025-01-14,113982.42180938128,113982.42180938128,0.0,20462.492906635147,77117.20191072169,0.0,0.0,0.0,0.0,0.0,77117.20191072169,3974.7852548114024,4545.908209404268,19608.449001469635,15368.833032056828,0.0,0.0
14,2025-01-15,115576.51403952927,115576.51403952927,0.0,21425.08022549234,78695.80118170116,0.0,0.0,0.0,0.0,0.0,78695.80118170116,4545.908209404268,5008.193792856208,19289.651871562393,15208.560990858794,0.0,0.0
15,2025-01-16,116899.72307045136,116899.72307045136,0.0,23951.095325843136,80036.74805060611,0.0,0.0,0.0,0.0,0.0,80036.74805060611,5008.193792856208,5411.403920670678,18482.037787237947,14607.561492629717,0.0,0.0
16,2025-01-17,117596.70978945306,117596.70978945306,0.0,67889.41247403472,80859.01181071987,0.0,0.0,0.0,0.0,0.0,80859.01181071987,5411.403920670678,10800.0,11412.880933448923,4394.697084697237,0.0,0.0
17,2025-01-18,103911.56348984425,103911.56348984425,0.0,59617.159383705395,71994.18603997759,0.0,0.0,0.0,0.0,0.0,71994.18603997759,10800.0,10749.775300885382,5774.196414080713,4722.3013246085275,0.0,0.0
18,2025-01-19,94846.39569190063,94846.39569190063,0.0,10518.48735512404,64678.187801033804,0.0,0.0,0.0,0.0,0.0,64678.187801033804,10749.775300885382,3171.250342848466,12976.007012332386,17331.23814222246,0.0,0.0
19,2025-01-20,108661.51135219753,108661.51135219753,0.0,15606.768611880336,72923.26721221827,0.0,0.0,0.0,0.0,0.0,72923.26721221827,3171.250342848466,4238.015279475672,21197.777617645806,16210.111427328622,0.0,0.0
20,2025-01-21,110440.6132484446,110440.6132484446,0.0,22949.177056260163,74903.00710005214,0.0,0.0,0.0,0.0,0.0,74903.00710005214,4238.015279475672,4823.818527302015,18359.518872670542,14343.987363819426,0.0,0.0
21,2025-01-22,111111.14075712605,111111.14075712605,0.0,18807.212170893432,75806.99090934836,0.0,0.0,0.0,0.0,0.0,75806.99090934836,4823.818527302015,4647.907149206885,18755.181367639878,15350.017148073923,0.0,0.0
22,2025-01-23,113458.19634021765,113458.19634021765,0.0,19575.8933418567,77627.43434589807,0.0,0.0,0.0,0.0,0.0,77627.43434589807,4647.907149206885,5370.7052312250835,19293.995392339915,14977.617993978954,0.0,0.0
23,2025-01-24,114446.89553335472,114446.89553335472,0.0,67558.51088476337,78687.97275833262,0.0,0.0,0.0,0.0,0.0,78687.97275833262,5370.7052312250835,10800.0,11434.769508915428,4375.798010324072,0.0,0.0
24,2025-01-25,100429.02124826316,100429.02124826316,0.0,60810.506958084734,69654.09218744686,0.0,0.0,0.0,0.0,0.0,69654.09218744686,10800.0,10800.0,6204.941176377662,5026.002352865906,0.0,0.0
25,2025-01-26,92206.29643988928,92206.29643988928,0.0,9015.999420218135,62744.46615205449,0.0,0.0,0.0,0.0,0.0,62744.46615205449,10800.0,3161.1980838981744,12453.8353201551,16962.528333817278,0.0,0.0
26,2025-01-27,106358.72606986552,106358.72606986552,0.0,17782.954089570187,71081.71644655943,0.0,0.0,0.0,0.0,0.0,71081.71644655943,3161.1980838981744,3953.8259707362,19302.579467409345,14921.72427044735,0.0,0.0
27,2025-01-28,108078.39722223744,108078.39722223744,0.0,16811.57368812734,72835.30985433646,0.0,0.0,0.0,0.0,0.0,72835.30985433646,3953.8259707362,4551.686067638444,19728.158317007477,15441.734149564036,0.0,0.0
28,2025-01-29,110039.52044973771,110039.52044973771,0.0,24942.058172493984,74671.11163042407,0.0,0.0,0.0,0.0,0.0,74671.11163042407,4551.686067638444,5090.789994777886,16984.566804306443,13272.305577062718,0.0,0.0
29,2025-01-30,110301.8267724755,110301.8267724755,0.0,23024.85612451094,75143.39509089824,0.0,0.0,0.0,0.0,0.0,75143.39509089824,5090.789994777886,5247.368516251779,17860.353659498618,14325.965794867381,0.0,0.0
30,2025-01-31,111275.08814455084,111275.08814455084,0.0,65297.34139787462,76118.45173038449,0.0,0.0,0.0,0.0,0.0,76118.45173038449,5247.368516251779,10800.0,11663.44927001483,4450.025573338616,0.0,0.0
31,2025-02-01,50921.90312698996,39335.51642952123,0.0,8923.520083138152,30281.066884039137,616.4985386927606,3889.6457567282914,7779.291513456583,-3273.1472180355304,0.0,27007.919666003603,10800.0,4406.524101311253,9410.256430892761,13376.436017843014,12246.193910737147,4095.145269625878
32,2025-02-02,102471.62090582204,89581.09188842928,0.0,7735.850007889837,67963.67941227366,1218.1819963918533,4815.196578542671,9630.393157085342,-3597.0145821508177,0.0,64366.66483012284,4406.524101311253,4287.95065775529,18924.631735472783,15435.667804933324,14100.505580241788,5221.257244006623
33,2025-02-03,105954.66959272101,91614.68213876044,0.0,7386.680075848579,70397.2137395516,1242.4651977749243,5507.363703536379,11014.727407072758,-4264.8985057614545,0.0,66132.31523379016,4287.95065775529,4620.171358550868,19537.299643136055,15526.214080224185,15575.103998849845,5921.518769461354
34,2025-02-04,108906.15239989976,92573.69924807857,0.0,8096.743458673768,73031.89089124958,928.3695597853704,6158.816200896044,12317.632401792089,-5230.446641110674,0.0,67801.44425013891,4620.171358550868,4209.106565787092,19221.316594169508,15939.224754764697,17254.55925547774,6468.2727208245005
35,2025-02-05,102628.949000441,90524.09533837141,0.0,5613.23085347937,68009.94963567847,3361.0497479889023,5402.351589732134,10804.703179464268,-2041.3018417432322,0.0,65968.64779393523,4209.106565787092,4615.574931533284,19982.189328353415,15819.751826794696,15772.837315722776,6522.701505728434
36,2025-02-06,106684.37373887855,89777.68261530681,0.0,5911.960323934896,71096.7000531755,2643.510965983914,6953.599752879836,13907.199505759672,-4310.088786895922,0.0,66786.61126627956,4615.574931533284,4491.481003793305,19507.103208796012,15912.438134090753,20041.545969014653,7834.770074874475
37,2025-02-07,56103.00726726442,46607.069755879995,0.0,12869.072648916534,33167.27914445494,0.0,3766.2622051928515,7532.524410385704,-3766.2622051928524,0.0,29401.01693926208,4491.481003793305,3533.503842428799,14707.878344867688,12775.56090457089,9495.93751138442,3766.262205192852
38,2025-02-08,46233.24299555595,43833.348057536656,0.0,8525.507153883416,26645.713429608128,1427.7618384235002,1626.3674516642116,3252.7349033284236,-198.60561324071205,0.0,26447.107816367417,3533.503842428799,4286.3641376074365,16068.968006977831,12338.289819991262,3949.0763114076785,2102.2880644720453
39,2025-02-09,96163.88964500581,89334.33094064749,0.0,6195.178598414743,64038.643120184264,2276.100340583927,2934.3195548422364,5868.639109684473,-658.2192142583099,0.0,63380.423905925956,4286.3641376074365,4377.753873014067,18428.871651053225,14845.135275487144,9449.880841456785,3693.0196683702125
40,2025-02-10,94276.81163364509,82888.58526512588,0.0,5640.358207452013,62712.86205002808,32.303854526784924,4307.476709132588,8614.953418265177,-4275.172854605804,0.0,58437.689195422274,4377.753873014067,3844.7458408035586,17901.561596473624,14979.972122133093,11434.00957530006,4318.244660641517
41,2025-02-11,95228.15530481777,83690.91779060637,0.0,4681.6682659127,63317.083350833665,1026.6170030231103,4996.317988514744,9992.635977029488,-3969.700985491633,0.0,59347.38236534203,3844.7458408035586,3842.9112512097277,19948.965905235742,16160.313513875399,12599.418059850514,5338.523656189114
42,2025-02-12,93199.06529546106,81965.95725868607,20.628954005013156,2779.8086833738853,60958.021511166065,2519.3967770435424,4741.115466626648,9482.230933253297,-2221.7186895831055,90.34450406495512,58826.647325647915,3842.9112512097277,3830.6980964505515,20794.911764563913,16854.87036858003,14708.672326006532,5580.91439230783
43,2025-02-13,87451.75692287505,78138.19674669593,0.0,3589.309441494701,56411.43293435297,1313.6052123955467,3555.3248364927067,7110.649672985413,-2241.71962409716,0.0,54169.71331025581,3830.6980964505515,3430.2528212075604,18841.100190806665,15621.691902272089,11346.499780966758,3993.193240624556
44,2025-02-14,45030.20711594421,41734.78209191397,0.0,7612.1552485381935,24521.17845710113,3052.011393668987,1629.9973465093285,3259.9946930186575,1422.0140471596574,0.0,25943.19250426079,3430.2528212075604,4658.988253852446,16920.858617519523,12600.033590810417,7884.468262589509,2647.3344777323236
45,2025-02-15,42851.94602557925,39575.48408676202,0.0,8302.649752962494,24014.382967519676,782.843648229469,1359.1822344870363,2718.3644689740727,-576.3385862575674,0.0,23438.04438126211,4658.988253852446,3680.0689116107324,15125.108641142475,13132.365407342946,4633.22167538537,1620.1301172301928
46,2025-02-16,91601.39338470285,81308.80205084677,0.0,1720.0564046113616,59831.01922100595,2725.1689843786303,4616.565199321538,9233.130398643078,-1891.3962149429099,0.0,57939.62300606304,3680.0689116107324,4132.568151670897,20021.669632533034,15810.303086297612,13811.216843597642,5524.954860781081
47,2025-02-17,92234.65521082397,76048.04679631554,0.0,3018.178966751281,59934.41628375804,0.0,5889.10407659627,11778.20815319254,-5889.10407659627,0.0,54045.31220716177,4132.568151670897,2417.519293314233,17839.72966009791,15993.724997200305,16186.608414508424,5889.10407659627
48,2025-02-18,85497.34994329154,79147.82702164262,0.0,3086.7472595047743,55370.919840117225,56.53652503448838,2347.044829553623,4694.089659107245,-2290.5083045191336,0.0,53080.4115355981,2417.519293314233,2797.3072032876676,19094.12031488645,15124.428336081932,6532.800415885031,2365.890337898452
49,2025-02-19,84017.1602093004,79330.83686695095,47.44233207274294,3682.9732799266294,53684.17763968813,646.5505221732412,1941.762926280463,3883.525852560926,-1295.212404107222,207.77369331257773,52596.73892889349,2797.3072032876676,1529.4735361684204,20826.467558795022,18010.48902303129,5734.652653068837,2157.2797670048767
50,2025-02-20,87325.55735488149,78895.07509064754,45.725298144463295,2950.5785851207784,55301.61513638275,1826.8100544566187,3528.2514320925056,7056.5028641850095,-1701.4413776358851,214.17729650866607,53814.35105525553,1529.4735361684204,2474.782642481108,21822.683550823578,16825.59548048568,11226.527709939946,4137.1881169113785
51,2025-02-21,40282.67266809654,37810.401699650516,0.0,9421.820584661775,21716.82424788289,684.6914246370527,1382.499079628567,2764.998159257134,-697.807654991514,0.0,21019.016592891378,2474.782642481108,1942.6748675125948,17406.40041645823,14578.081334802824,3477.8155603422338,1610.7295545075842
52,2025-02-22,42410.13080843267,39015.46856757971,0.0,7006.812902569538,23168.85845768263,420.62710098292314,1418.5112527138149,2837.02250542763,-997.8841517308922,0.0,22170.974305951735,1942.6748675125948,2782.5495071388355,17936.87161059589,13772.978828919055,3961.510418879019,1558.7202863747896
53,2025-02-23,85219.11349338194,76141.26921786708,17.379090403115697,1453.054488254482,54200.80374128949,173.15373826766756,3445.546599919353,6891.093199838706,-3272.3928616516855,81.40365944819392,51009.81453908601,2782.5495071388355,1875.609369551903,20999.92768689809,17826.187550215698,9611.566643756074,3503.264512675242
54,2025-02-24,83670.4047445047,75151.88127453058,77.71680000000015,2399.6451712991184,53417.244975662295,179.93447673811454,3304.431345722698,6608.862691445394,-3124.496868984582,356.03639745000066,50648.78450412771,1875.609369551903,2544.207807626417,21185.16153840908,16558.242251844287,9084.493235638298,3364.409504635402
55,2025-02-25,86286.8182713082,71361.94067825715,54.573509017004085,2652.0211916410763,55045.04430582796,156.5968088284847,5631.3367754456085,11262.673550891217,-5474.739966617124,245.4742072034236,49815.778546414265,2544.207807626417,1477.6426960562221,20542.517698489017,17599.347936189282,15415.579411746367,5683.53571172177
56,2025-02-26,73695.7672925019,75380.42009737207,0.0,1374.3522252989737,45290.121923265506,1754.7238125187012,38.85277682641523,77.70555365283046,1715.871035692286,0.0,47005.992958957795,1477.6426960562221,2368.0800810291926,23104.348380337327,17913.12854159755,1918.6398325645591,623.7607143326491
57,2025-02-27,71900.70729924779,71068.93621707104,168.20211176149138,771.558968078679,44512.47432486602,1809.4163232015926,716.7247209322094,1433.4494418644188,1092.6916022693833,1043.613322497161,46648.77924963257,2368.0800810291926,1640.647869990661,21914.127108887034,18405.13194813318,3235.3115228354727,1319.86349533274
58,2025-02-28,33813.71361134392,33578.75085612549,0.0,7053.841151086658,17572.620486270353,563.1475370121624,311.5076024271236,623.0152048542471,251.63993458503876,0.0,17824.26042085539,1640.647869990661,1527.9707564744285,17545.923985281268,14313.607830242438,1150.7554893395939,499.2234480978443
59,2025-03-01,37370.13561646106,36775.41294833692,0.0,9774.500108922533,19320.41607696988,1170.6409302359784,503.4145466814671,1006.8290933629344,667.2263835545111,0.0,19987.64246052439,1527.9707564744285,1733.8531559837797,16615.014455382243,13272.867549301196,2249.088912151688,893.6281900934598
60,2025-03-02,79901.91823079482,78071.68148503486,0.0,741.2582627727352,49798.915159490774,3547.760621226172,1549.2505796660903,3098.5011593321806,1998.5100415600818,0.0,51797.42520105086,1733.8531559837797,2381.2607873694474,23102.364670254516,18130.24851465906,6333.457151009692,2731.8374534081477
61,2025-03-03,82431.7147322374,76176.10710642059,1.4441718756630273,872.2756405298176,51751.73290553907,1432.777396779157,2568.9172141455156,5137.83442829103,-1136.1398173663574,7.104603542324263,50622.69769171504,2381.2607873694474,1299.7404992807324,22428.93296691026,19140.80396247715,8026.782947234905,3046.5096797385672
62,2025-03-04,74973.8084079677,74110.86788896774,0.0,456.67462011679936,46598.004337413906,1412.4139015880664,682.8830687628314,1365.7661375256628,729.5308328252352,0.0,47327.535170239134,1299.7404992807324,1626.5409457919345,21897.973335039653,17443.237999522033,2513.883291642168,1153.6877026255202
63,2025-03-05,77993.31227161211,71233.74200370049,3.331633333333457,1180.2984705221934,48428.28678081531,3141.0627720970415,2991.3438078513414,5982.687615702682,149.7189642457015,15.605370533333913,48593.61111559435,1626.5409457919345,1553.7825194294292,21009.398597743235,17083.095447898275,10030.014072159958,4038.3647318836884
64,2025-03-06,72148.52518613389,71219.21291583269,0.0,920.4527735123584,44684.16367761728,1256.8214064010315,657.6138626102205,1315.2277252204412,599.2075437908106,0.0,45283.37122140809,1553.7825194294292,1789.7373373284183,21819.719330936405,17461.613321949393,2465.0800815018138,1076.5543314105644
65,2025-03-07,34149.26074070811,32479.5785634976,0.0,8699.373636186385,18286.957319983405,810.6328122507173,939.2101665927973,1878.4203331855947,-128.57735434208007,0.0,18158.37996564133,1789.7373373284183,1614.2777002135012,15872.80561779634,13014.886223818457,2640.2580167518986,1209.4211040097032
66,2025-03-08,30741.656864159137,31226.782855681344,0.0,8908.652980363899,16234.626604457873,1158.7636614684202,198.33416077554836,396.66832155109677,960.4295006928717,0.0,17195.056105150747,1614.2777002135012,1848.0351892247966,16024.255887055875,12769.265528405092,1391.0404765078401,584.5887145983551
67,2025-03-09,72652.48199703853,68078.96103938212,106.19841606025557,1124.1892133938036,44638.294632088604,4950.038217496876,2982.731495635763,5965.462991271526,1967.3067218611131,740.8401504363428,47346.441504386064,1848.0351892247966,1361.4829947316803,21922.853511012523,18195.40831896395,13415.957936057848,4632.744234801388
68,2025-03-10,71480.26193271979,73945.62752800393,0.0,1043.7312440123765,43588.169563446776,3609.1252087038442,201.02067940482857,402.04135880965714,3408.1045292990157,0.0,46996.27409274579,1361.4829947316803,1991.3143144039627,22594.613927823655,17734.789093832103,3612.74057966596,1404.0624156394429
69,2025-03-11,62414.8131650477,69570.86429513135,0.0,1297.3135244363991,38632.54656684137,8933.581105651512,956.7302497531635,1913.4604995063273,7976.8508558983485,0.0,46609.39742273971,1991.3143144039627,2205.7938923614174,21797.896581753936,17463.264611058974,12743.577127608858,3934.590618303668
70,2025-03-12,71777.36224260206,67164.2589694901,0.0,1174.80179200574,43729.41089277541,5116.164563241189,2763.6344739218057,5527.268947843611,2352.5300893193835,0.0,46081.94098209479,2205.7938923614174,1747.7468005047979,20874.551983273577,17320.62948912256,13091.645891933997,4469.022661668869
71,2025-03-13,71064.261823177,73402.40815689677,352.23951819644304,2299.5272804631322,42704.549175393906,3392.056995550509,124.0398799201368,248.0797598402736,3268.017115630372,1754.4223195581426,47726.988610582426,1747.7468005047979,1453.4852664608472,21970.198729489326,18060.696351525905,3421.255069447942,1254.7255451036397
72,2025-03-14,30331.424486479325,30898.533640402547,0.0,11293.3577996173,15806.338239361523,1187.3964755324773,147.9921247477784,295.9842494955568,1039.404350784699,0.0,16845.742590146223,1453.4852664608472,2027.7948274321411,16099.32238198814,12523.572524536228,1259.2816307075805,543.7909499252708
73,2025-03-15,29665.187273311436,30281.743058545908,30.128042334693372,7238.479049358866,15262.446638417015,1323.7071758219524,181.99287870606037,363.98575741212073,1141.714297115892,64.41375451157442,16468.574690044483,2027.7948274321411,1200.0,15233.06445374031,13083.797552218577,1607.9699372193215,623.2286039800446
74,2025-03-16,68836.32525109092,70638.53643202386,1.6400000000001,2398.5205648594197,41870.839911392715,4442.497880431601,864.1296111248486,1728.2592222496971,3578.368269306752,7.461180000000455,45456.66936069947,1200.0,1954.9400412389123,22164.01524587414,17273.40631204304,7082.6125574048465,2344.9622379353823
75,2025-03-17,65169.62993895915,62987.22004938484,115.8335499999975,1090.1091965317537,38895.00416265981,4332.489319652872,1607.723090775095,3215.4461815501895,2724.766228877777,595.1162558999871,42214.88664743757,1954.9400412389123,1933.8883754074752,21967.155098779203,17812.34212925945,9774.028453972063,3051.886197326052
76,2025-03-18,73474.64848650234,67052.8938332368,0.0,1880.7696069305964,45039.4913689309,2431.757499558653,2894.5495907290133,5789.099181458027,-462.79209117036044,0.0,44576.69927776054,1933.8883754074752,1850.8584061544407,21688.909641933056,17642.74378229351,10386.298324865707,3705.1354239152306
77,2025-03-19,60219.20078426033,66814.56387825377,0.0,2934.885970691388,37027.65145950318,5932.653510657351,5.671314139225927,11.342628278451855,5926.9821965181245,0.0,42954.6336560213,1850.8584061544407,2202.114384218068,21568.826722658567,17154.619265096182,6613.423166087148,1983.2224843583426
78,2025-03-20,68546.75928085594,66290.73608734098,212.2604499007238,670.6585806032273,41927.74231291705,5665.3313401655,2564.5078820341487,5129.015764068296,3100.823458131351,1029.3940957241575,46057.959866772566,2202.114384218068,1680.4503817874809,21541.440748206995,17918.06460823519,12739.551115377228,4452.9516620893155
79,2025-03-21,28887.065668259365,29708.642632958123,0.0,14818.728074013123,14936.190869422895,1985.5998134765969,301.3777819627314,602.7555639254629,1684.2220315138652,0.0,16620.41290093676,1680.4503817874809,1689.542472934206,14990.879790769915,12134.429748491579,2159.0562889357893,963.2443864549306
80,2025-03-22,30220.78567629641,30546.252779845992,0.0,11500.944023193688,15766.369858885228,902.1078662451462,140.37031989347074,280.74063978694153,761.7375463516753,0.0,16528.107405236904,1689.542472934206,2058.3507049913555,14906.219023513337,11742.110000194367,908.3787691751631,441.07294197518615
81,2025-03-23,69236.26270999367,64883.58993768017,0.0,2229.937495225374,42034.62881229454,1860.6688980515987,1797.8863016421278,3595.7726032842556,62.7825964094709,0.0,42097.411408704014,2058.3507049913555,2043.9708255905264,20509.864301309863,16625.931975521733,6819.205730506415,2418.109267659327
82,2025-03-24,65907.19083722631,64879.30748761184,0.0,2773.7149023474212,39879.17283732157,3625.316591582151,1213.1219758494901,2426.24395169898,2412.194615732661,0.0,42291.367453054234,2043.9708255905264,2040.571109071649,21632.396035779337,17525.300533848247,6996.109427913848,2421.560839710207
83,2025-03-25,73207.02256379051,65004.02517511755,0.0,574.2441447069688,44421.127745509715,1969.5987277227316,3090.085694994905,6180.1713899898095,-1120.4869672721725,0.0,43300.640778237546,2040.571109071649,1431.7554497699782,21197.844247975965,17718.18793423204,11198.689170842907,3746.618604235816
84,2025-03-26,62964.165757093055,60730.58702061631,0.0,1021.8622449342453,38248.62354295481,1928.2438214360886,1243.4591794735943,2486.9183589471886,684.7846419624943,0.0,38933.40818491731,1431.7554497699782,1519.788408107601,21247.053929008194,17130.884019992787,5407.426305942419,1886.2071199522907
85,2025-03-27,66365.17910709223,63638.578934001605,356.47813773283764,1094.5226033090328,40409.981704800906,2810.201136910759,1824.590601160524,3649.181202321048,985.6105357502352,1766.429632620885,43162.02187317202,1519.788408107601,1613.5468943237245,21574.539109636324,17390.99404121092,7383.808632415643,2761.3243134641107
86,2025-03-28,29742.015969773744,29684.138290228446,0.0,15660.422762420118,15210.189093588604,471.29338336289675,191.3672359987683,382.7344719975366,279.9261473641285,0.0,15490.115240952731,1613.5468943237245,1910.7875300437752,15443.779942071656,12241.945180929994,694.5076110815826,348.46503045306724
87,2025-03-29,28228.466709575965,28531.870347697288,0.0,18558.49812667578,14325.796446547465,735.6917372621587,114.15572138932792,228.31144277865582,621.5360158728308,0.0,14947.332462420298,1910.7875300437752,1395.345041808469,14368.743563683964,12102.580525995789,808.21323088397,359.38630047671415
88,2025-03-30,65276.049981432836,59802.42860311011,125.0284842940006,411.59807004752946,39248.70493724522,404.86439941376995,1767.3282029795832,3534.6564059591665,-1362.4638035658131,710.8848040578689,38597.12593773726,1395.345041808469,1386.9472340022046,21988.407075695904,17818.167758339318,6180.602879852519,1902.283002784173
89,2025-03-31,57362.69021250171,61814.28257976228,0.0,543.5312531965026,35045.902239679715,8842.713226293614,1974.7100795492956,3949.4201590985904,6868.003146744319,0.0,41913.905386424034,1386.9472340022046,1575.3268824586482,21841.158734850796,17521.79689161836,15403.106347769899,4922.281154980501
90,2025-04-01,71081.59795929216,66265.69861758195,0.0,1744.2783901212956,42605.29800206313,3479.0713156451493,2359.6383105310015,4719.276621062003,1119.4330051141478,0.0,43724.73100717727,1575.3268824586482,2186.7720009530653,19801.411074468466,15488.842363674481,10984.15023969432,3519.3287490793846
91,2025-04-02,66021.74943699801,64477.220129471316,47.2713555234518,1082.8206724142792,40185.01936269311,3492.3175043166602,1509.649814470839,3019.2996289416774,1982.6676898458222,308.52823297430837,42476.21528551324,2186.7720009530653,1471.5974355286955,19210.486955065375,16204.151542484884,8841.162386544831,2673.755649243059
92,2025-04-03,67436.25934659832,61724.242939105665,0.0,1325.736708429737,41113.64027033889,1404.6809895602894,2170.7528150104463,4341.505630020893,-766.0718254501571,0.0,40347.56844488873,1471.5974355286955,1995.4327214632224,21386.969508779897,16851.993544770645,7614.465140898491,2638.979811530543
93,2025-04-04,26955.81416983449,27115.7733603246,0.0,18297.433069833663,13579.498405910148,447.62707499169534,92.17581006481694,184.3516201296339,355.4512649268784,0.0,13934.949670837026,1995.4327214632224,1695.0202878017349,13988.995951506722,11601.457911015785,561.2325980935276,241.38483506204872
94,2025-04-05,27155.687214311074,28232.167095824872,0.0,13316.890774441317,13661.298839403968,2744.6915270204117,346.16906763941984,692.3381352788397,2398.522459380992,0.0,16059.82129878496,1695.0202878017349,1958.9182155346439,13861.332647845275,10990.171309795054,2501.675527107209,1261.0662433128905
95,2025-04-06,64316.21748570963,58760.35397598685,85.49120078742833,897.2515730206457,37825.75151236734,1160.5665953025552,1660.1175492010645,3320.235098402129,-499.5509538985093,359.48114702479256,37685.68170549362,1958.9182155346439,1484.1943508778797,20872.467448831914,17333.95011174494,7297.834709111154,2046.9730809685827
96,2025-04-07,57052.75492793742,57407.96288937931,0.0,241.62409200499405,33994.992253844146,4254.71506865156,1101.0823964447218,2202.164792889444,3153.6326722068375,0.0,37148.62492605098,1484.1943508778797,1488.5718702797283,20629.893403049115,16706.273889008127,7005.64274374609,2519.3207526619085
97,2025-04-08,66972.77863707772,59802.38183967653,0.0,1249.3745117859303,40589.0217173546,1429.0279333613698,2566.9002631119542,5133.8005262239085,-1137.8723297505844,0.0,39451.14938760401,1488.5718702797283,1633.2208879744846,21419.103133150802,17219.289421926867,8803.42163645698,3043.2429075657437
98,2025-04-09,64773.35901842179,65150.00390751149,0.0,1656.7510015605399,39092.682153356574,1500.036786781302,221.50578237644118,443.01156475288235,1278.5310044048608,0.0,40371.21315776144,1633.2208879744846,1932.1757199992242,21525.697581379027,17166.755692094743,1873.3561442119094,721.5180446368752
99,2025-04-10,61569.68466318194,59032.78745136552,0.0,864.3171729429638,37597.256967978705,2681.6558070342985,1818.9175492415193,3637.835098483038,862.7382577927797,0.0,38459.99522577148,1932.1757199992242,1598.494420005821,21095.502886403236,17387.670507980678,7098.4824476631575,2712.802818252952
100,2025-04-11,26052.939671912212,27073.549712200856,0.0,19314.98157727799,12888.017746646805,2609.048542905765,377.3330758333401,754.6661516666802,2231.715467072425,0.0,15119.733213719228,1598.494420005821,1461.2490350541523,13502.30955111945,11060.391582863256,2567.8712617856036,1247.0159234685952
101,2025-04-12,28315.915076621768,27365.62062807889,0.0,15405.753979829187,14611.698694568377,366.2826904439492,524.6548928933881,1049.3097857867765,-158.3722024494391,0.0,14453.326492118938,1461.2490350541523,1866.3912355058496,13526.726936016732,10592.02083776703,1485.3571783986956,646.7491230413713
102,2025-04-13,58219.234963923875,58775.44141953796,0.0,351.2154246619989,34823.633020719135,2765.119305271036,401.30762994370355,802.6152598874071,2363.8116753273325,0.0,37187.44469604646,1866.3912355058496,2175.0604102207185,20368.764496311804,16220.896984769173,2695.503020725534,1323.0140650340488
103,2025-04-14,62605.5176248527,55627.77146107687,0.0,6.967166739948993,37695.35813917544,2814.3893919270868,2668.588132373279,5337.176264746559,145.80125955380663,0.0,37841.15939872925,2175.0604102207185,1674.62384518746,18648.23896245716,15555.466468120236,9985.544614946424,3606.7179296823087
104,2025-04-15,55114.26496072537,55500.01480771408,0.0,1308.2814388997747,33206.6802941167,3680.7596639325757,1002.740209024342,2005.4804180486835,2678.0194549082344,0.0,35884.699749024934,1674.62384518746,1955.8390902639894,19995.84639427416,15943.54185879319,7077.079128552373,2229.6600970018676
105,2025-04-16,60938.57011584326,59892.62417554218,150.28941836589118,940.8138902040334,36113.57242168338,3361.951684797551,1381.7614637164752,2763.5229274329504,1980.1902210810758,768.1375398815882,38861.900182646044,1955.8390902639894,1460.057122442466,19835.323814438994,16512.816060734956,7578.470402595532,2502.412025315659
106,2025-04-17,54507.64810796242,56768.489170997884,0.0,106.72555247042578,33618.67039029923,5423.123924123747,1167.9076294899182,2335.8152589798365,4255.216294633829,0.0,37873.886684933066,1460.057122442466,1624.4202223729217,19186.813045210776,15393.391776683318,9548.33353144037,2975.6156041978343
107,2025-04-18,26512.299565233767,26833.18528958528,0.0,17287.980157938553,13170.687869097008,889.2725203982161,155.00285488460725,310.0057097692145,734.269665513609,0.0,13904.957534610616,1624.4202223729217,2265.9764661618437,13756.249099491379,10565.161151177988,993.0579256363592,451.4270283506793
108,2025-04-19,24769.89490948034,25670.811485377857,0.0,16632.72279265072,11975.337027445574,1420.4419536968194,39.58190765161655,79.1638153032331,1380.8600460452028,0.0,13356.197073490777,2265.9764661618437,2021.2278689725765,13019.385158934067,10765.975716206929,1072.0272122574954,513.0625588838897
109,2025-04-20,54861.97851103656,57089.93101834494,0.0,1666.3747107875574,33042.362610065014,2796.475566869427,313.0066717737785,626.013343547557,2483.468895095649,0.0,35525.83150516066,2021.2278689725765,1484.6005079449978,20783.031837625676,17317.220413401625,3761.101615095893,1245.1651940635875
110,2025-04-21,60891.36221419599,54420.76112467288,0.0,2178.7253876855457,36476.9165098932,1180.4959300956784,2299.512333033802,4599.024666067603,-1119.0164029381226,0.0,35357.90010695507,1484.6005079449978,1459.4857235672087,19724.887682073797,15999.76232841979,7997.088054438359,2693.0109763990276
111,2025-04-22,53996.89248019403,56517.82647726873,0.0,441.73416214389863,32447.59067172881,5475.961973477857,1158.1495883032205,2316.2991766064415,4317.812385174636,0.0,36765.403056903444,1459.4857235672087,1446.5160124128117,20709.661781563856,16786.498783105682,9319.502518276586,2983.470246129173
112,2025-04-23,53323.06486058538,57443.8521739211,0.0,1483.041498349467,31941.054232660004,5059.916231663929,506.9947869537807,1013.9895739075613,4552.9214447101485,0.0,36493.97567737015,1446.5160124128117,2241.2560716359167,20240.1468716009,15679.252912695936,6587.499912008097,2193.6335308417565
113,2025-04-24,53151.13203352514,53663.686322487905,0.0,3421.9144276940337,31593.94353171671,3210.8379036842243,422.55274298584243,845.1054859716849,2788.2851606983822,0.0,34382.2286924151,2241.2560716359167,1791.4913057841643,18718.176231897094,15566.511037103222,4218.172891098353,1492.8320442139175
114,2025-04-25,25121.646500264498,24859.131515243007,0.0,20634.97712982259,12646.628523336545,290.2013948401865,262.492688014075,524.98537602815,27.708706826111552,0.0,12674.337230162659,1791.4913057841643,1608.793782009079,12569.602667463134,10345.805932042716,839.0841210551148,359.2264862941371
115,2025-04-26,25103.402339162574,25604.121564473866,0.0,23316.74713198586,12345.612041237939,655.8936741767728,28.920397061252498,57.840794122504995,626.9732771155203,0.0,12972.585318353458,1608.793782009079,1358.692493990743,12854.062938795667,10636.882139640995,625.9002905223629,247.55162178684344
116,2025-04-27,52794.229441790994,54273.80584509372,0.0,1658.4687563001476,31256.84188121768,3751.829703390895,421.5483806785438,843.0967613570878,3330.281322712351,0.0,34587.12320393002,1358.692493990743,1518.3182112602121,20516.85663114585,16474.99072568561,4943.49457932328,1672.1582818088423
117,2025-04-28,66037.68344137206,63497.83570484073,0.0,2868.665138743309,38643.60530029658,1961.9227466284965,1226.4358086692484,2452.8716173384973,735.4869379592474,0.0,39379.09223825583,1518.3182112602121,1720.8851450265108,20131.01583705836,16123.812587627603,5699.878674264732,1880.4100575454136
118,2025-04-29,55299.80638414447,54724.32061100097,307.0994710965692,4243.648356579268,32947.52802854101,1897.5939952033484,670.4223221870723,1340.8446443741445,1227.1716730162761,2107.2063209160074,36281.9060224733,1720.8851450265108,1610.5648851854412,18178.138119518837,14823.580110667228,3346.009746163572,1302.953653921522
119,2025-04-30,51883.07524504652,52510.33090077309,89.75357735796744,1123.9639174740123,31387.72617694211,903.5943686059397,207.17544729969438,414.35089459938877,696.4189213062452,464.2898099327506,32548.434908181105,1610.5648851854412,1275.8842581468025,18528.835219255216,15309.569091931502,1342.7036861528914,508.373570168341
120,2025-05-01,53738.212410690074,55303.45652174959,827.0164006637063,1432.166541793089,33074.32050368867,4207.589980486853,604.5394317396144,1209.0788634792293,3603.0505487472387,3564.3949119701133,40241.765964406026,1275.8842581468025,1228.1681158802771,19630.905835053047,15943.978254432834,4309.18292257057,2007.0694252352323
121,2025-05-02,26965.417629792886,27983.321517956392,1010.7407242954923,12109.048881233062,13675.761760872345,2395.3576624034695,344.94614167861334,689.8922833572267,2050.411520724856,4455.901674802575,20182.074956399774,1228.1681158802771,1200.0,13789.708326198614,11195.015048513127,2523.5304262496975,1143.3986958131034
122,2025-05-03,26248.078820387258,27958.352812839832,573.0193461432523,17093.870245993032,13019.416517743843,2158.986807176175,11.039022562444403,22.078045124888806,2147.94778461373,3007.1266436762276,18174.490946033802,1200.0,1210.3439587481641,13479.056316403705,10908.726053413653,1766.7179273238216,730.7012916211693
123,2025-05-04,58560.83161771069,55254.48999698098,777.7507070665729,710.3715516312296,34864.37555727808,4389.052410726722,1916.1997023061554,3832.39940461231,2472.852708420567,3688.3674777588503,41025.595743457496,1210.3439587481641,1264.0494135857657,18625.61531436395,15038.413495280965,9091.534239674134,3379.217172548396
124,2025-05-05,61359.95408650008,59932.095820819224,102.86595938204232,1126.4141752497944,37965.059233420005,3243.364506170891,1518.145120553981,3036.290241107963,1725.2193856169088,717.5929326491272,40407.87155168603,1264.0494135857657,1317.7037417682488,19917.115313617043,16084.57450866557,4907.657196534416,2599.2666226109454
125,2025-05-06,52952.60776324896,58019.09957138783,288.7205613988988,1801.5967392578646,32675.723912855115,6190.98541853154,290.8887058504869,581.7774117009737,5900.096712681053,1113.5964946401084,39689.41712017627,1317.7037417682488,1200.0,19695.128391861173,16058.987364998975,6785.665568647541,2354.550512027667
126,2025-05-07,57478.46804659228,59426.9005827867,256.2123895100093,98.59249186651516,35735.61322270184,4136.355337442817,858.9627843971273,1717.9255687942546,3277.3925530456895,1787.337629221825,40800.343404969346,1200.0,1784.4729917487857,21003.41493608571,16486.740405655517,5351.032865108183,2237.747896878066
127,2025-05-08,64540.45327745482,60547.37936030925,257.08422480302863,619.8889780829477,38699.33760727219,5713.510675331429,2826.1637285991073,5652.327457198216,2887.346946732322,1772.7661288584889,43359.450682863,1784.4729917487857,2306.5174138999328,20464.327511017396,16106.265303988064,12808.650717061613,4730.667287042917
128,2025-05-09,27508.259020135756,28560.743974524925,0.0,17258.98739358402,14506.326813380025,4544.678504812925,1210.975558402131,2421.951116804262,3333.7029464107936,0.0,17840.029759790817,2306.5174138999328,2538.378937945865,13651.028206839846,10848.657475898935,5395.023544565952,2725.868393339773
129,2025-05-10,26762.752574645056,27390.377819617654,39.35276437101224,13498.56986608727,14201.682724822593,5492.840743503779,1765.4216901023444,3530.8433802046884,3727.419053401435,186.44621341064004,18115.547991634663,2538.378937945865,1907.4625924368138,12515.474450137925,10705.359015569862,7230.7479346484,3596.3686046036037
130,2025-05-11,62441.04274966769,60492.13555783048,41.18071666666674,662.4188310885286,37512.90364813164,4869.384730653857,1677.7530304729285,3355.5060609458565,3191.631700180929,277.36103945833383,40981.8963877709,1907.4625924368138,2676.720159044792,19444.66605330583,15057.847693230542,8675.382727692668,3300.8812740242142
131,2025-05-12,54650.066070116955,56745.19953047235,0.0,864.8972832318701,34850.26110204459,4985.802954641958,1365.0693097050362,2730.1386194100724,3620.7336449369222,0.0,38470.994746981516,2676.720159044792,3302.6848889899093,17819.677668192315,13870.570654285168,8031.722698532359,3027.0036279190226
132,2025-05-13,64402.63400038479,58619.65987518479,0.0,1870.0779573256361,39806.44487225275,2546.7979008312586,2555.415455306218,5110.830910612437,-8.617554474960343,0.0,39797.827317777796,3302.6848889899093,3436.018262379106,18422.9953428538,14802.626191661304,10318.276405584304,3404.3480889166376
133,2025-05-14,61256.854001368825,57082.46911790184,0.0,984.3382427246838,38983.84536718415,957.9383056623847,2120.9100789780314,4241.820157956063,-1162.9717733156467,0.0,37820.873593868506,3436.018262379106,3032.5535101986734,18142.633520032745,15058.651428188914,6114.640594058237,2440.222847532159
134,2025-05-15,58779.54287528663,56704.76886538727,0.0,530.8412144059371,38165.88005435196,2773.593757329033,2471.7554536963507,4943.510907392702,301.83830363268135,0.0,38467.718357984646,3032.5535101986734,2795.146263246628,19065.97836792024,15657.109000272243,7806.353799547947,3396.2867061393613
135,2025-05-16,28750.262738137164,26100.508077301027,0.0,21923.01183200285,16692.1531876245,0.0,1493.9133811205456,2987.8267622410904,-1493.9133811205447,0.0,15198.239806503956,2795.146263246628,1882.6391191151786,12017.084956227103,10555.095244262257,2649.7546608361363,1493.9133811205452
136,2025-05-17,30017.198113991464,28303.972431929455,33.7394281873452,14994.43854812454,16989.682057807076,109.96654474534773,1053.2411219524436,2106.4822439048867,-943.2745772070953,206.24912450924117,16252.656605109221,1882.6391191151786,2277.733952696699,13362.573044397655,10468.09881573873,1877.1274818858124,1089.8966368675594
137,2025-05-18,64989.90902255219,58552.567027870944,4.489992406873057,904.5897396739706,40091.407464304284,1273.1807324952915,2687.18943383857,5374.378867677141,-1414.0087013432794,30.282753788155336,38707.68151674915,2277.733952696699,2626.706616482841,19274.862016822746,15298.562836218896,8226.546575891218,3111.583011337001
138,2025-05-19,58850.86938237751,55671.91844451324,86.76281721650346,5213.840443330977,36695.94381218165,1807.922608774671,1966.018793970686,3932.037587941372,-158.09618519601509,549.426914372053,37087.27454135769,2626.706616482841,2174.134009874528,18089.15586498027,15059.5315965815,5918.848478338189,2568.659663562243
139,2025-05-20,58980.911209015736,58390.44258114837,97.95547247181923,493.5357747822765,36993.0593805668,2487.832093666667,1528.977854507775,3057.9557090155504,958.8542391588917,652.9745687997001,38604.88818852539,2174.134009874528,2061.4055134477685,18783.805836606996,15316.338374435752,4641.0218565586365,2358.2552190633305
140,2025-05-21,54711.428127958585,54896.959310700564,131.1614805288038,218.5352856762247,35197.24407912374,5251.362600182867,2308.145623952146,4616.291247904292,2943.2169762307212,621.9798475656185,38762.440902920076,2061.4055134477685,2122.0267330133674,17854.795392688284,14407.825170468472,10253.118731635766,4058.599824013101
141,2025-05-22,56851.02480287075,55824.27408217212,2.57000000000005,797.9306517051307,36034.60301222539,784.4249258365716,1033.3544976815717,2066.708995363143,-248.92957184499983,17.333365000000338,35803.006805380384,2122.0267330133674,2765.9548509563856,19119.722671850614,14907.440058050284,2457.4687506267837,1294.829472960429
142,2025-05-23,25601.690638750668,27205.03440509961,0.0,18501.027857017158,13643.375907393307,3652.773183227502,688.3948535035195,1376.789707007039,2964.378329723983,0.0,16607.75423711729,2765.9548509563856,2635.406544954691,12634.479685003414,10351.422020254295,4061.699377954003,1905.9859145793534
143,2025-05-24,26073.261596704764,27147.66359741962,0.0,20776.603963931288,14274.608521917879,3219.4507004706993,786.4041141026823,1572.8082282053645,2433.0465863680174,0.0,16707.655108285893,2635.406544954691,3030.7496124447193,11898.681523231426,9282.123273076428,4192.795765832279,1859.554347592915
144,2025-05-25,56968.4697005622,56017.169417515564,0.0,4307.149353116521,34394.0200622295,3973.961532582899,1106.434119217767,2212.8682384355334,2867.527413365133,0.0,37261.547475594634,3030.7496124447193,3003.0150004823354,16789.321220167712,13624.311339101996,6374.079783496287,2431.0879634120665
145,2025-05-26,54931.18851554478,59322.28610151506,0.0,1319.2181211623856,34358.28861523857,5462.722534906157,719.338031504595,1438.67606300919,4743.384503401562,0.0,39101.67311864013,3003.0150004823354,2924.750392090015,18387.753567925076,14964.518537572398,7901.061191629805,2540.2455431399812
146,2025-05-27,52367.90531015313,55857.97939157706,0.0,3330.993283803327,33068.752612250915,7142.2849348702875,1588.0557272934973,3176.111454586995,5554.229207576789,0.0,38622.981819827706,2924.750392090015,2676.947418912151,17682.323598072726,14545.704790298987,12117.142591851603,3968.8173722502597
147,2025-05-28,60440.42268970315,58504.799283384666,0.0,2346.5691598947988,36535.00848108418,3465.9571403020473,1393.0945405961172,2786.189081192234,2072.8625997059307,0.0,38607.87108079011,2676.947418912151,3087.004567190914,18501.866263363052,14617.460239873184,6928.24244457916,2548.413587363466
148,2025-05-29,57819.31074970212,61507.22021511907,11.682278960290205,4311.953318288468,35155.1547814685,6728.255576507434,809.7106227920913,1619.4212455841825,5918.544953715343,78.5341203105509,41152.233855494385,3087.004567190914,2752.864052561852,17881.853362931903,14785.027687141,9967.235574585546,3052.462481627903
149,2025-05-30,25798.502285507995,26825.068745874436,0.0,18138.218204755205,14141.950107829465,2951.5751862289017,772.0353261403219,1544.0706522806438,2179.53986008858,0.0,16321.489967918045,2752.864052561852,2522.3978411678663,12094.930866879746,10004.313592427185,3784.2477476293157,1755.893721549956
150,2025-05-31,27940.614462507147,27343.86723045148,0.0,16761.44595444449,15073.227991110249,2991.627093610579,1385.120269998639,2770.240539997278,1606.50682361194,0.0,16679.73481472219,2522.3978411678663,2256.408439237146,12803.316777603346,10610.077051596356,4842.651718896388,2382.3293012021654
151,2025-06-01,74458.37681586563,73644.43652125195,1165.3347076454163,927.0087932546646,45393.57243283281,10789.75064579986,2722.0918414291,5444.183682858201,8067.658804370761,5063.045580152355,58524.27681735592,2256.408439237146,1200.0,18993.17753134804,16335.241395705343,14725.832669222007,6318.675390029053
152,2025-06-02,77513.88059126845,73124.19133425556,184.567565564152,229.60701468138663,48052.765901520834,8088.430365143024,3228.166482629183,6456.332965258366,4860.263882513841,1245.1219370887297,54158.1517211234,1200.0,1451.3444339199395,22169.12865584409,17730.784220705762,15613.907443569147,5924.309937676859
153,2025-06-03,71488.90265806727,74053.35757114069,0.0,1226.1047809078896,44649.99497120986,8701.305678262524,1462.143111676759,2924.286223353518,7239.162566585766,0.0,51889.15753779562,1451.3444339199395,2291.794666911741,20413.05656424652,15778.170607347058,11562.583268544455,4362.5783377642665
154,2025-06-04,81997.78995684785,72561.65799496835,223.33643567586958,93.7304107065263,51413.30082308091,7652.869187929116,5510.495759675632,11020.991519351262,2142.373428253486,1235.4993770422275,54791.173628376615,2291.794666911741,1292.2240308150788,20766.404082936955,17720.40087966593,23060.203506247446,8061.452155652005
155,2025-06-05,70647.44276001683,74550.81741428022,681.5799350073307,112.14687714083573,42552.216982769794,9210.337076521148,537.4802115928888,1074.9604231857777,8672.856864928259,1901.5898311976646,53126.66367889571,1292.2240308150788,1200.0,21336.495174808584,17365.562719328525,8203.694827154615,3607.5925704332703
156,2025-06-06,31847.0140789745,35965.85042693423,0.0,2254.2315789280847,17465.84446128486,9213.565238782678,745.448872151896,1490.897744303792,8468.11636663078,0.0,25933.960827915645,1200.0,1362.2339186804024,14266.383795756756,11409.760347750613,8150.398824901482,3816.637285079456
157,2025-06-07,36753.96354509744,40923.15425878802,0.0,6257.272647204616,18844.705865198765,7251.6390422753275,343.6887856022977,687.3775712045954,6907.95025667303,0.0,25752.656121871798,1362.2339186804024,2133.449013823378,14975.130838358225,11435.762393441486,6523.173573210117,2760.901799694074
158,2025-06-08,76294.23646616691,72157.95479129927,0.0,1110.7882401362815,48521.99632806114,3854.1509334394186,2591.115225232422,5182.230450464844,1263.0357082069968,0.0,49785.032036268145,2133.449013823378,4250.023516700007,20828.032799512468,14965.789515016142,10841.200917067337,3875.832203045562
159,2025-06-09,84617.11005454935,76777.94146623998,0.0,1947.8612419147223,55109.43206410254,1253.372206834437,3468.4952147049526,6936.990429409905,-2215.1230078705157,0.0,52894.30905623203,4250.023516700007,3963.5160287975577,21869.60121107437,17972.233720082448,10242.741406739588,3886.285950316432
160,2025-06-10,78874.70364225727,76687.63649692148,222.4251401241333,2111.1551082851834,50827.814549418385,4724.730718020347,2950.796490657754,5901.592981315509,1773.9342273625916,1313.3121772486325,53915.060954029614,3963.5160287975577,2887.2089476800884,21837.5719391201,18657.109643693002,11294.918369038718,4525.706729997868
161,2025-06-11,84002.19315416091,83850.63392616196,61.41005970204579,2504.4139311174345,53588.756867414544,5630.6047951288,2042.0707336313658,4084.1414672627316,3588.534061497435,297.8029792625476,57475.093908174524,2887.2089476800884,3765.668058418446,23855.63441271255,18532.450674632644,9171.598538850725,3918.938998674299
162,2025-06-12,80085.68494136014,78235.29375348329,4.588240961891643,1702.7009322373565,50801.44883795289,5670.002954640672,2603.878944776815,5207.75788955363,3066.1240098638573,30.929332324111567,53898.502180140866,3765.668058418446,3468.2252381133126,22907.832458679586,18823.04282980509,11061.217667970208,4493.87992965704
163,2025-06-13,35876.6089493383,37077.40272329802,0.0,6128.660617115992,21221.89115006966,5974.658897007801,1652.2650444681271,3304.5300889362534,4322.393852539675,0.0,25544.285002609337,3468.2252381133126,3552.2531678979917,13304.227733556974,10700.799327374942,8057.7198613337205,3643.818010137394
164,2025-06-14,36376.426025426146,35796.29308137957,0.0,7864.829547936711,21406.95925548076,4719.003113445609,2052.224660398437,4104.449320796874,2666.7784530471718,0.0,24073.737708527933,3552.2531678979917,2831.764041932771,12560.847351639766,10822.726568196907,7887.7547148947515,3625.2256982136396
165,2025-06-15,74867.76599021125,78469.26559030927,31.110860108871634,2765.252342806438,46889.94417437182,6406.814856729073,1097.3887976205813,2194.777595241162,5309.426059108492,214.74882113775948,52414.119054618066,2831.764041932771,3558.0891368737125,23444.511520165936,18336.361745887563,7387.774355013679,3232.9937498636054
166,2025-06-16,79430.56269970431,79169.47135019532,75.12476157984963,2414.0704352224366,50144.55580620906,5236.754701137196,2104.1435658758874,4208.287131751775,3132.611135261309,506.52342483559073,53783.69036630596,3558.0891368737125,3333.5870643539656,22834.340658704376,18697.867798818304,8148.370837992467,3849.728466254952
167,2025-06-17,80786.94362754138,81624.62089406156,79.8254093542862,2642.6079188590484,50740.99629881498,7035.858210126296,2050.6803765173245,4101.360753034649,4985.177833608972,545.4878216884019,56271.66195411235,3333.5870643539656,3300.3699502471422,23445.908266243547,19021.08109835341,9947.03423154161,4395.966446559423
168,2025-06-18,81120.9244054395,78202.22944945277,42.28366467847866,3623.2786875661614,50983.00224308313,7254.397078192944,3655.0164104434575,7310.032820886915,3599.380667749486,285.1454944927905,54867.52840532541,3300.3699502471422,2952.6924232998226,21082.912109566732,17390.06858300164,14139.112657385283,6073.148769841106
169,2025-06-19,75797.14463806164,76388.95342105051,164.89433580048626,3910.42112291054,47308.12892774024,10702.999068505005,3196.025598563112,6392.051197126224,7506.973469941893,981.395206885571,55796.49760456771,2952.6924232998226,3125.1569096915473,22256.33892730482,17872.416493364362,17394.571847400162,6763.6919547314465
170,2025-06-20,33605.98212895398,33523.21271686582,227.04143074106724,9427.597583854542,20371.111722702535,4350.539042338159,1995.66175086632,3991.3235017326406,2354.8772914718384,1084.0946496585632,23810.083663832935,3125.1569096915473,2639.5173169071577,12416.586038201533,10494.510324449186,6961.962569803257,3445.8414316457074
171,2025-06-21,39195.536695913426,37757.000796137174,0.0,14612.785495117088,23534.857311799693,778.7508814870984,1228.3540871414837,2456.708174282968,-449.6032056543859,0.0,23085.25410614531,2639.5173169071577,3990.6860303963554,13649.595046735807,9840.120145715724,2674.0692078173006,1487.93771430385
172,2025-06-22,71312.12672820888,74847.00682742773,11.923633753708373,3989.9887575233874,45085.84388512403,6934.035291858403,1333.6708823700444,2667.3417647400893,5600.364409488358,80.15662790930453,50766.36492252169,3990.6860303963554,3551.3616144921775,20036.803041956908,16625.20243829885,9018.497192758236,3645.0159796561798
173,2025-06-23,75181.69464493034,73541.74438268074,5.998276491492561,2890.357934871982,48599.213853642985,3216.0763771435586,2216.8073065921694,4433.614613184338,999.2690705513905,40.45837493511733,49638.941299129496,3551.3616144921775,3294.622576500186,20142.967676279237,16546.868951978984,7183.287913643952,3288.832765640022
174,2025-06-24,86850.83448382275,85861.77877052406,0.0,3882.7423741380408,55999.01079523629,1600.799831448475,1393.0084791706095,2786.0169583412185,207.79135227786583,0.0,56206.80214751415,3294.622576500186,4453.491634404032,24564.53681196092,18854.29266557488,4297.214883216379,1926.6084229867677
175,2025-06-25,75212.62974717596,77339.72087311851,7.1298353813728,4184.701310410358,47835.48452800523,4553.215648333126,1228.3989506865455,2456.7979013730915,3324.8166976465805,49.73773162045665,51210.03895727227,4453.491634404032,3361.9147707300017,19511.30109857632,16786.57306715345,6043.484448758844,2746.1375001309207
176,2025-06-26,71067.52848780146,73831.28345073576,52.24204697656273,2478.185592053393,45585.19430425606,5328.339670033842,1016.9674146017474,2033.9348292034947,4311.372255432095,352.0825638336391,50248.6491235218,3361.9147707300017,3475.204069857807,19768.39843742414,15910.44236509853,6537.314481484115,2793.080637946361
177,2025-06-27,35079.09821154295,33764.3688207111,0.0,11673.57748374013,20882.45232718511,3948.019293020099,2323.962278882284,4647.924557764567,1624.0570141378157,0.0,22506.509341322926,3475.204069857807,3325.275968605752,12916.214533848208,10597.0690635439,7877.200440363275,3639.9687098889835
178,2025-06-28,33172.08549955471,34170.06074744091,0.0,10435.09747120183,19532.824068631984,4310.467086980542,1502.9094066849825,3005.818813369965,2807.5576802955593,0.0,22340.381748927543,3325.275968605752,2875.1991353306657,12437.401629052587,10479.364469480177,6436.559845907064,2939.7317690118302
179,2025-06-29,69133.74330799273,75955.91466332594,193.4666221980576,2423.4599578239718,42273.416462776295,14445.764102145922,2269.3943441631745,4538.788688326349,12176.36975798275,930.6615838250493,55380.447804584095,2875.1991353306657,3121.082913395414,22299.249442675828,17841.09664830915,16979.0261577473,7084.6490448784825
180,2025-06-30,78561.98703257232,78639.14688957052,77.21327631168117,4517.128126196588,50234.262312951774,3046.9287142386956,1601.0355319798691,3202.0710639597387,1445.893182258826,520.2725399239429,52200.428035134544,3121.082913395414,3458.0475424167103,21148.841527542707,16827.293471190427,5704.47352172398,2616.6784367261007
181,2025-07-01,69007.25669975893,81826.09568429223,85.43406878202848,407.12053660250456,44077.42340567392,13193.014151795462,0.0,0.0,13193.014151795462,575.6816979918032,57846.119255461184,3458.0475424167103,2008.0199541604916,20752.05269773167,18114.187514593243,12818.838984533306,4397.671383931821
182,2025-07-02,66044.48228106348,76298.97304471687,293.3242280429533,565.0308341003423,43493.405788364355,10218.995262624701,280.8461286650122,561.6922573300244,9938.14913395969,1669.8689058009131,55101.423828124956,2008.0199541604916,1390.7412491628127,19358.162665740725,16235.662593747895,11315.065822396984,3687.177882873246
183,2025-07-03,75187.36959888242,85018.80945761547,36.350470592253146,876.1152845995583,47048.62515486832,16537.680131943525,1210.4147310988055,2420.829462197611,15327.265400844719,253.58088285155793,62629.4714385646,1390.7412491628127,1788.1622624375905,21373.404201723846,16954.778491449008,17019.455289055782,6722.974775079979
184,2025-07-04,36495.25497392546,39642.162478268336,1246.9625472320865,10057.520045499483,21567.37609267825,6351.754120880985,680.055649530382,1360.111299060764,5671.698471350603,2817.3381494560626,30056.412713484915,1788.1622624375905,1200.0,13053.07131330583,11102.333799971555,6336.7478157270925,2797.3070231573774
185,2025-07-05,39925.08302271666,42302.04890756178,355.2268282595075,10671.192917346392,23673.154865888733,5026.820912922876,521.2941655605821,1042.5883311211642,4505.5267473622935,945.2284644369178,29123.910077687946,1200.0,1863.4042764828419,13678.626331440364,10482.623479632135,4599.899923954366,2196.901136534874
186,2025-07-06,76434.86676717018,84778.60023991093,73.26677517333837,904.076059139527,48924.0571994314,9924.377566741514,613.3505016121851,1226.7010032243702,9311.027065129329,494.08560606032484,58729.16987062105,1863.4042764828419,1499.0432001322679,23588.075656106645,19434.266250161905,11846.122092873253,3921.476357192689
187,2025-07-07,81752.96278119629,78645.00949322907,171.7604676107732,1154.611178079595,51378.12719346864,4873.733979438577,2482.5428019886485,4965.085603977297,2391.1911774499285,1039.9272643664808,54809.24563528504,1499.0432001322679,1812.2282327370465,20898.99729868045,16646.32128258687,11756.554243089271,4107.120795134841
188,2025-07-08,100653.21733766298,87384.24633103739,78.6821598661096,5904.4422218094305,64779.7122204787,993.9356080252559,5408.47584432185,10816.951688643701,-4414.540236296596,535.7313793133101,60900.90336349541,1812.2282327370465,3417.9445314111713,23905.024124319425,17917.924871892024,14676.775098545824,5739.7877136636025
189,2025-07-09,97432.18441179278,84001.66432031596,120.14983020855675,6098.914475450931,62481.158623568146,904.8101393747099,5277.785314264669,10555.570628529338,-4372.975174889959,809.9725647757368,58918.156013453925,3417.9445314111713,3354.2750671630556,21165.669348580235,17201.4946901733,14811.583496760108,5579.388694056239
190,2025-07-10,89214.51047576807,81245.98159377847,274.9649789036836,4857.002993197468,57483.23527063546,1882.8185292893586,3690.988733464844,7381.977466929688,-1808.1702041754852,1853.3292682211422,57528.394334681114,3354.2750671630556,3120.5618951530387,21161.3792155809,17351.05901942954,10569.30422722746,4318.594909894629
191,2025-07-11,54786.9207656903,48599.50732205596,302.88505701570284,13873.993435727523,33962.36950715021,552.8263271814652,3424.7048222871226,6849.409644574244,-2871.8784951056564,1888.231734272622,32978.72274631717,3120.5618951530387,3014.3757420041497,13711.522795674362,11201.90100233023,7079.859196987516,3608.980264680944
192,2025-07-12,49728.21454564393,47735.064420432456,0.0,14215.334701103166,30724.24690186642,1629.283262577268,1926.2841198403892,3852.568239680779,-297.00085726312136,0.0,30427.246044603296,3014.3757420041497,2930.4738996811543,13215.779179403453,10780.292793407496,4489.729338856439,2469.378540699479
193,2025-07-13,94209.2851649856,78351.76183503901,37.93358616435057,5060.920329501703,61200.39614949621,588.2541476314921,6078.816960277933,12157.633920555867,-5490.562812646443,255.0085329898467,55964.84186983963,2930.4738996811543,3128.9232876261417,20433.948645006203,16372.893953304532,16697.627553533457,6274.901676155096
194,2025-07-14,93874.52840781178,82876.32403410593,0.0,6409.242471629467,59716.92875856621,1048.074336946812,3982.943063427017,7965.886126854036,-2934.8687264802065,0.0,56782.060032086,3128.9232876261417,4153.509440788821,19669.86741033369,15010.465064523873,12636.24318743199,4332.301175742621
195,2025-07-15,95633.69192122981,80269.48232355331,14.754289463519967,4600.724544895276,61342.20691815685,740.4972911537757,5657.81386443827,11315.627728876541,-4917.3165732844955,99.7404949251712,56524.63083979753,4153.509440788821,3448.592015748689,18783.61667012821,15849.155185339972,16422.112602567344,5904.646294822863
196,2025-07-16,90921.04098742853,81112.19544959094,36.27309899692227,4899.596267912209,58746.19997329097,634.0427665051658,3874.8584175224987,7749.716835044998,-3240.815651017334,244.56085858458061,55749.945180858216,3448.592015748689,3890.386274013627,19561.547710020513,15447.238812678177,10783.55429292646,4086.206006357554
197,2025-07-17,86900.93997711087,79585.87850940012,38.013627510562515,4034.9117065163755,55759.69133911612,3462.6181478508092,3963.4998215919604,7926.999643183923,-500.88167374115255,258.4597435206425,55517.26940889561,3890.386274013627,2769.4980365478796,20407.17777603586,17538.613412308223,13269.293845410088,5117.705870875563
198,2025-07-18,55879.032890265866,48407.17100544935,0.0,13937.853920960264,34509.05541815222,531.2911174860076,3565.0054038265275,7130.010807653055,-3033.7142863405197,0.0,31475.341131811696,2769.4980365478796,3433.24791162479,13672.074194315117,10477.005209826024,8324.748044034073,3742.10244298853
199,2025-07-19,51482.17356436581,46347.16007359269,0.0,17000.32489084285,32536.163810730017,897.1727055800064,2835.3240585550375,5670.648117110075,-1938.151352975031,0.0,30598.012457754987,3433.24791162479,3256.1756678518277,12228.321853397396,10064.305720647555,6604.447564375078,3134.381627081707
200,2025-07-20,92316.80038694091,82146.28859908022,0.0,5379.801029960888,58609.0458187654,1064.5075891965487,3673.9801464813354,7347.960292962673,-2609.4725572847883,0.0,55999.57326148061,3256.1756678518277,4201.060084182253,20137.438830290936,15460.929477838275,11739.110208723509,4028.816009546851
201,2025-07-21,96539.97494441386,84596.13713089531,15.345793838563964,7163.928975684085,62586.11997419274,1208.555924216344,4985.182980734238,9970.365961468478,-3776.6270565178966,103.16209907974624,58912.655016754594,4201.060084182253,3834.0756500331986,19937.318893599702,16479.514294549906,14012.80858791972,5388.034955473021
202,2025-07-22,91375.28034070093,83643.89647763473,92.18558345200188,7070.033012365232,58984.4237072165,5335.9101983591845,5046.828355215721,10093.656710431442,289.08184314346363,621.5577636348291,59895.06331399479,3834.0756500331986,2954.4285943855193,19276.772537567085,16405.868105512258,16453.49620180062,6825.465088002117
203,2025-07-23,101793.53717894563,83871.25466169382,357.9050049708094,5905.90105370553,65969.68907376227,2323.1297290313855,7289.828707246608,14579.657414493216,-4966.698978215223,2117.047712925996,63120.03780847304,2954.4285943855193,2910.629463154146,21821.740602108817,17715.029105816382,22151.082373581223,8064.205283590404
204,2025-07-24,98834.46664334097,82915.60841512539,17.69634459475526,4632.223634632835,63960.29501854567,722.455306014374,5984.263780402702,11968.527560805403,-5261.808474388328,119.29105891324522,58817.77760307058,2910.629463154146,3743.6443376980105,20709.97756840969,16025.368443322375,17042.31524981244,6225.082215740827
205,2025-07-25,48485.98591742762,44088.44876558197,418.0382683272876,16273.16693277233,30335.27879774682,709.829696033911,2751.3402663779398,5502.680532755881,-2041.5105703440304,2613.238034770247,30907.006262173036,3743.6443376980105,3031.5924959171125,12467.616800384521,10739.61626591427,5511.31972800672,2987.9501650559105
206,2025-07-26,50087.124219179444,45840.12749422898,222.28319923082515,15018.321018947658,30580.113637474387,1266.8787722219558,2658.53956357258,5317.079127145159,-1391.6607913506232,1218.5189460895026,30406.971792213266,3031.5924959171125,3072.1622411545773,13360.449142798792,10785.451034953301,6078.908746784215,3080.832487646565
207,2025-07-27,89832.39426541611,81015.28602182148,94.46912386242775,3523.5364229335555,57053.810666401594,2226.5059268464897,3907.8753777366974,7815.750755473395,-1681.369450890208,657.7708300569175,56030.2120455683,3072.1622411545773,2903.6414303293727,21329.987644700246,17428.958721949886,12122.32196816619,4650.0440200188605
208,2025-07-28,96629.66872355,87415.99003595143,242.68846929725657,5151.890080505137,61905.33761976411,2344.47619210808,4530.013104777932,9060.026209555865,-2185.5369126698524,1163.473641058361,60883.27434815263,2903.6414303293727,3210.088615623644,22505.835392870402,17953.924201460184,12556.461667699887,5311.505168813958
209,2025-07-29,93736.65443158925,86628.13497294241,196.8901095361898,6805.822930842358,59926.23906251264,515.7528655532035,3301.8890090723153,6603.778018144631,-2786.136143519112,1278.2927736189733,58418.3956926125,3210.088615623644,3169.843224857465,20979.879228030608,17029.923026394357,7941.587635086858,3473.8066309233827
210,2025-07-30,85119.8336418015,84400.15926316334,22.21253723505754,5833.3088806252235,54375.967702492824,4639.362921883272,2146.442239092971,4292.884478185941,2492.9206827903017,149.7347135015229,57018.62309878464,3169.843224857465,3781.2963046884906,20713.163673290757,16227.354803517586,8778.463500793729,3692.896546387395
211,2025-07-31,86945.56184477764,83480.65506473712,22.48229191586563,5219.35835370441,55288.6703818512,2034.565972874681,2116.443543578742,4232.887087157484,-81.87757070406042,151.55312980485022,55358.345940952,3781.2963046884906,3238.0206165763047,21461.741345173,17872.958608891095,7138.4733530592475,2794.6322012036358
212,2025-08-01,49245.67642860186,43949.17593168972,0.0,19985.166143425256,31216.428027445603,11.354767074486842,2804.2893153221376,5608.578630644275,-2792.9345482476506,0.0,28423.493479197954,3238.0206165763047,3599.4998689496088,12564.83576032536,9852.185638727567,5307.7300544204145,2808.0742376802996
213,2025-08-02,46975.02243220087,42903.79480038893,101.72228686717801,20496.689514410078,29154.872470950726,2753.2650490921833,3076.0505758176646,6152.101151635328,-322.78552672547994,612.6982601975743,29444.785204422824,3599.4998689496088,2770.6820498502534,12251.256193169034,10669.453553656338,7173.746394471964,3993.8055921817254
214,2025-08-03,66640.68243040355,68140.3163162132,9.554047482124247,1818.1621144563842,42533.411937818855,7968.641276198526,1838.5282708556965,3677.056541711393,6130.113005342829,64.42775387052309,48727.95269703221,2770.6820498502534,2588.0474127640864,19245.260206753497,15753.031940847883,9880.44200829252,4494.742029588539
215,2025-08-04,74217.09524470955,70269.33403815416,0.0,1213.896589259948,48287.95824652931,1350.5613148069515,1719.8967854515315,3439.7935709030626,-369.3354706445798,0.0,47918.62277588473,2588.0474127640864,2594.1701827594616,19127.746697710776,15487.96433214989,5810.425001541275,2170.083890387182
216,2025-08-05,72545.71367911376,70376.49666724846,0.0,1840.6242962141077,47099.01353244904,1847.0990392526242,1484.8723127136218,2969.7446254272436,362.22672653900236,0.0,47461.240258988044,2594.1701827594616,2334.7324607689175,19037.1399341711,15653.577296470081,5461.323863161251,2100.5719924644964
217,2025-08-06,78482.11564905755,71826.29669741428,0.0,878.3457062670205,50795.29120767341,1593.6485340248337,2776.740752806104,5553.481505612208,-1183.0922187812703,0.0,49612.19898889213,2334.7324607689175,1512.6306426931376,18807.596635519974,15974.04491103938,8808.736864720886,3307.9569308143814
218,2025-08-07,77362.38111017356,68796.63908825743,245.7766000662565,2041.81015100792,48426.81915168111,1544.5954859449525,2591.10102817801,5182.20205635602,-1046.505542233057,520.1932253000516,47900.50683474811,1512.6306426931376,1291.0942562775547,20063.173868893657,16450.553581577886,10567.663522295345,3105.966190159661
219,2025-08-08,42419.308718516695,40777.738496827194,197.18117135676542,22247.106016459267,25083.23231167175,0.0,842.6616183140603,1685.3232366281206,-842.6616183140603,1073.6267207596989,25314.19741411739,1291.0942562775547,1561.03687469237,14261.547606059765,11308.905204335075,1641.5702216895083,842.6616183140603
220,2025-08-09,40503.05602032415,40024.10351024698,0.0,18323.048418368213,24040.102447594516,533.3610851092479,385.24988533902547,770.4997706780509,148.11119977022247,0.0,24188.213647364737,1561.03687469237,1744.9648801034966,13755.741510572381,10976.615418693615,1217.878647860608,563.0369137087748
221,2025-08-10,71211.60316301137,70678.60044272404,0.0,977.8736330995266,46456.91640966617,3239.6529727634197,1385.1291656375147,2770.2583312750294,1854.5238071259055,0.0,48311.44021679208,1744.9648801034966,2440.814995469753,19841.277135762528,15445.169376138016,6558.868274300487,2465.0134898919882
222,2025-08-11,72417.42623986187,69181.54856376408,643.778183751234,2135.416524319814,46007.282105864244,1660.0390896927152,1623.5984094471632,3247.1968188943265,36.4406802455519,4348.496953191872,50392.21973930167,2440.814995469753,1731.4883032537232,19826.583751876857,16697.926862014687,5232.5756131989965,2176.944772678068
223,2025-08-12,77123.14850503094,73145.51180282081,53.13294905412806,970.6704670471672,49092.706655024354,2584.6401837934577,1917.702720144447,3835.405440288894,666.9374636490102,358.2427801663215,50117.886898839686,1731.4883032537232,2526.025507115372,19749.1955334331,15281.764898605335,6952.296097490667,2779.2494480755995
224,2025-08-13,67439.95835696785,71843.38570667026,40.939915661092755,1971.2380089627627,43439.99866948339,4605.391368500019,80.6790444227503,161.3580888455006,4524.712324077268,275.99644142925683,48240.70743498991,2526.025507115372,2666.4682739867426,19293.208806233524,15501.100642864927,4887.24514444218,1615.8095005894234
225,2025-08-14,68543.59038267494,70497.62910483681,0.5710430563676709,1062.37804861125,44475.16601140142,6530.389284817256,1420.1897214014705,2840.3794428029405,5110.1995634157865,3.9835963612208727,49589.34917117842,2666.4682739867426,2374.612635772036,19853.690475483323,16344.159359534737,9244.42827414033,3596.986149673889
226,2025-08-15,40714.75064898678,38640.7775900998,355.8207589303937,19982.09053181201,24713.54497478869,664.160854664457,1394.1154971730725,2788.230994346145,-729.9546425086155,2096.3754395009364,26079.96577178101,2374.612635772036,1537.510761827653,13727.22431807786,11872.443384193011,3096.702374155901,1615.5024487278915
227,2025-08-16,41293.63200770049,39031.966235028376,328.91824592840425,19737.56792122556,25402.915536472232,1451.0544944090668,1641.0523509307768,3282.1047018615545,-189.99785652171067,2241.626290156011,27454.54397010653,1537.510761827653,1649.3703144541973,13649.276819477172,10955.24062641262,4860.951325708894,2124.737182400466
228,2025-08-17,72451.4119831741,69104.29028148574,63.23188505644737,1901.255681105049,45183.85450996387,3898.6959762098136,1606.6785722187647,3213.3571444375293,2292.017403991049,425.81239419797873,47901.6843081529,1649.3703144541973,1898.9376726774997,20401.380244049968,16300.5073752795,8949.79635162593,2906.2438976220355
229,2025-08-18,72861.9957988502,72267.63953110727,39.71623114674037,3240.3315720859455,46651.89988865038,3840.450423187741,1314.4233870218684,2628.846774043737,2526.0270361658727,267.86612096919043,49445.79304578545,1898.9376726774997,2756.811478492784,20530.642885619192,15857.734312117791,6710.748257688288,2594.5735280844483
230,2025-08-19,71419.58092775887,68485.21049278029,96.55733462397957,1893.541609032812,46033.10686336218,720.2508955752287,1210.0934334187286,2420.1868668374573,-489.84253784349994,600.5052727576058,46143.76959827628,2756.811478492784,1541.3492444585218,18234.116731590948,15863.550563219502,4463.70379489583,1450.1770652771384
231,2025-08-20,80058.71565806455,75853.29310410692,66.04211586810595,575.9645762887211,49959.31796123456,4715.2860180997095,2098.4259254289086,4196.851850857817,2616.8600926708014,444.9955789241292,53021.17363282949,1541.3492444585218,2123.4040217958964,21941.211986400056,17248.53240938041,9869.323754131907,3670.1879314621447
232,2025-08-21,73329.30887792162,69163.57063397148,342.75552103623875,929.0235704210949,46390.61243956768,1716.8237689128673,1587.537940375435,3175.075880750871,129.28582853743137,2154.5413794860824,48674.43964759119,2123.4040217958964,1200.0,18757.619583524185,16024.735482270895,7301.170564906791,2159.8125300130578
233,2025-08-22,41810.01406271555,41171.52272172262,0.0,16569.149050289907,25074.94455294616,2090.291965754242,996.0643554652695,1992.128710930539,1094.2276102889723,0.0,26169.172163235133,1200.0,1792.3046236026955,14940.684790475205,11568.880519042492,3529.77323137821,1692.828344050017
234,2025-08-23,38722.87405172747,40191.828277690205,0.0,14934.636462078248,22725.056075697365,2323.7680303753014,71.20913254938492,142.41826509876984,2252.558897825916,0.0,24977.61497352328,1792.3046236026955,1980.8066786927295,13460.704294899622,10733.518629287664,1761.3716846661302,845.7984760078187
235,2025-08-24,67588.58566932412,70273.16902008606,0.0,2105.737158884062,43725.85263077433,6891.402037205482,1077.9822593762046,2155.9645187524093,5813.419777829277,0.0,49539.27240860361,1980.8066786927295,2429.680293474046,21209.769076660414,16775.92669879175,8239.664832602599,3375.1162717780326
236,2025-08-25,93149.79940426612,76830.75858887398,0.0,2666.7582193205353,59581.65943536429,462.7496492739242,5379.975386816934,10759.950773633867,-4917.225737543009,0.0,54664.43369782128,2429.680293474046,1923.2915238451765,20245.59602922512,16854.682676338332,16848.063442598483,5534.225269908242
237,2025-08-26,72557.1636979654,73408.29789841815,0.0,2932.2626686145427,47015.37158338976,1993.4587456412548,315.386872465583,630.773744931166,1678.0718731756717,0.0,48693.44345656543,1923.2915238451765,3032.5366041022653,20783.664601257344,15836.447754787074,2982.2242997399608,979.873121012668
238,2025-08-27,71006.0402932986,74848.84714237711,1.2244686197841474,4595.349957387266,46173.61895335677,7206.301716542461,1281.1719292284836,2562.3438584569676,5925.1297873139765,8.541893091614213,52107.29063376236,3032.5366041022653,1722.3681244250079,18524.86536132896,16184.292574385992,12618.08362354627,3683.272501409304
239,2025-08-28,70243.23720246776,77618.1158214912,39.020605065075756,2073.5342158618478,44275.964399464996,9444.883847680929,549.5757567782898,1099.1515135565796,8895.30809090264,263.0115371148095,53434.284027482456,1722.3681244250079,2392.3071738163303,22172.95833109961,17357.1511037385,10242.875942275772,3697.870372671933
240,2025-08-29,43824.66357377535,41315.627921636624,0.0,16704.27515474346,26877.005073738983,1128.6052424288296,1582.3458070584445,3164.6916141168886,-453.7405646296147,0.0,26423.26450910937,2392.3071738163303,1732.436065983169,13947.454810226336,11891.32239333318,4242.513449358181,1958.547554534721
241,2025-08-30,41410.2820853679,40792.5311732222,0.0,19610.958481048776,24947.516369148958,768.0863982722278,513.8902092623069,1027.7804185246137,254.196189009921,0.0,25201.71255815888,1732.436065983169,1801.9407138840402,13717.361451206927,11048.508592366834,1871.0200085737158,769.9190086863828
242,2025-08-31,68290.29433925248,70814.1247026553,17.75049892821346,148.4714916069113,44686.88264997977,5354.797490040558,638.4776999000946,1276.9553998001893,4716.319790140463,123.26499111850194,49526.46743123874,1801.9407138840402,2126.157404530698,19710.450552954153,15673.669926310868,5365.603986447654,2423.4101965802806
243,2025-09-01,80719.28553876834,66380.01538499698,0.0,7323.717078595242,51028.020538638855,2116.2355049790003,5434.52087966888,10869.04175933776,-3318.28537468988,0.0,47709.73516394898,2126.157404530698,4134.926252301095,19338.272684605563,13856.10891153715,17919.62918123706,6139.93271466188
244,2025-09-02,67184.40006729343,66596.75936058848,0.0,8857.349706657198,43191.017681296726,4506.622888721113,2216.7724417023737,4433.544883404747,2289.850447018739,0.0,45480.86812831546,4134.926252301095,4203.8270456228975,19050.753104956122,15369.099301024835,10548.10850425423,3718.9800712760784
245,2025-09-03,69272.2898653539,62076.88586390774,0.0,3246.147492937442,44991.45951598592,163.52264779445488,2532.1687887156004,5064.337577431201,-2368.6461409211456,0.0,42622.81337506477,4203.8270456228975,4107.292605579136,17736.32693162989,14453.305810659594,7413.16433811241,2586.676337980419
246,2025-09-04,66952.1746610055,60849.85315432052,30.954966666666678,3623.9644234184098,44283.512612091654,858.8415676123453,2616.9130912615674,5233.826182523137,-1758.0715236492238,208.52813295000007,42733.96922139243,4107.292605579136,3823.4669745279684,18877.480081657017,15546.201934088236,7018.964803360569,2903.193613799016
247,2025-09-05,34866.06027910342,31338.215493382115,0.0,22819.92641513019,21435.68222600161,289.8026777800773,1964.4074407872672,3928.8148815745344,-1674.6047630071898,0.0,19761.07746299442,3823.4669745279684,3096.0568795742943,12361.560510755613,10667.533099170356,4072.2260469484518,2061.0083333806265
248,2025-09-06,35666.29939176724,33124.89764362325,0.0,22152.224571593357,21569.035223004623,1443.4092059104892,1805.4504156603675,3610.900831320735,-362.04120974987836,0.0,21206.994013254745,3096.0568795742943,3849.9391367235776,13542.607055766004,10291.017683736112,4263.274475298154,2286.5868176305303
249,2025-09-07,61939.04551529273,62477.88299359577,0.0,3827.376852263361,40574.24790666249,5367.415976950433,2123.2932715670954,4246.586543134191,3244.122705383338,0.0,43818.37061204583,3849.9391367235776,3806.5271286126444,19624.17543139781,15934.652906732066,11666.081178611326,3912.4319305505733
250,2025-09-08,60571.856117975185,62858.53239224185,0.0,1120.757442730599,38219.78931301223,4430.270928588089,313.50808716720303,627.0161743344061,4116.762841420886,0.0,42336.55215443312,3806.5271286126444,2597.6196835234846,18053.80061451664,15711.595198338722,4994.193390349683,1790.2650633632327
251,2025-09-09,54055.889847574515,57113.173780025536,98.77281678290433,1480.874133843684,34831.52845028902,7053.966290297914,1003.6923657163825,2007.384731432765,6050.273924581532,521.4520540333074,41403.25442890386,2597.6196835234846,1595.0739396938852,18581.733503919637,15953.495307621548,8962.240175994717,3355.0144624823542
252,2025-09-10,65168.04304265285,65821.28710735861,350.07337654032517,586.9548495868961,40192.861475355516,5125.9250743658085,1032.0027237764607,2064.0054475529214,4093.922350589348,1734.564242960673,46021.348068905536,1595.0739396938852,1798.371825100497,21502.309933926786,17233.90294961474,9279.85305342752,2740.6444152317313
253,2025-09-11,62122.59211840987,57581.53693852635,341.30824322494647,896.4484010482656,38983.88513782849,2383.321788516415,1804.1951439277,3608.3902878554,579.126644588715,1395.8572418517533,40958.86902426895,1798.371825100497,1316.2096606214918,20864.51023895159,17334.19924158189,7948.695257516403,2598.6357400998386
254,2025-09-12,32598.628744798552,32699.832479291923,0.0,17943.52322724118,17995.289558379955,748.7615516890162,168.388627112356,336.777254224712,580.3729245766602,0.0,18575.662482956614,1316.2096606214918,1703.1407473363863,15033.763547407014,11829.110495356275,815.3172321839871,417.97581100869473
255,2025-09-13,31801.87284721466,32432.319900104834,0.0,21612.225909288216,17396.443345273867,1706.435890414998,200.76918616872706,401.5383723374541,1505.6667042462711,0.0,18902.11004952014,1703.1407473363863,1766.6259986181121,14504.504112261771,11691.511604778483,1510.231982190715,769.581149640393
256,2025-09-14,68070.14172903949,65045.69366489074,0.0,1567.988979912132,43187.40164138365,4244.799357036098,2213.958820720303,4427.9176414406065,2030.8405363157945,0.0,45218.242177699445,1766.6259986181121,1506.8772474671607,19011.33584744461,15632.955912465995,8949.765877435968,3628.8919397323357
257,2025-09-15,58576.53210321401,60798.941919663135,310.3053582136511,1912.0896362242001,36887.708632708935,3160.124077405344,168.2313940772578,336.4627881545156,2991.892683328086,1608.7651740008573,41488.36649003788,1506.8772474671607,1521.2791293260445,21669.291129717167,17539.164121397913,2938.3616307821294,1221.6060865457057
258,2025-09-16,71836.9751285965,65982.63770072888,0.0,2483.714297770586,43978.73661571213,2626.578957855837,2143.0296318477826,4286.059263695565,483.54932600805387,0.0,44462.28594172019,1521.2791293260445,1523.9782162628546,21077.496007272865,17070.342587647894,9099.014311743196,3018.5559511330616
259,2025-09-17,66798.93400257146,64519.02862240609,22.22809363826295,891.1731069700264,41654.00386635367,2677.234629710101,1483.2342830175749,2966.4685660351497,1194.0003466925264,47.523664198606184,42895.5278772448,1523.9782162628546,1200.0,20955.503177425846,17265.537968351513,5720.337938947182,2375.6458262542756
260,2025-09-18,58563.70424163254,66166.89492674652,0.0,3095.968640837903,36591.73126769087,10393.0402150716,917.083587573359,1834.1671751467175,9475.956627498243,0.0,46067.68789518912,1200.0,1271.920026019941,21316.563925389484,17201.688756147534,14134.949540933314,4381.43032593056
261,2025-09-19,33362.0794818111,32531.87147324684,3.2066847220140433,13262.153830879372,19056.786822103728,1008.8077347265939,743.1872291604044,1486.3744583208086,265.6205055661899,12.781845301947977,19335.189172971863,1271.920026019941,1558.4732022095716,15335.12711501131,12163.555104588497,2485.2904907856773,1079.456474069269
262,2025-09-20,32540.29461361833,31923.414419645982,388.05299314346615,13720.700717881542,18482.096597725762,1555.1129330690533,737.393015685515,1474.78603137103,817.7199173835381,1519.891555841274,20819.708070950575,1558.4732022095716,1611.3479207952237,15251.293236039415,12305.960274464842,2734.528752991092,1255.7639933751993
263,2025-09-21,67053.37447618927,65380.57455121591,0.0,2877.8079024138865,41548.338042426105,1376.0586552772324,755.7118022876784,1511.4236045753569,620.346852989554,0.0,42168.68489541565,1611.3479207952237,1915.7792184786842,20743.636829229323,16528.35766376063,4395.262932161608,1214.3980207134225
264,2025-09-22,72833.1208382716,64755.4728674084,0.0,243.17719176874022,45770.73703053857,2374.8398800528657,3104.5156000756383,6209.031200151276,-729.6757200227712,0.0,45041.0613105158,1915.7792184786842,1808.0385253153565,21027.591663964915,17129.315871658586,11375.510555372988,3896.128893426593
265,2025-09-23,72730.89914420884,67830.15178183535,144.80701397462155,1414.452254008756,45783.95746805027,221.8667296569721,1705.5642546534518,3411.1285093069037,-1483.6975249964798,678.9762571231239,44979.236200176914,1808.0385253153565,2031.4221678921174,22330.766737625218,17886.875779157337,5116.716983651648,1779.519831205776
266,2025-09-24,60030.90415372602,66852.30222773574,0.0,1968.4075030108538,38146.21969906889,6652.492134004458,12.291561650355948,24.583123300711897,6640.200572354102,0.0,44786.42027142299,2031.4221678921174,1952.4879117755318,20482.686606472707,16662.016981747816,6874.921752273506,2229.7889396518417
267,2025-09-25,65827.62767150172,66154.25436083518,0.0,2324.636068169297,42004.49972271254,2373.6934045786056,554.752768995316,1109.505537990632,1818.9406355832893,0.0,43823.440358295826,1952.4879117755318,1751.2722708767687,19343.491944604095,15849.322551938203,5385.012118364014,1345.9839038548512
268,2025-09-26,35115.221359756506,32525.911861888886,474.29007690448896,12769.910036633624,19975.285725028116,421.7338771782894,1374.7027767077197,2749.405553415439,-952.96889952943,2187.552255126201,21209.869080624885,1751.2722708767687,1398.3261100838504,15019.473404596758,12483.425002437009,3418.752642168512,1515.2807357671493
269,2025-09-27,33758.292268437406,33782.473653907175,538.3135606974818,13448.884095028916,18805.64609524642,1953.850314491726,759.229694167944,1518.459388335888,1194.620620323782,2700.0279040349833,22700.294619605185,1398.3261100838504,1394.9491597045724,16177.05328903735,13106.452419461604,3149.724058043752,1410.5131323318528
270,2025-09-28,66651.98799420102,69845.42818252734,0.0,1481.300406682184,42064.14290458376,9321.971859071436,1763.9250082103235,3527.850016420648,7558.046850861113,0.0,49622.189755444866,1394.9491597045724,2394.3480146031566,20931.787577735653,16055.288968557152,13981.661810533064,4871.248961234135
271,2025-09-29,72453.23002564948,66560.85075464124,386.57305220399223,917.8511868089593,45674.92633122398,2187.5197627364246,2578.039893871439,5156.079787742878,-390.5201311350138,2064.2417837650946,47348.647983854054,2394.3480146031566,1536.5718236321543,21271.997852158875,18002.316832122597,10140.513041865957,3307.2131481169135
272,2025-09-30,71956.71190620822,71342.88216040241,868.1308356605718,1829.4259104984385,45777.53264037294,1411.5299905736008,706.8866564025573,1413.7733128051145,704.6433341710435,4358.277780253346,50840.45375479734,1536.5718236321543,2201.128763427256,22954.268805696305,17994.856486798417,2740.5303094674996,1177.396653260424
273,2025-10-01,66236.89940816542,60122.96353116892,0.0,5273.046141999235,41220.97094242567,1737.5712472926944,2519.878383279818,5039.756766559635,-782.3071359871228,0.0,40438.663806438555,2201.128763427256,3488.921011432886,21207.278066480467,16018.882210644111,8798.425987126471,3099.0687990440492
274,2025-10-02,69934.34159090063,59203.347814320805,0.0,3324.149944675825,44157.680210580584,1330.6335190576178,3996.4719593618383,7992.943918723677,-2665.83844030422,0.0,41491.84177027636,3488.921011432886,3760.3436300428652,20548.0757696281,16399.661016649785,12619.39730899549,4440.016465714378
275,2025-10-03,29618.608737409915,29021.208123256372,0.0,18926.78174641563,16466.49208138937,1261.4167097200066,857.5931778622924,1715.1863557245847,403.823531857714,0.0,16870.315613247083,3760.3436300428652,3375.981442706928,13806.308660226807,11529.035983386062,2621.7333985749456,1278.0654144356276
276,2025-10-04,32409.356238641012,30842.334565856123,0.0,15405.36708651299,18348.535993757127,946.7463643659921,1195.2385326869826,2390.4770653739656,-248.4921683209909,0.0,18100.04382543614,3375.981442706928,2952.2643146487503,14328.055059274506,11987.070013264709,3112.6946879605503,1510.8206541423133
277,2025-10-05,69267.58923715894,59024.27615130071,253.2557757182168,595.7986147414056,43019.98213106349,1568.5167281128352,3591.1122123661903,7182.2244247323815,-2022.5954842533556,1300.913477528834,42298.300124338966,2952.2643146487503,2931.670987555596,20864.76968418263,16918.99743857177,12557.557855527333,4113.9511217371355
278,2025-10-06,61594.20191305585,63584.339265824485,20.44752097402529,1680.4399382622637,39333.722018253444,3361.0532578269836,1004.952714157143,2009.905428314286,2356.1005436698406,99.17047672402266,41788.99303864731,2931.670987555596,3131.461728849681,21112.76805985041,16921.53046131415,5627.086801458155,2125.3038000994707
279,2025-10-07,65836.23869851837,63653.73931416436,0.0,1937.3215698147942,40624.368525432044,4091.5253557964647,1838.5587534968995,3677.117506993799,2252.9666022995652,0.0,42877.33512773162,3131.461728849681,3274.614579674692,20084.30094003716,16139.44619568759,8360.667624996853,3202.400538762388
280,2025-10-08,59138.237465118415,58727.90791725034,546.7547992838049,407.54150005380075,35441.03790000076,3842.631623366157,800.9354886471392,1601.8709772942784,3041.696134719017,2843.846747183918,41326.58078190369,3274.614579674692,1781.9987360847972,19641.998994971495,17253.373445157813,5706.383905653409,2081.812696435858
281,2025-10-09,69510.06892388713,59388.08562482943,191.81246195088823,183.9520901411488,42133.90535067808,2760.3470665084933,3352.6954237855025,6705.390847571004,-592.3483572770083,968.0731330806009,42509.630126481665,1781.9987360847972,1373.7818840744496,21070.313053237656,17434.348739931815,13347.233024824192,4272.811112621666
282,2025-10-10,30448.509611773843,31158.024837106488,0.0,18710.09298336164,15661.42670190176,2034.2277641315636,338.37729071426077,676.7545814285216,1695.8504734173025,0.0,17357.27717531906,1373.7818840744496,1451.7131650365036,15969.383074801794,12865.062137723606,2231.3721633786486,1016.4532120914487
283,2025-10-11,31177.010656480437,32078.306169662552,0.0,14525.821656857144,15834.40761457122,2488.205275606567,338.9707006130434,677.9414012260868,2149.2345749935234,0.0,17983.642189564747,1451.7131650365036,1850.92928326061,16246.718016159912,12800.547086687839,2452.706450925147,1168.3724591485657
284,2025-10-12,63300.37158986816,63371.94520110659,15.57100725318628,1133.700030925806,37466.63860077893,5119.21336821261,841.2946972976094,1682.589394595219,4277.918670915,72.93459797392454,41817.49186966785,1850.92928326061,1515.6097831748577,21266.567074620125,17527.706880519483,6441.989609284422,2547.6991533684795
285,2025-10-13,68248.74054152187,62568.49637778057,4.271556282989799,674.5416058889926,41504.23353694106,4711.711666682497,2431.339444522955,4862.678889045912,2280.37222215954,20.717047972500524,43805.3228070731,1515.6097831748577,2429.649396084477,21306.291455557435,16435.460427382863,11115.437691535468,4001.9100000837875
286,2025-10-14,69568.75153007504,64842.22497472887,350.3269907625488,856.815112023019,42673.95022347536,4640.551599814192,2631.541660459579,5263.083320919158,2009.0099393546125,1721.3426351337912,46404.30279796377,2429.649396084477,1950.2649475993908,21017.650388271817,17455.742818136743,14508.460770565385,4178.392193730976
287,2025-10-15,71880.35899099185,65943.23724547151,0.0,129.60290569595725,44336.51024963773,2690.0821135895612,2568.393657126132,5136.787314252264,121.68845646342925,0.0,44458.19870610115,1950.2649475993908,1785.5263805856139,21273.028421515617,17379.417731740054,10337.687605749667,3465.087694989319
288,2025-10-16,67283.21271531832,66996.8528614796,213.19535496928358,388.1297830234606,41404.60877577757,2088.972440600707,517.5724542692924,1035.1449085385848,1571.3999863314148,1354.399189623848,44330.407951732835,1785.5263805856139,1532.5613866951385,21490.07356803598,17634.628084610573,3829.13342885196,1213.8966011361945
289,2025-10-17,31001.429088324774,32048.042322290345,0.0,12917.632065273521,15961.504365768531,2023.5417168843173,252.263144604538,504.5262892090761,1771.2785722797792,0.0,17732.78293804831,1532.5613866951385,1612.6831881675328,16074.217468552637,12948.006528202479,2156.8749679492043,926.7770502326439
290,2025-10-18,33101.581281244224,31539.962139844676,0.0,12516.116674717086,17849.16509284387,354.6551892967598,759.1568677626015,1518.313735525203,-404.5016784658417,0.0,17444.663414378025,1612.6831881675328,1558.364691402045,15769.151818683482,12821.89962022256,2178.5127109777304,877.3752641948547
291,2025-10-19,69152.41975588075,68460.08611227921,0.0,258.39613754390405,42538.82902603781,4677.199163987902,1220.0947200932742,2440.1894401865484,3457.1044438946274,0.0,45995.93346993243,1558.364691402045,1752.6668233371613,21795.239592949278,17479.272151547313,7036.9281939416815,2779.1611080892417
292,2025-10-20,75895.23532938745,70309.20069750803,0.0,2065.7455065597824,47689.402295952226,597.3090724153017,2208.569373161162,4417.138746322323,-1611.2603007458592,0.0,46078.141995206366,1752.6668233371613,1452.6349468666435,21435.27112160558,17632.598297323988,6522.3807118789355,2407.672397299595
293,2025-10-21,75047.72537114998,72626.6471384486,0.0,1373.4487328997516,46639.31004419929,1211.2911998869902,1281.5622267845488,2563.1244535690976,-70.27102689755884,0.0,46569.03901730172,1452.6349468666435,2042.830312826023,22418.111716765303,17627.494661216453,5170.063990011532,1685.325960080212
294,2025-10-22,69737.98414654238,69994.16462923432,74.77823614770944,980.789303818032,43645.63468269779,1198.9826593143043,395.7392354755408,791.4784709510816,803.2434238387634,470.3010905951332,44919.179197131685,2042.830312826023,1478.6387686466408,21268.575006976025,17735.318145412028,2178.131040219925,795.4001219136421
295,2025-10-23,80381.8725831878,67910.58370762542,310.10370778739434,119.02396907333002,50149.29599864617,3537.6126142494936,4847.841712782435,9695.683425564868,-1310.22909853294,1492.9867064165965,50332.05360652983,1478.6387686466408,2039.5764894004355,22196.43402277755,17474.2676097714,18393.68041065937,6027.045917532265
296,2025-10-24,32985.06617628488,33340.08266504106,0.0,12210.00113865485,17597.90814921544,765.1786814482535,218.2761552620953,436.5523105241906,546.9025261861583,0.0,18144.810675401597,2039.5764894004355,1567.8684624627695,16497.72649454444,13787.695684824901,1163.9919225813728,473.3357157448464
297,2025-10-25,33112.99641713005,33714.715466863825,0.0,11247.84760821007,17388.49110412461,850.1521179193622,56.12554963363689,112.25109926727379,794.0265682857253,0.0,18182.517672410337,1567.8684624627695,1518.067257719573,16385.558997838398,13317.123872517974,877.5766788026046,339.50958894009096
298,2025-10-26,73940.3533848984,70693.41448982296,12.419498460598044,677.5733111849094,45785.471019761826,4101.348818071775,2254.45367779093,4508.9073555818595,1846.8951402808452,59.421090384731336,47691.787250427406,1518.067257719573,2783.8890849407326,22866.889557541734,17382.940897109766,10060.806977277723,3621.569950481521
299,2025-10-27,68553.34302197238,71393.07344117417,0.0,4688.376510868618,43108.279448776244,6511.002337036969,1175.8755605618694,2351.7511211237384,5335.126776475101,0.0,48443.40622525135,2783.8890849407326,1964.749824715702,20470.213672849583,17318.09840921069,11331.826580403647,3346.209672907526
300,2025-10-28,69560.43988641417,71010.89671685181,0.0,1165.6507035386257,42909.31566216257,6252.002722450494,1441.6621710468412,2883.3243420936833,4810.340551403651,0.0,47719.65621356622,1964.749824715702,1655.6422394311078,21847.47968457543,17974.655371262237,9370.296113727461,3525.66307853034
301,2025-10-29,77272.28095823397,75634.90815721727,0.0,1847.9293913133138,47678.066283285065,3193.391768956494,1079.3032946355033,2158.6065892710067,2114.088474320991,0.0,49792.154757606055,1655.6422394311078,1900.9995616575923,22388.94934684276,17914.2273809388,6443.120190490118,2143.7672176210012
302,2025-10-30,66532.56289053362,69127.55935898778,0.0,625.2773108982312,41413.233352944706,3791.786712675019,214.98408535677387,429.9681707135477,3576.802627318245,0.0,44990.035980262954,1900.9995616575923,1416.9538019251195,21842.660957098866,18128.19655900931,4357.26672417591,1478.91298958178
303,2025-10-31,36613.828507336846,35388.863643155964,0.0,7915.464224932988,19942.67038468532,155.16224322315017,604.6451656792594,1209.2903313585189,-449.48292245610924,0.0,19493.18746222921,1416.9538019251195,1744.7773360353779,17231.927215037307,13662.819863480992,1551.629703274343,656.3659134203095
304,2025-11-01,34327.42396834986,34668.457869360136,0.0,8554.072348413707,18340.26905641797,861.0851032312682,192.47528853397444,384.95057706794887,668.6098146972938,0.0,19008.87887111526,1744.7773360353779,2111.021940198298,17056.457599297264,13486.110511684165,1213.5768915793342,479.5036562777305
305,2025-11-02,72190.72588715033,74304.96491830471,501.98470854549254,2355.6619217519483,45052.239122922416,6377.472048978172,1729.025593433314,3458.0511868666276,4648.446455544859,3369.225415596548,53069.91099406382,2111.021940198298,1406.0657674339857,22575.601722383268,18920.69795061833,11620.592967579918,3854.8496097593716
306,2025-11-03,81800.6168732208,75790.10273262566,0.0,1204.294356335159,51419.91410573882,93.33547460821535,2107.542743180095,4215.085486360189,-2014.2072685718786,0.0,49405.706837166945,1406.0657674339857,2334.221575415733,22344.93613565054,17264.05804269336,6304.246196696015,2138.6545680495
307,2025-11-04,74787.84347548365,73527.98070668141,0.0,2180.3430327701617,46893.65474378795,4142.585658506211,1508.7223046703366,3017.444609340673,2633.8633538358745,0.0,49527.518097623826,2334.221575415733,2146.6738236756632,20717.676932336715,16950.1112917588,9410.125249028933,2889.584190839073
308,2025-11-05,82802.35909968831,74612.89191969697,0.0,1203.4156530051823,52672.43374535231,661.9692904824269,3121.9181806079096,6243.836361215819,-2459.9488901254826,0.0,50212.48485522682,2146.6738236756632,1727.6759946169009,21623.96971672633,17892.513516701205,9503.899910210534,3342.5746107687187
309,2025-11-06,76247.6713038981,77712.18912316421,75.07723619273759,2698.9354046847648,47595.22528774309,5700.420608277405,1241.8645794779954,2483.729158955991,4458.556028799409,513.1612494543157,52566.94256599681,1727.6759946169009,1326.3330182114175,21473.447807563814,17754.701402891624,8371.947799342777,3142.0047822371307
310,2025-11-07,34855.08681746561,35892.4305817233,0.0,8162.184555083485,18529.5034600992,1279.6452279439004,75.82986746612067,151.65973493224135,1203.81536047778,0.0,19733.31882057698,1326.3330182114175,2212.7165261389864,19021.25834827202,14609.474104965531,1430.756682400588,502.37827678075416
311,2025-11-08,35813.4520784205,35967.93982653425,0.0,9232.815522740028,19046.341489420836,411.98201067837607,96.25835820486668,192.51671640973336,315.7236524735094,0.0,19362.06514189435,2212.7165261389864,1976.279912020552,16614.263981583234,13670.346777789011,560.549852797804,233.58569509765871
312,2025-11-09,79029.64244124023,77049.33544909029,0.0,1459.9788384888084,49482.41220867527,1069.3166119948596,694.2599906364428,1388.5199812728858,375.0566213584166,0.0,49857.468830033686,1976.279912020552,2112.7158453002166,21682.879406928652,17440.339979660508,3717.7589952556486,1050.6988613013962
313,2025-11-10,80578.3497984534,80716.34842009131,179.38669673061736,3294.5303614244526,50615.67327814078,3942.8422999811373,1346.260267254278,2692.520534508556,2596.5820327268593,1251.4015963927866,54463.656907260425,2112.7158453002166,1699.1737514651732,21657.62915710009,17914.86750170261,7778.360390188776,2660.5410339146574
314,2025-11-11,83173.53092370956,78289.66846652026,2.0516666666667334,2744.660793663633,52814.08808131753,640.4785951427441,1989.2375758218543,3978.475151643708,-1348.7589806791098,8.98527416666696,51474.31437480509,1699.1737514651732,1626.4278665150396,21334.268259535595,17346.228586678953,6211.350168419319,2202.7304408694354
315,2025-11-12,79755.74754438204,78126.52822436395,0.0,2836.010905211325,49895.903703021635,4403.333269733711,1904.299189570853,3808.5983791417057,2499.034080162858,0.0,52394.93778318449,1626.4278665150396,1686.5563490978377,22528.49439383218,18193.964824679548,9900.29402316747,3372.0769461487566
316,2025-11-13,76666.87567043789,77958.09573450123,0.0,1181.4232762119273,48318.49304541089,3664.7511729863727,510.8063271912109,1021.6126543824219,3153.944845795161,0.0,51472.43789120605,1686.5563490978377,2069.5859719621867,21242.49726865645,16861.696127033818,5127.588821025721,1732.390051520002
317,2025-11-14,36734.95911179156,36181.459451158706,0.0,5604.613731548412,19839.360276449363,810.6510453646794,538.164917274191,1076.3298345483818,272.4861280904886,0.0,20111.846404539854,2069.5859719621867,1733.98585358083,17265.42382186065,14287.033402250354,1898.420505398732,808.3819323957509
318,2025-11-15,39827.102169534104,38355.07450472788,0.0,6900.739099372171,21142.919618615444,0.0,552.0664578689775,1104.132915737955,-552.0664578689775,0.0,20590.853160746465,1733.98585358083,1541.0834382838564,17979.266644506944,14736.818155817895,1472.0276648062156,552.0664578689775
319,2025-11-16,79049.68999259507,80895.85770786679,0.0,1763.3273073988257,49579.761599852354,5536.288844980027,1081.9448578110632,2163.8897156221265,4454.343987168963,0.0,54034.10558702131,1541.0834382838564,1831.049252179278,23352.719919098745,18654.733901964108,8171.906465092502,2927.3744728044057
320,2025-11-17,77125.18837530541,79343.98646354902,0.0,2439.6463719655835,48606.4382630347,7036.032415750731,1661.8432446395304,3323.686489279061,5374.189171111201,0.0,53980.62743414591,1831.049252179278,1738.7769117066578,22587.530866712936,18378.945108462838,11662.438918088988,4007.1873832231076
321,2025-11-18,80958.17189217656,79446.76008196962,356.4492960397841,254.3474148095222,50947.89346071503,2027.4762587970458,1214.5107233727044,2429.021446745409,812.9655354243414,1736.7553427277962,53497.61433886717,1738.7769117066578,1778.9056283041486,24327.33834173061,19669.028211864053,5083.982675003941,1890.3361429717195
322,2025-11-19,79132.33923914086,81680.34970516263,1.3850000000001046,2497.824122718617,49660.98924552537,8374.531050665704,1612.1282150186446,3224.256430037289,6762.402835647061,6.301057500000476,56429.69313867243,1778.9056283041486,1406.0835333304742,21848.09930484383,18032.500322399803,12711.665527761197,4403.638565240546
323,2025-11-20,79059.4962513611,80367.16097174119,0.0,893.2546436486555,49738.335072929156,3790.741344677202,894.1386757102571,1788.2773514205137,2896.602668966945,0.0,52634.93774189611,1406.0835333304742,1438.4739530176978,24482.520616003683,19801.69032124448,6239.099831303624,2157.719123935991
324,2025-11-21,35945.08249973961,37020.05917384957,0.0,4244.446700396454,19394.728711895976,2410.866524820138,515.3700631148897,1030.7401262297794,1895.4964617052478,0.0,21290.225173601226,1438.4739530176978,1884.095562538053,18474.57346430598,14563.34505751953,5364.710230074698,1318.9922380549356
325,2025-11-22,40622.19453555413,38464.8194588954,0.0,5013.782711362752,21399.40734049345,707.0313958095527,744.720157380478,1489.440314760956,-37.68876157092518,0.0,21361.718578922526,1884.095562538053,1563.1121559995324,18526.801737284157,15295.594473084839,3326.594618440099,980.3972893169955
326,2025-11-23,79880.3558344604,80541.918825138,0.0,787.2715689986527,50424.11457606689,4801.1050208819615,1324.2900644442366,2648.5801288884736,3476.814956437724,0.0,53900.92953250461,1563.1121559995324,1634.7747471628252,23463.44547767914,18940.894504873133,8011.310176953769,2924.658404738224
327,2025-11-24,78594.01536949615,78340.92331412366,242.89131480178654,386.2451873002573,49351.693537567335,2604.6086159987603,934.5284617484256,1869.0569234968514,1670.0801542503343,1276.1879708790516,52297.961662696725,1634.7747471628252,1200.0,23299.59481090391,19263.96906927871,4649.864157580148,1802.7313337480123
328,2025-11-25,91061.61355017438,82796.01065663497,0.0,1807.8106600638137,58352.96155072828,632.5068938814218,3224.679925554763,6449.359851109526,-2592.173031673341,0.0,55760.788519054935,1200.0,1621.647944853335,23368.717787034235,18549.178257129734,9238.84840471751,3435.5155568485707
329,2025-11-26,85761.49687057975,82814.8341140627,41.065483137908245,1596.7543949649187,54262.86167856627,1473.4003600172605,1540.4899280144741,3080.9798560289482,-67.08956799721363,286.4728103700479,54482.2449209391,1621.647944853335,1556.5364376229895,24000.414081103543,19498.93576220118,5402.7238863302255,2031.623381353561
330,2025-11-27,82484.59819001652,82022.55367972679,0.0,1681.873718916287,52055.93787531013,3090.36161780184,999.8555951186222,1999.7111902372446,2090.5060226832175,0.0,54146.44389799335,1556.5364376229895,1688.7322728391753,23372.689346224233,18812.90211874706,5950.202323640233,2029.9761343859022
331,2025-11-28,37042.79042968532,36398.10663057386,0.0,1971.8242012589048,20093.05492925875,720.0160729124441,511.59995013940716,1023.1999002788143,208.41612277303693,0.0,20301.471052031786,1688.7322728391753,1660.027080578763,18583.57132815437,15078.527448839412,2646.4819065006,751.6053077768885
332,2025-11-29,47793.02548307771,39708.05507828623,0.0,1312.840062414723,25368.541755762744,464.3644023744298,2325.570158088223,4651.140316176446,-1861.2057557137932,0.0,23507.336000048952,1660.027080578763,1602.171549689326,18514.920493010526,15049.15557713902,9030.356010557383,2480.3582922130327
333,2025-11-30,84667.39110753275,85972.6867775831,0.0,1219.2762979707977,53257.75428270594,4144.836061844583,792.5950783195473,1585.1901566390948,3352.240983525036,0.0,56609.995266230966,1602.171549689326,1335.0848714379995,24994.528280904447,20485.945917958794,5701.636707289475,2174.2070989344084
334,2025-12-01,89701.82538766706,92197.60400221564,897.8463046967303,1292.658831697077,57279.12252995005,6828.9168699609745,991.4587670788972,1982.9175341577943,5837.458102882078,4255.622249988454,67372.20288282058,1335.0848714379995,1911.9072915177608,26235.387177948265,20731.52343606631,7713.821170686262,3267.764390399222
335,2025-12-02,92809.02807783695,93814.09226445675,281.7729023569646,1049.5957058272436,59505.46083780077,6360.8836284214585,1323.9382016182158,2647.8764032364325,5036.945426803242,1418.0082174412498,65960.41448204526,1911.9072915177608,1516.6408575949802,25074.73316587881,20666.27365489234,8992.14849665439,3444.2327444253688
336,2025-12-03,82982.42646330869,93991.7252956531,0.0,1927.6955769778092,52902.185086078425,11504.440249736836,164.3970870063946,328.7941740127892,11340.04316273044,0.0,64242.22824880887,1516.6408575949802,1629.8645659387178,25259.89376052247,20358.612608513835,11588.923449712682,3999.2105035853388
337,2025-12-04,89316.69835298568,92261.97024150449,758.9299530289259,1445.3930929877467,58086.711222465725,8003.901856985292,1189.9727191130276,2379.945438226055,6813.929137872265,3698.280258040073,68598.92061837806,1629.8645659387178,1804.65865024872,24457.80881929829,19653.510467752618,9635.260744831345,3857.940004774792
338,2025-12-05,43252.52508789908,46876.49291439018,0.0,1734.7541009092429,23025.776885241088,5069.915988058261,385.39988293187855,770.7997658637571,4684.516105126383,0.0,27710.292990367467,1804.65865024872,1712.393198148795,20595.52651072391,16765.415380576298,7021.148173348678,2075.371878951299
339,2025-12-06,45795.5898094244,49216.44587717732,0.0,1745.6338234787104,24094.86308862285,4377.649412292609,198.32910264288356,396.6582052857671,4179.320309649725,0.0,28274.183398272577,1712.393198148795,1655.044514121668,20304.184487665094,16498.00325063314,4435.2344222340525,1657.5455734070865
340,2025-12-07,93873.7974686852,93483.98523267094,496.29939835493616,1495.8615653266595,59819.7655619454,4902.387109663483,1421.400370266536,2842.8007405330723,3480.9867393969466,2343.355459158197,65644.10776050054,1655.044514121668,1748.6098840626082,24987.015698696654,20155.273882997444,7908.834236665944,3055.5294068210305
341,2025-12-08,102254.319416593,97620.14206571711,0.0,5059.381606105818,65916.9414984006,2041.490603518059,1822.3055659765566,3644.611131953113,219.18503754150288,0.0,66136.1265359421,1748.6098840626082,2129.1455972567983,23005.616847736066,18292.067504791445,7503.249466032041,2502.8024338159094
342,2025-12-09,101076.90475479879,96025.26402513354,24.683107986221785,3827.357565398507,65391.36252896224,1763.372162195063,2124.7872906636508,4249.574581327302,-361.4151284685886,143.3718327379692,65173.319233231625,2129.1455972567983,2408.0542795783435,24121.67098402745,19287.535682972848,7133.786577334425,2712.5780113953388
343,2025-12-10,95733.74072790002,96085.95994408893,0.0,3696.8599295852914,61369.272593409754,4310.276296942308,1472.5306530168834,2945.061306033767,2837.745643925425,0.0,64207.018237335185,2408.0542795783435,1818.7302273556788,23851.964183354605,19850.482635517623,8121.582671685826,2909.28941866432
344,2025-12-11,99585.20742107829,94279.36515928883,0.0,3942.85825732277,64076.057374034746,1155.2395578383357,2163.305651481551,4326.611302963102,-1008.0660936432155,0.0,63067.99128039153,1818.7302273556788,1710.002002471844,23542.67160190276,19167.41939993669,6676.945940679061,2548.38550409433
345,2025-12-12,53470.608034899735,52753.093433409114,0.0,5539.600522734755,28243.449750143212,2502.508805131428,873.3658091173371,1746.7316182346742,1629.1429960140906,0.0,29872.592746157305,1710.002002471844,1699.5700642361676,18465.621956595493,14966.542529254459,6413.122851393633,1707.535410827813
346,2025-12-13,54549.21937746524,51662.30872397899,0.0,4194.679126441582,29011.648195704256,2815.6095254451793,1681.63583123605,3363.2716624721,1133.973694209129,0.0,30145.62188991339,1699.5700642361676,1825.4065010429726,18714.965374094467,15045.86915989039,8009.246925149332,2620.1723397177766
347,2025-12-14,94583.40894136,96705.64087153954,0.0,3055.4918530975,60276.5933161405,3552.1028495414494,412.55609855385995,825.1121971077198,3139.54675098759,0.0,63416.140067128086,1825.4065010429726,1909.104871478806,25242.624658156772,20371.197439714742,4071.211540252206,1596.590381734343
348,2025-12-15,95075.55641432405,98127.43563673142,0.0,3582.3498698029375,60805.67360180203,4609.395848581009,644.6653865949622,1289.3307731899245,3964.7304619860465,0.0,64770.40406378807,1909.104871478806,2222.436747826591,25229.100587098976,20153.57278683717,6260.972384403349,2181.1306694552986
349,2025-12-16,100074.85781250798,97956.93172440355,0.2538166666666939,4183.146780501702,65121.931360109935,464.0511438580178,1146.6541879501387,2293.308375900277,-682.6030440921204,1.3904077000001491,64440.71872371782,2222.436747826591,2048.9300044956485,23747.913138068652,19391.965710833458,3096.19019789729,1301.337902569478
350,2025-12-17,100122.82617787045,95414.52164434093,2.44443333333345,2795.9481430777228,64426.569270223394,2049.635912177807,2347.851124873873,4695.7022497477465,-298.2152126960664,13.390605800000637,64141.744663327336,2048.9300044956485,1928.1038520434956,23883.760027035856,19454.589159105977,6989.650664638002,3031.0630955998085
351,2025-12-18,94472.020052736,94185.28643388508,0.0,2368.3900339438846,60758.55374245492,3074.65163875031,899.5586016942594,1799.1172033885189,2175.093037056051,0.0,62933.64677951097,1928.1038520434956,1766.2787698008547,24190.90530154161,19740.275868267083,4943.710441438861,1924.4424812776963
352,2025-12-19,50767.335290486764,49275.81798356291,0.0,2798.035814347766,27126.71199512937,2959.7942713396897,1168.8891221488166,2337.778244297633,1790.905149190873,0.0,28917.617144320247,1766.2787698008547,1741.806821760728,18902.187486585593,15332.796617370444,6579.3283729521945,2155.48721259538
353,2025-12-20,53152.48636030346,49619.91490328722,0.0,2633.375314167007,28505.88685729821,1034.052921561432,1465.4184098061246,2930.836819612249,-431.36548824469264,0.0,28074.521369053517,1741.806821760728,1952.150726205769,20741.46223747199,16611.274898351774,4760.512254808555,1810.1027169932686
354,2025-12-21,97742.2025202542,97256.84317666567,12.010462284082905,3830.937298280476,62649.22665363077,2908.9380343320436,1127.0611692447146,2254.122338489429,1781.8768650873294,69.76277017709555,64500.866288895195,1952.150726205769,1734.222071215791,24190.896123650477,19790.76164964787,5113.066530958342,2096.7071806887293
355,2025-12-22,97173.99727184851,96196.54572408056,0.0,2700.041859880908,62672.879745021215,1274.8101807360395,785.0457528604084,1570.0915057208167,489.7644278756311,0.0,63162.64417289684,1734.222071215791,1715.6211819079906,24083.250427596482,19524.173646730178,3029.6827388862644,1209.9824797724214
356,2025-12-23,99966.49941509672,95520.78240432647,0.0,3334.2180936479945,64472.91869082429,2428.0395512159753,2377.7827432487848,4755.5654864975695,50.25680796719098,0.0,64523.17549879149,1715.6211819079906,2036.0484400066644,24421.511816086015,19493.040038740866,7065.580786519304,3187.1292603207767
357,2025-12-24,97851.26672148729,95304.09076391291,66.05695365525617,3073.7504126041176,63186.82543822582,1431.8091729724356,1428.8830045057248,2857.7660090114496,2.9261684667108057,383.7530310725713,63573.50463776509,2036.0484400066644,1890.9614925100534,24065.348637075447,19623.510648778058,4242.011758994372,1906.1527288298703
358,2025-12-25,93765.10081531809,95462.26304947215,0.0,3104.4528701620975,59691.6611629128,4011.9624087713655,654.1961769064211,1308.3923538128424,3357.766231864944,0.0,63049.42739477775,1890.9614925100534,1770.7183666405792,24492.528732943374,19947.167086966656,4891.169890651528,1991.51697983021
359,2025-12-26,51209.47681882181,49571.916469704796,0.0,2382.512263599609,27205.7222807535,188.9452375254386,600.0925218582086,1200.185043716417,-411.1472843327699,0.0,26794.574996420728,1770.7183666405792,2087.4770549483023,20508.941859446895,16327.160086675036,2055.1269196630064,663.0742677000214
360,2025-12-27,52074.0192501586,49966.56527494536,0.0,2731.894561928382,27343.54697096791,1596.3709319678455,942.4694755181297,1884.9389510362594,653.9014564497161,0.0,27997.448427417625,2087.4770549483023,2150.986792809063,20203.69938039798,16307.837734047673,4132.822964878,1474.5931195074113
361,2025-12-28,96005.5104496839,94460.454986988,74.67229878865464,3036.390616788238,61633.53145098618,2326.0364053609023,1346.3835648928687,2692.767129785738,979.652840468033,431.1314379206286,63044.31572937484,2150.986792809063,2302.797204594751,23962.381833585798,19272.899914597372,4713.482678111897,2121.7290333465025
362,2025-12-29,96471.02190898557,95237.15401574012,80.36917067831928,4113.946314530306,61615.08811921459,1419.7675738756814,1127.2734626217948,2254.5469252435896,292.49411125388633,529.0284816267326,62436.61071209521,2302.797204594751,1387.1950946979114,23704.486863834863,20024.676258613395,4265.857003736102,1600.529320580355
363,2025-12-30,97872.52892564918,95328.3628294901,228.9400597584531,4490.2351643068805,62580.46583262539,2139.7619694252244,1800.2787377720833,3600.5574755441667,339.48323165314105,1431.6988797984945,64351.647944077034,1387.1950946979114,1600.901935701826,24475.41562125341,19632.750496311743,6096.220046197932,2513.532727580492
364,2025-12-31,99042.15014475309,96807.21042651594,0.6610204710181051,3662.2719994538497,63365.43933111492,767.2024312758365,1069.042447704078,2138.0848954081566,-301.84001642824205,3.861351081452261,63067.46066576813,1600.901935701826,1393.2201763300038,24663.632092812753,20164.455578612968,3541.378441117704,1324.7765914626902
