day,date,G0,G,R,W,base,increase,cancel,refund,adjustment,emergency,total,S0,Send,C,D,absolute_adjustment,surcharge
0,2025-01-01,55701.850358288066,55701.850358288066,34716.10944554526,18.208766666666747,37824.86372097995,0.0,0.0,0.0,0.0,220573.20118972813,258398.06491070808,6000.0,2415.4427740740744,8372.01328333333,10007.432262833328,0.0,0.0
1,2025-01-02,98836.28155720164,98836.28155720164,1448.5162770000018,600.9022666666665,74191.66797113692,0.0,0.0,0.0,0.0,9550.977948960845,83742.64592009777,2415.4427740740744,4170.13795388889,27470.68757386831,20672.031273,0.0,0.0
2,2025-01-03,99396.21604282121,99396.21604282121,0.0,44805.67577002743,57951.39930147235,0.0,0.0,0.0,0.0,0.0,57951.39930147235,4170.13795388889,10800.0,16414.33191909008,7328.733012962964,0.0,0.0
3,2025-01-04,122183.87943648433,122183.87943648433,0.0,78949.21566790971,78998.65739801129,0.0,0.0,0.0,0.0,0.0,78998.65739801129,10800.0,8016.231362050589,5128.700926644308,6659.639524736358,0.0,0.0
4,2025-01-05,113751.14552765078,113751.14552765078,0.0,26174.15816330521,95381.10509274603,0.0,0.0,0.0,0.0,0.0,95381.10509274603,8016.231362050589,1233.6230244708836,13924.339832459646,17383.062768114054,0.0,0.0
5,2025-01-06,120659.58985372393,120659.58985372393,0.0,22076.890359347628,98313.14202992608,0.0,0.0,0.0,0.0,0.0,98313.14202992608,1233.6230244708836,5156.069193405574,23263.2465386057,15313.028144229404,0.0,0.0
6,2025-01-07,121022.8522784843,121022.8522784843,0.0,23894.830247573656,100400.27242445239,0.0,0.0,0.0,0.0,0.0,100400.27242445239,5156.069193405574,5925.991248403444,20358.90121796085,15797.780137050204,0.0,0.0
7,2025-01-08,122924.8141684196,122924.8141684196,0.0,30169.643102009562,101886.88986169416,0.0,0.0,0.0,0.0,0.0,101886.88986169416,5925.991248403444,5939.2160777876625,16932.98633314522,13703.816583401835,0.0,0.0
8,2025-01-09,124585.5712235458,124585.5712235458,0.0,29948.998301633517,103690.02186263556,0.0,0.0,0.0,0.0,0.0,103690.02186263556,5939.2160777876625,5929.272563869713,18705.084040904145,15160.067235658513,0.0,0.0
9,2025-01-10,125786.05699700954,125786.05699700954,0.0,73648.57946548652,80230.57324259948,0.0,0.0,0.0,0.0,0.0,80230.57324259948,5929.272563869713,10800.0,11911.348012310988,5264.537197454637,0.0,0.0
10,2025-01-11,112844.24058801107,112844.24058801107,0.0,68185.03785367822,72736.41660030372,0.0,0.0,0.0,0.0,0.0,72736.41660030372,10800.0,9069.417592592594,7109.685707015086,7316.369589348886,0.0,0.0
11,2025-01-12,98508.6352806484,98508.6352806484,0.0,10153.186994858183,80354.58478399788,0.0,0.0,0.0,0.0,0.0,80354.58478399788,9069.417592592594,3025.483377141778,15416.319366820902,17926.759481030662,0.0,0.0
12,2025-01-13,112817.60456610912,112817.60456610912,0.0,19696.500574603775,89472.87795027485,0.0,0.0,0.0,0.0,0.0,89472.87795027485,3025.483377141778,3772.5129622213217,21972.73893824788,17125.591913409196,0.0,0.0
13,2025-01-14,114486.44177227224,114486.44177227224,0.0,20782.955335964445,91646.82675865243,0.0,0.0,0.0,0.0,0.0,91646.82675865243,3772.5129622213217,4311.745051862727,20725.603275248417,16302.429772273948,0.0,0.0
14,2025-01-15,116006.42783512914,116006.42783512914,0.0,21843.771055757075,94238.35095406845,0.0,0.0,0.0,0.0,0.0,94238.35095406845,4311.745051862727,4698.820276922049,19704.979702554476,15612.66585651574,0.0,0.0
15,2025-01-16,117414.77040272643,117414.77040272643,0.0,24288.303760202394,95217.76303340249,0.0,0.0,0.0,0.0,0.0,95217.76303340249,4698.820276922049,5118.629866552977,19339.402957137972,15287.087764613927,0.0,0.0
16,2025-01-17,118579.6222623126,118579.6222623126,0.0,68245.13424629635,73879.4434600324,0.0,0.0,0.0,0.0,0.0,73879.4434600324,5118.629866552977,10800.0,13327.060153932998,5681.685604583412,0.0,0.0
17,2025-01-18,104633.52258715332,104633.52258715332,0.0,61256.70901795163,65763.1323683154,0.0,0.0,0.0,0.0,0.0,65763.1323683154,10800.0,9525.869388888888,6742.221592289581,6607.917039754559,0.0,0.0
18,2025-01-19,96533.79436705832,96533.79436705832,0.0,10539.708408044376,77646.12520382507,0.0,0.0,0.0,0.0,0.0,77646.12520382507,9525.869388888888,3153.5327331554804,16031.839381617592,18720.89288927032,0.0,0.0
19,2025-01-20,108700.18859076241,108700.18859076241,0.0,15985.085953078478,86080.95485557738,0.0,0.0,0.0,0.0,0.0,86080.95485557738,3153.5327331554804,3930.5042927305667,20782.903600349207,16134.877512665282,0.0,0.0
20,2025-01-21,110957.76550915313,110957.76550915313,0.0,23292.0658418766,86951.38712964635,0.0,0.0,0.0,0.0,0.0,86951.38712964635,3930.5042927305667,4661.523059662902,18588.83207212678,14399.037088183592,0.0,0.0
21,2025-01-22,111667.82606363935,111667.82606363935,0.0,19273.039739892854,89682.07654626005,0.0,0.0,0.0,0.0,0.0,89682.07654626005,4661.523059662902,4361.376298349108,19821.86338032763,16325.8414232478,0.0,0.0
22,2025-01-23,113945.42033496074,113945.42033496074,0.0,19674.693251915895,93160.44700890256,0.0,0.0,0.0,0.0,0.0,93160.44700890256,4361.376298349108,5430.903188764169,19695.933061427968,14991.131578383105,0.0,0.0
23,2025-01-24,115147.58396580767,115147.58396580767,0.0,68414.57403082695,69843.04450362455,0.0,0.0,0.0,0.0,0.0,69843.04450362455,5430.903188764169,10473.869287984115,12446.985766751499,5543.388981770766,0.0,0.0
24,2025-01-25,101497.32808343071,101497.32808343071,0.0,62786.29980054738,61582.73656937405,0.0,0.0,0.0,0.0,0.0,61582.73656937405,10473.869287984115,9303.083927322634,6974.524425326348,6703.0716091096765,0.0,0.0
25,2025-01-26,94230.86489128665,94230.86489128665,0.0,9136.876751907621,75165.09561644743,0.0,0.0,0.0,0.0,0.0,75165.09561644743,9303.083927322634,3051.279851590013,15903.272495816038,18508.27438977035,0.0,0.0
26,2025-01-27,106649.34318970847,106649.34318970847,0.0,17865.62029272591,82647.03245375137,0.0,0.0,0.0,0.0,0.0,82647.03245375137,3051.279851590013,3933.8872848289047,19970.839072285416,15382.03295863619,0.0,0.0
27,2025-01-28,108470.11034983698,108470.11034983698,0.0,17466.030240171272,84660.17981524723,0.0,0.0,0.0,0.0,0.0,84660.17981524723,3933.8872848289047,4019.6966495000797,20770.80165681574,16747.12091381669,0.0,0.0
28,2025-01-29,110821.66755317533,110821.66755317533,0.0,25191.706538412018,85714.12321689879,0.0,0.0,0.0,0.0,0.0,85714.12321689879,4019.6966495000797,4927.044684345266,18042.87754422443,13798.117579461124,0.0,0.0
29,2025-01-30,111128.73734296838,111128.73734296838,0.0,23510.317324791176,87003.83548101288,0.0,0.0,0.0,0.0,0.0,87003.83548101288,4927.044684345266,4955.657785415178,20263.607599373492,16387.770364529606,0.0,0.0
30,2025-01-31,112116.5285977003,112116.5285977003,0.0,65755.0445652841,68163.59626042392,0.0,0.0,0.0,0.0,0.0,68163.59626042392,4955.657785415178,10800.0,12301.331522578152,4704.1705401619665,0.0,0.0
31,2025-02-01,51803.34164107885,41006.455053950674,0.0,10613.21150334418,24970.762051628408,0.0,3171.5007349923635,6343.001469984727,-3171.5007349923635,0.0,21799.261316636042,10800.0,3577.61721361425,13237.958552738648,17222.890935465482,10796.886587128174,3171.5007349923635
32,2025-02-02,103182.1280305074,89931.76784437546,0.0,7098.435063791349,75838.01313526015,0.0,5670.743079594651,11341.486159189302,-5670.743079594651,0.0,70167.2700556655,3577.61721361425,4290.106068373401,20188.499270004613,15711.444439420506,13250.360186131948,5670.743079594651
33,2025-02-03,105606.02652819201,90776.10914454935,0.0,6793.096780504742,79481.22856139489,0.0,6634.030701161892,13268.061402323783,-6634.030701161892,0.0,72847.19786023299,4290.106068373401,4368.598237215868,19449.75216887579,15683.656304831173,14829.917383642658,6634.030701161892
34,2025-02-04,109270.94435979979,92662.8366116417,0.0,7421.083764935659,82760.77656680792,8.098151997357455,7220.431085920148,14440.862171840296,-7212.33293392279,0.0,75548.44363288513,4368.598237215868,4546.471029245665,20456.859915153804,16409.97101844776,16616.333188850163,7223.130469919267
35,2025-02-05,102845.00589696332,89566.74631673716,0.0,4888.142087334871,76557.04792366375,1255.0428192645804,6233.84106958151,12467.68213916302,-4978.79825031693,0.0,71578.24967334681,4546.471029245665,4170.380070477745,22466.626889263658,18536.44964319469,14759.834524392094,6652.1886760030375
36,2025-02-06,107010.92921461814,89544.44715293363,0.0,5362.906764048736,80739.25961419968,761.5442917339115,8169.567892598102,16339.135785196204,-7408.02360086419,0.0,73331.23601333548,4170.380070477745,3933.3253673813433,21704.38107897369,17793.89790675545,18732.762265398815,8423.415989842739
37,2025-02-07,57305.67055005507,47581.11388317214,0.0,12260.72564242036,27252.467238900957,0.0,3187.6919217065188,6375.3838434130375,-3187.6919217065188,0.0,24064.77531719444,3933.3253673813433,3919.4335671338963,18564.269443725334,15049.560869640225,9724.556666882934,3187.6919217065188
38,2025-02-08,46092.54903678699,42989.755999004294,0.0,8504.106562335654,21344.02821534165,19.38482062324673,1321.8306403143322,2643.6612806286644,-1302.4458196910855,0.0,20041.582395650563,3919.4335671338963,3533.804500513106,17134.48884189832,14226.002121896343,3191.2173535461716,1328.2922471887478
39,2025-02-09,96967.76762707398,88826.20501304281,0.0,4795.089859442498,71548.51959179153,201.93804647386307,3393.0031844246337,6786.006368849267,-3191.065137950771,0.0,68357.45445384076,3533.804500513106,4424.974956296757,19334.977772254562,14859.27858532091,8594.268616448757,3460.315866582588
40,2025-02-10,94231.24279505611,82273.83446244564,0.0,4263.399196609208,67706.3001756805,14.37570007874591,5063.091179879169,10126.182359758339,-5048.715479800424,0.0,62657.58469588007,4424.974956296757,4464.546137041373,19200.96642017338,15517.168737670288,11972.476016051252,5067.8830799054185
41,2025-02-11,94542.33744300195,82335.63166262364,0.0,3703.7238507192073,68630.30393244732,4.930488299027903,5542.030525808489,11084.061051616978,-5537.100037509461,0.0,63093.203894937855,4464.546137041373,4060.2479767761465,19869.363277946275,16458.052599375187,12222.810592722031,5543.674021908165
42,2025-02-12,92804.34822370225,81219.74852363137,0.0,2342.9136508317442,66345.88126171037,1484.166654459982,5450.339300774356,10900.678601548712,-3966.172646314374,0.0,62379.708615396,4060.2479767761465,3705.0486249014994,20683.04292712359,17072.944187657296,14058.210082483009,5945.061518927685
43,2025-02-13,87726.79493489434,78289.108685619,0.0,3559.2999399746336,60773.699833019804,804.7902476861088,3960.412161894413,7920.824323788826,-3155.6219142083046,0.0,57618.0779188115,3705.0486249014994,3206.4912470036575,20258.059837293433,16857.730108315736,10847.456568038822,4228.675577789783
44,2025-02-14,45672.98333811348,40278.511237593004,0.0,7227.154065135451,19538.28505785986,875.0606801453631,1456.1740263201896,2912.348052640379,-581.1133461748263,0.0,18957.17171168503,3206.4912470036575,2873.7229114366373,18679.19398842742,15429.638632636537,7115.861038185046,1747.8609197019773
45,2025-02-15,45135.21390602777,40529.03868033555,0.0,7958.482540640891,20223.440350436198,0.0,1229.0601501034728,2458.1203002069456,-1229.0601501034728,0.0,18994.380200332726,2873.7229114366373,2674.7893325511723,18260.554003639885,14970.088963945225,4606.175225692221,1229.0601501034728
46,2025-02-16,92878.95405004543,80943.25317537211,0.0,1720.0564046113652,66018.89289345714,0.0,5296.338921244772,10592.677842489544,-5296.338921244772,0.0,60722.553972212365,2674.7893325511723,2341.1897016676503,21821.354413452253,17975.53674269149,11935.700874673304,5296.338921244772
47,2025-02-17,93929.90843367524,78894.99340608667,0.0,2599.9699285516417,66426.58141966595,0.0,6317.817107127615,12635.63421425523,-6317.817107127615,0.0,60108.76431253833,2341.1897016676503,3628.448217326691,20803.30340408009,15692.143093211733,15034.915027588584,6317.817107127615
48,2025-02-18,83828.22089312717,78603.83673502508,0.0,2807.914541463651,58593.635684844296,81.16183942458618,1990.4389580743932,3980.8779161487864,-1909.277118649807,0.0,56684.358566194496,3628.448217326691,3957.201263931212,17940.29825412655,14235.76384389844,5432.571510736654,2017.4929045492552
49,2025-02-19,82716.11237583196,78610.29985223102,47.7231746608029,1356.2221290563746,57362.65784555307,473.5384364415504,1743.4260706616942,3486.8521413233884,-1269.8876342201438,258.8301382725606,56351.600349605484,3957.201263931212,4306.363273974544,21622.25108138482,17199.7775668827,4865.575706761394,1901.2722161422107
50,2025-02-20,85799.59404028364,77728.70946426585,66.51936057122884,2180.306873219174,59290.03137371449,1898.815400665212,3882.4103736999505,7764.820747399901,-1983.5949730347384,364.556542515345,57670.9929431951,4306.363273974544,4823.432464846978,21875.926034207274,17254.13781592271,10782.301918857152,4515.3488405883545
51,2025-02-21,37911.88467298567,36001.276547305526,0.0,9500.96556262296,16441.00817461715,615.1341473635858,833.6984330835672,1667.3968661671345,-218.5642857199814,0.0,16222.443888897167,4823.432464846978,2435.087051051866,16260.841177709639,15320.792226360405,2965.431647084856,1038.7431488714292
52,2025-02-22,42194.896414656476,37893.84975726546,0.0,6376.133363056147,18405.904793565416,214.39838496483338,1215.9038836595312,2431.8077673190623,-1001.5054986946977,0.0,17404.399294870716,2435.087051051866,2482.7518696385546,19105.553548147145,15432.600037271171,4599.086553408585,1287.3700119811424
53,2025-02-23,85328.24624618606,77021.71626802218,0.0,801.8685979814138,58600.448292823035,693.3298280928611,3623.3935275771255,7246.787055154251,-2930.0636994842644,0.0,55670.38459333877,2482.7518696385546,3028.9210018152944,22086.535619728256,17398.54163302082,9617.166553829138,3854.5034702747457
54,2025-02-24,82551.22737279537,74032.4670341746,77.71680000000015,1675.7327611535736,56600.905740195536,153.91000543632148,3566.008056499036,7132.016112998072,-3412.098051062714,396.4653396000008,53585.27302873282,3028.9210018152944,3307.1709142609884,20952.592290280187,16721.174833925823,9007.327996045107,3617.3113916444763
55,2025-02-25,85210.35171296308,71247.24877934699,31.095000000000027,2421.786468214668,57702.782648113796,70.18287469603702,5439.828591652831,10879.657183305662,-5369.645716956794,159.57954000000012,52492.716471157,3307.1709142609884,2668.9249269313386,18998.18666524049,15962.952587441487,14190.619461649118,5463.222883218177
56,2025-02-26,72535.50618972725,73854.76569348242,0.0,1323.667931041437,47419.36159557915,1613.3808127831535,55.57908530927482,111.15817061854963,1557.8017274738788,0.0,48977.16332305303,2668.9249269313386,2068.551862198124,22403.081512460754,18686.831783353104,1597.8595059828203,593.372689570326
57,2025-02-27,73029.137108817,71523.95971969998,844.1221631306917,836.047677396707,46589.91804360525,560.1199297741033,765.5998986520369,1531.1997973040739,-205.47996887793352,5505.642810077012,51890.08088480433,2068.551862198124,2293.0999253009277,23017.66709811287,18442.2170926789,2530.5354040960838,952.3065419100712
58,2025-02-28,33887.836811958965,33765.59326591803,0.0,7125.220070819256,13703.565263944614,470.56543358084014,189.6515961660133,379.3031923320266,280.91383741482684,0.0,13984.47910135944,2293.0999253009277,2091.3533012097264,18575.534772530846,15227.755127432069,1091.6404866503456,346.50674069295997
59,2025-03-01,37215.19465742013,35525.29321599775,0.0,8533.852773076018,14790.589808120738,967.6387499113125,489.68108575568186,979.3621715113637,477.9576641556306,0.0,15268.547472276367,2091.3533012097264,1958.1983598293123,18171.126088582972,14838.45157899458,3397.0348511909224,812.2273357261193
60,2025-03-02,81747.07938983347,77756.004648212,894.4986454383953,599.6498941411148,54281.67727631074,0.0,1954.9275820286718,3909.8551640573437,-1954.9275820286718,5398.007447796706,57724.75714207877,1958.1983598293123,2981.287383927159,25114.559006076553,19422.01267323394,3991.0747416214763,1954.9275820286718
61,2025-03-03,82265.92787011786,75330.89006216382,402.73943028051855,559.7374814904207,55783.73625278291,0.0,2831.418089359666,5662.836178719332,-2831.418089359666,2374.672879761893,55326.99104318514,2981.287383927159,1924.0596406220614,21622.370245237857,18465.62486761726,6935.037807954031,2831.418089359666
62,2025-03-04,74606.31603507776,72946.36461144115,417.33650600519445,502.41659716194135,48700.279339947585,6.098722952804819,707.8271585904617,1415.6543171809235,-701.728435637657,2346.0589326151617,50344.60983692508,1924.0596406220614,1200.0,22702.52770268907,19040.701115738,1683.7252559849403,709.8600662413967
63,2025-03-05,78441.90759752953,70178.89923828926,1402.3949466227825,1167.2483139655606,50345.70247202508,106.88549606627522,3304.8279105155334,6609.655821031067,-3197.942414449258,9119.866143165164,56267.626200740975,1200.0,1284.0499244618613,22146.994327706,17863.420473426184,8611.637832142611,3340.456409204292
64,2025-03-06,73913.2015149887,72465.27647231713,0.0,537.5427879678367,47188.53437999548,49.398538099399026,663.9498331516734,1327.8996663033467,-614.5512950522743,0.0,46573.983084943204,1284.0499244618613,2786.924705937146,24392.06446151688,18404.98491050092,1621.9782568847536,680.4160125181397
65,2025-03-07,33620.28467512333,31395.51125388015,135.06766721624564,8699.560492136734,13834.656466261975,0.0,726.0376153064278,1452.0752306128556,-726.0376153064278,568.144872836411,13676.763723791957,2786.924705937146,1279.963387075708,17184.20043474541,15275.467539119076,2224.773421243176,726.0376153064278
66,2025-03-08,31717.186142718747,32368.64070848959,0.0,9075.041686241853,12701.564057986867,1067.4556536915209,126.91723647799068,253.83447295598137,940.5384172135301,0.0,13642.102475200398,1279.963387075708,1841.5914677797496,19605.23280498653,15374.773299405453,1437.1016879286717,482.73578770849764
67,2025-03-09,72807.42934253946,68765.34488702397,0.0,1084.9950835918607,45669.85033241214,5720.590639287834,2942.621886326709,5885.243772653418,2777.9687529611247,0.0,48447.81908537326,1841.5914677797496,1917.1221894357482,22520.2479154827,18173.42316205059,13291.722834643828,4849.485432755988
68,2025-03-10,71057.13279342282,73422.58713732178,0.0,1058.5960471564663,45863.68909370376,3438.4012944051215,105.14551532408095,210.2910306481619,3333.2557790810406,0.0,49196.9448727848,1917.1221894357482,1918.7123102416595,22739.413323368408,18417.49368320308,3017.5031383313926,1251.2792801257883
69,2025-03-11,62745.45634085829,69750.25480130762,0.0,1455.2121471420037,39634.86454850012,9751.302396053068,1058.6032965118343,2117.2065930236686,8692.699099541234,0.0,48327.56364804135,1918.7123102416595,1991.6252197889096,22581.59071354263,18225.466859377007,12355.69963752545,4309.037428529524
70,2025-03-12,72139.87742241976,67660.0366806695,0.0,1279.6952632001958,44973.81842985247,5265.954625574912,2964.6448696115563,5929.2897392231125,2301.309755963356,0.0,47275.12818581583,1991.6252197889096,1718.5757140239787,22055.533101707435,18110.726367571457,12863.916783627337,4719.963078136527
71,2025-03-13,71882.90701655723,74513.93283173248,41.43985562570265,2246.591909430491,45206.8395171211,3870.484372880388,184.52787143648277,369.05574287296554,3685.956501443905,266.4997115288937,49159.2957300939,1718.5757140239787,2098.599056498332,23269.167121232134,18506.004359971106,3880.6957301910807,1474.6893290632788
72,2025-03-14,30301.238701657458,30908.602861542277,0.0,11228.126926838824,11677.416908296018,828.7553522228825,62.7704950419546,125.5409900839092,765.984857180928,0.0,12443.401765476945,2098.599056498332,2130.000055710002,19067.31080041904,15416.260849048918,1046.4301234893626,339.02227911624874
73,2025-03-15,30084.088227119075,30745.77814812963,4.9168767843763135,7271.762033992054,11974.021285733064,1108.3675943642731,149.04699487504396,298.0939897500879,959.3205994892292,11.923426202112559,12945.265311424406,2130.000055710002,1200.0,17851.620479268182,15296.81263834623,1858.2971368168314,518.502859663135
74,2025-03-16,69129.28713296753,70718.31405435655,72.33341541272,2464.0665859471424,42946.96054727822,4350.022118392323,960.0348396419839,1920.0696792839678,3389.987278750339,163.35195214928711,46500.29977817785,1200.0,1790.73233486831,23388.814995301713,18413.28104481291,6829.11909260273,2410.0422124394245
75,2025-03-17,65364.81595013651,63289.172550953255,247.6472648971679,1236.2442950868908,38932.856082432394,4233.321303155204,1483.951182176887,2967.902364353774,2749.3701209783167,1252.7163522278634,42934.942555638576,1790.73233486831,2040.0005338785083,22200.540570110617,17758.09648268042,9299.554980078754,2895.058283228622
76,2025-03-18,73428.76372283956,67210.48270687964,0.0,1893.6172161473137,45868.35830828916,2398.369760406081,2947.1787454982473,5894.357490996495,-548.808985092167,0.0,45319.54932319699,2040.0005338785083,1992.606986455118,22281.90166708804,18090.994543022367,9952.96700872784,3746.635332300274
77,2025-03-19,60356.25128528108,66899.80367346751,0.0,2776.1202120158073,36942.895301282515,6123.388091173154,8.236873657209557,16.473747314419114,6115.151217515945,0.0,43058.04651879846,1992.606986455118,2337.1423648083905,22884.900899651457,18226.68788819974,6607.602727667077,2049.366237381594
78,2025-03-20,69417.07425361472,67450.36625665778,201.86693652504658,792.787166743308,43005.44006858152,5917.482944958553,2482.230677169494,4964.461354338988,3435.2522677890593,1024.4338597820336,47465.12619615261,2337.1423648083905,2681.5227296498742,22844.95727060803,18194.473060835164,12486.881469717326,4454.724992155678
79,2025-03-21,28554.526840510283,29613.31837706976,0.0,15025.036641686878,11010.294854183212,1728.1757582694945,188.61080877674937,377.22161755349873,1539.5649494927452,0.0,12549.859803675958,2681.5227296498742,1763.9080144548227,17793.002433640868,15238.185214924652,2250.948895115467,764.6693948665809
80,2025-03-22,30831.550537613297,31332.021393649396,0.0,11525.999029589337,11982.36207365152,792.374396861444,65.57964001017679,131.15928002035358,726.7947568512673,0.0,12709.156830502787,1763.9080144548227,2224.4065013410054,18475.652592258724,14550.829961532,892.5881026941422,329.70443896399144
81,2025-03-23,69298.97098545845,64445.90567238684,27.8902643029852,2267.7537101391144,42174.286447540624,737.4814380357318,1823.8212854805834,3647.6425709611667,-1086.3398474448513,167.6706193584722,41255.617219454245,2224.4065013410054,1451.5156741955104,21746.96765428945,18310.645544405397,5791.70141567531,2069.6484314924937
82,2025-03-24,66924.39421329432,65538.42435482949,0.0,2758.8522610499676,40308.04711543561,3307.1822916736764,1269.3427124338216,2538.685424867643,2037.8395792398546,0.0,42345.886694675464,1451.5156741955104,1751.6130182242669,23742.038951685856,18960.963941239665,6762.98224533872,2371.7368096583805
83,2025-03-25,73431.32845491402,65528.80292774493,40.84038798278057,870.7463337198835,44975.15295472108,1704.5969809700955,3113.7931328970344,6227.586265794069,-1409.196151926939,215.59688084218826,43781.55368363634,1751.6130182242669,1274.584247482643,21989.990310571728,18241.218045230562,10589.601027638324,3681.992126553733
84,2025-03-26,63266.28078922579,60984.63886278651,0.0,977.1061889727736,38394.52575866815,1761.1837022104728,1225.6303953103923,2451.2607906207845,535.5533069000808,0.0,38930.07906556823,1274.584247482643,1513.8172405342268,22103.516386319243,17688.53857917217,5262.549485652416,1812.6916293805498
85,2025-03-27,67463.12050597042,64475.65958064,356.47813773283764,1064.2341028490869,40584.39881865128,2668.4280051708834,1838.984374643093,3677.968749286186,829.4436305277904,1868.69799659016,43282.540445769235,1513.8172405342268,2229.7107839647556,23192.684349664647,18141.770134140894,7400.1888369520475,2728.4603763667205
86,2025-03-28,29723.14965471065,29528.32583400987,0.0,15696.038714997929,11469.1738594429,354.03744159651114,166.7667173486935,333.533434697387,187.27072424781767,0.0,11656.444583690718,2229.7107839647556,1800.4184583495028,17877.733923152642,14867.327570807367,759.2739246210106,284.7791978808639
87,2025-03-29,28605.51468014244,28983.406616942855,0.0,18587.00454440914,11154.182343817905,497.89369022091216,48.29886735993357,96.59773471986713,449.5948228609785,0.0,11603.777166678883,1800.4184583495028,1442.8147894718168,15847.558901001565,13158.366011801183,688.501176577099,214.2634307669043
88,2025-03-30,65503.358372052804,60343.03746538618,79.18585844823795,399.45758746314596,38624.271042564884,359.02771867621794,1484.0291693206914,2968.0583386413828,-1125.0014506444734,390.0185211937779,37889.288113114184,1442.8147894718168,1690.0064024245712,23445.650445862077,18768.504409490808,5723.1804928076635,1603.7050755460973
89,2025-03-31,57183.497076977044,62036.90224930977,0.0,645.9219695538129,34777.11837336098,9133.654597691868,1854.231663562301,3708.463327124602,7279.422934129567,0.0,42056.54130749055,1690.0064024245712,1904.2204923351937,22351.56902896359,17911.978232540954,15234.69828930657,4898.783196126256
90,2025-04-01,70949.42365568673,65723.81584522576,0.0,1782.4084008115765,43634.731472227526,2824.169002800745,2535.0264280418196,5070.052856083639,289.14257475892555,0.0,43923.87404698645,1904.2204923351937,1742.1944611748813,20412.522925220033,16679.96699747251,10418.7607627851,3476.4160956420687
91,2025-04-02,66768.27570715574,65162.57217807557,66.83677335491006,1095.1219478211544,40634.86525004094,3512.414274062256,1528.2834950003926,3056.566990000785,1984.130779061863,409.30005251945704,43028.29608162226,1742.1944611748813,1551.815352234165,20369.96211397887,16671.010510369535,8639.701410572094,2699.0882530211447
92,2025-04-03,68444.76066971486,62472.10623113502,0.0,1540.6195780996056,41583.692988635645,808.9080268756172,2061.489361830535,4122.97872366107,-1252.581334954918,0.0,40331.111653680724,1551.815352234165,2298.5600186237757,23136.24308746365,18068.286701094905,7150.289812774637,2331.1253707890737
93,2025-04-04,26832.646705307423,27021.82636785096,0.0,18305.075260366328,10356.559036583112,373.8312541617063,64.08133709949384,128.16267419898767,309.7499170622125,0.0,10666.308953645326,2298.5600186237757,1696.1086248975573,14885.026904411765,12599.078046927129,584.4389247415346,188.6917551533959
94,2025-04-05,27538.941033680683,27694.12836828667,336.22014516544874,13381.022661672083,10679.619934426311,923.2486511589522,277.96146436425045,555.9229287285009,645.2871867947017,1397.7630988885655,12722.670220109578,1696.1086248975573,1318.798367182623,15498.895265211275,12893.684396764576,1739.9325112080655,585.7110147505678
95,2025-04-06,65111.04341861625,59608.72867269936,16.334341632647217,888.2614439782392,38319.575404001036,1209.1375513864962,1652.2348417309388,3304.4696834618776,-443.0972903444426,62.93621831058972,37939.414331967186,1318.798367182623,1498.422991671702,21921.384956036563,17594.659652349445,7305.395823490964,2055.280692193104
96,2025-04-07,57452.794483288635,57905.047937107665,0.0,463.08245575245496,33788.782668190965,4239.630451813011,1090.560933127826,2181.121866255652,3149.0695186851854,0.0,36937.85218687615,1498.422991671702,1332.6771222267384,22886.407792222897,18687.161594201018,7104.657429744374,2503.7710837321624
97,2025-04-08,67279.57096348025,59606.58374897435,374.27795531361085,1413.7490951437117,40179.35511904146,136.10349503059152,2385.7752574052893,4771.5505148105785,-2249.6717623746977,2389.633094309838,40319.31645097659,1332.6771222267384,1305.446488410215,22307.50822585506,18093.589233377472,7871.554771447511,2431.143089082153
98,2025-04-09,65155.66825532097,65162.12391166799,0.0,1634.8271704962722,39134.12896377137,822.7704845981527,242.82989513730777,485.65979027461555,579.9405894608451,0.0,39714.06955323221,1305.446488410215,1488.0355693560964,22256.08185080927,17863.09612630422,1584.1434674424456,517.0867233366921
99,2025-04-10,63024.05911018845,59891.382719621775,633.5229746534129,1061.0434740144715,37911.49715574409,1529.3006208225843,1767.7838180609106,3535.567636121821,-238.48319723832628,3732.87300231317,41405.886960818934,1488.0355693560964,2274.3707210212624,22608.01412506355,17604.78980480283,6251.358804978583,2277.550691668439
100,2025-04-11,26100.273987037854,26550.770453163852,331.45467025411665,19380.26825383012,9819.236250300153,1207.7080309304229,255.90278515512102,511.80557031024205,951.8052457753017,1447.9390398699948,12218.98053594545,2274.3707210212624,1205.9213619969787,16562.690137068632,14377.383434147448,2053.3400939135086,658.4721287985953
101,2025-04-12,29254.217719331748,28521.42682948531,0.0,15570.30064694897,10884.423399689123,291.00143909190854,279.59150934312686,559.1830186862537,11.409929748781678,0.0,10895.833329437904,1205.9213619969787,1901.273489388826,17369.203778335155,13443.238145798814,1310.124606376431,376.59198904042967
102,2025-04-13,58457.827883004706,57817.0841052507,595.6168397151946,459.4582266534792,34844.68835633794,799.5336610835475,464.6073318306326,929.2146636612651,334.9263292529149,3709.0978460086994,38888.71253159955,1901.273489388826,1441.7150165641285,21528.87821327006,17851.99397829098,2017.214171878728,731.1185521918151
103,2025-04-14,63575.66939034606,55228.17369703061,1357.2341125477203,25.52356622881871,37488.8562888133,117.98456120525162,2538.3555992471242,5076.7111984942485,-2420.3710380418725,8735.763099856367,43804.2483506278,1441.7150165641285,1621.6840079896094,20367.791321403034,16335.938878053523,8571.78385686825,2577.6837863155415
104,2025-04-15,56154.26106842306,56547.12710420547,0.0,1359.7581177825473,32901.577010466965,3535.5165246741826,942.5715085279708,1885.1430170559415,2592.945016146212,0.0,35494.52202661318,1621.6840079896094,2530.562815785955,22262.890663541526,17214.950510451927,7268.7512211772955,2121.0770167526985
105,2025-04-16,60281.44377449413,59578.793284259096,0.0,953.7799626236754,35981.327392076055,3710.4491447588125,1362.4218670621572,2724.8437341243143,2348.027277696655,0.0,38329.354669772714,2530.562815785955,1554.7887559495177,19597.989607832696,16752.568236197276,7763.129244954791,2599.2382486484275
106,2025-04-17,55215.76912265638,57410.50442942731,329.75837006274406,298.31221396153524,33394.28498954246,4448.927506918477,1061.0577851169767,2122.1155702339533,3387.8697218015,2154.6411899899695,38936.795901333935,1554.7887559495177,2277.7957781077,20646.852187295586,16073.243951767061,9148.833853513146,2544.0336207564687
107,2025-04-18,26374.43486142643,26898.09770956446,0.0,17728.837474498207,10004.870915225918,701.2047300803698,77.9703579422084,155.9407158844168,623.2343721381613,0.0,10628.105287364078,2277.7957781077,1975.6744768148599,16247.64327840251,13432.500226669588,1041.31419920007,311.7052679689983
108,2025-04-19,25550.88757161603,26482.878679278598,0.0,16933.23262848436,9535.995833928482,917.6186046426963,11.936890324069264,23.873780648138528,905.681714318627,0.0,10441.677548247108,1975.6744768148599,1678.8989950278929,15958.23544422369,13193.268643429456,1016.5584549878893,317.80975853830137
109,2025-04-20,55266.63968474307,57783.99551140032,231.7244885931915,1931.2937840086697,32913.02163218035,2760.0129919024403,134.9875248365512,269.9750496731024,2625.0254670658887,1170.342214658583,36708.38931390482,1678.8989950278929,1828.4908465504814,21010.7824541115,16884.101121459986,3421.2235393284573,1054.9918554706978
110,2025-04-21,60549.10253284962,54155.59489280388,0.0,1953.9667717685788,35359.5477126919,1416.7429609600545,2017.6288212781326,4035.257642556265,-600.8858603180784,0.0,34758.661852373814,1828.4908465504814,1705.319653698294,19976.693743520733,16291.976005818766,9294.8238570931,2489.876474931484
111,2025-04-22,53701.68780904077,56649.50409775207,0.0,721.3816665805309,32139.912867767613,5345.85030141877,982.2793049154553,1964.5586098309107,4363.570996503315,0.0,36503.48386427092,1705.319653698294,1593.415632363959,20399.50912476723,16624.31601026236,9031.473981198174,2764.229405388379
112,2025-04-23,53481.62472921831,57423.953283434064,0.0,1709.5500782865224,31927.155564480207,4562.623230015763,454.0176725748282,908.0353451496565,4108.605557440934,0.0,36035.76112192115,1593.415632363959,1948.8564534439738,21024.156576362417,16709.670087881543,6243.724258307206,1974.8920825800824
113,2025-04-24,55197.21395974335,55318.255481737564,0.0,3313.806484692717,32062.884184717284,2667.6315507802783,409.41022312075125,818.8204462415025,2258.221327659527,0.0,34321.10551237681,1948.8564534439738,2885.139765999036,21429.933240764698,16515.59094371985,3987.1391152688875,1298.6207400475107
114,2025-04-25,25478.47802588169,24917.629062644053,87.59971056244495,20833.67415472262,9361.996687324145,16.283859044514404,172.53995256172752,345.07990512345503,-156.25609351721312,161.5338662771485,9367.274460084078,2885.139765999036,1950.0,15856.96188359479,13685.764915110913,637.0547577852027,177.96790557656564
115,2025-04-26,25621.750385582032,26138.743006826426,99.01293066423187,23630.99542220186,9342.15007147421,492.8295674740024,22.14477682310706,44.28955364621412,470.68479065089525,211.1945811068066,10024.029443231912,1950.0,1200.0,16902.983589239295,14366.416707283832,661.2449962343767,186.42129931444117
116,2025-04-27,52984.95376720969,53428.68029842969,753.6815298673118,1709.964075716514,30588.890973583977,2113.6812793881045,314.2131047931207,628.4262095862414,1799.4681745949838,4871.790665810572,37260.14981398953,1200.0,1303.2431356203206,20031.619722046686,16132.693152799526,3818.5790302159367,1018.7735312558223
117,2025-04-28,66041.2959991431,63639.84932979977,0.0,2675.4676150493906,39150.033920563146,1831.9730806761827,1264.7651676632577,2529.5303353265153,567.207913012925,0.0,39717.241833576074,1303.2431356203206,1792.2845386917643,20538.300712207463,16195.886314123747,5383.041971830427,1875.4228612219854
118,2025-04-29,55543.594102397736,53078.08044547006,0.0,1934.5293620171778,31971.221960453848,1842.496035603096,783.3671774833535,1566.734354966707,1059.1288581197427,0.0,33030.35081857359,1792.2845386917643,1748.3527632422508,19736.189287846246,16025.85192106002,5205.896859639907,1397.5325226843856
119,2025-04-30,51909.44239875425,52589.657446330515,0.0,1174.3020969181784,30581.924293874385,730.0432046963454,88.35309022911181,176.70618045822363,641.6901144672336,0.0,31223.614408341622,1748.3527632422508,1212.2878399175293,19162.94393195397,16004.443015874967,1024.3168929096291,331.7008251278936
120,2025-05-01,54657.72041373329,54172.67186210421,2785.786955031877,1442.9930834408292,33478.75288854805,1054.1485796993927,614.0926359106745,1228.185271821349,440.0559437887182,13995.592633660894,47914.40146599767,1212.2878399175293,1922.852440426423,20339.88838545927,15835.801451764008,2320.9407347238816,965.4754958104722
121,2025-05-02,26909.254869413642,27326.251029724743,1663.01674879126,12207.732595011194,10680.49905609824,1161.5564146371103,266.555133691202,533.110267382404,895.0012809459082,6738.084373329215,18313.58471037336,1922.852440426423,1200.0,16535.696297659262,14044.481197487785,2074.5344805348777,653.7406052369054
122,2025-05-03,26826.562742319024,27493.099158956007,1614.8413931435339,17257.550675895156,10310.289268998758,677.986731112873,25.902557323693276,51.80511464738655,652.0841737891798,6514.625440990545,17476.998883778484,1200.0,1200.0,15701.14855897046,12717.930332766075,853.4695566746711,251.89813436131763
123,2025-05-04,58543.00074457732,55149.82237577137,910.8533640574483,691.9279271146921,35143.19805861275,3562.7024604842354,1664.2029941970934,3328.405988394187,1898.4994662871418,5364.377253378588,42406.074778278475,1200.0,1264.0494135857657,18823.347406071578,15189.266926690787,8260.412304898347,2851.7704810251716
124,2025-05-05,61471.06798713107,58491.266354627114,1729.0900333185575,1346.8876355553152,38190.33088152748,0.0,1485.6439411440049,2971.2878822880098,-1485.6439411440049,11160.496777188202,47865.18371757168,1264.0494135857657,1200.0,20290.033813776536,16492.571861386183,2979.801632503953,1485.6439411440049
125,2025-05-06,53038.753009617205,57087.45196098708,1383.4474200929646,1889.7161148807834,33415.09559134868,3910.523141870425,316.4756246590131,632.9512493180262,3594.047517211412,7107.943988238052,44117.087096798154,1200.0,1200.0,19532.109997539977,15821.00909800738,5877.346052973366,1619.9833386158216
126,2025-05-07,57427.515978473544,58679.106511448976,973.4057345968823,211.44548326604354,36373.718964608925,2584.125462205361,856.0140098729695,1712.028019745939,1728.1114523323915,6613.078341784014,44714.90875872533,1200.0,1672.5143244711985,20778.72589871447,16405.505085934645,4653.767885450375,1717.3891639414237
127,2025-05-08,65541.58124646268,63201.971388725826,82.43748333333338,687.3321865774076,39386.22957048127,5546.793979707067,1798.0178448727393,3596.0356897454785,3748.7761348343274,572.7872274833337,43707.79293279893,1672.5143244711985,4557.184960908165,21970.31954046573,15199.755254983975,11082.641750480398,3646.9491714417622
128,2025-05-09,25635.5923383217,28224.1786059219,0.0,17282.32020049905,10818.534401382127,3722.9507600377883,272.4412694575516,544.8825389151032,3450.509490580237,0.0,14269.043891962363,4557.184960908165,4117.306451141718,14938.753759013973,12496.281203591121,4190.74422873371,1513.4248561368145
129,2025-05-10,25836.65631473079,28154.238704589792,0.0,13694.877545532398,10993.832915939907,4203.385343765257,522.8800887443759,1045.7601774887519,3680.505255020881,0.0,14674.33817096079,4117.306451141718,3528.960540630846,15093.827343072886,12755.511467348822,5506.805028973217,1924.0085366661283
130,2025-05-11,60910.83179511617,59512.54758949863,22.473246256800962,566.4932913919091,37067.520032101,4835.825845457535,1267.5490465133337,2535.0980930266674,3568.2767989442013,149.6942933165512,40785.491124361746,3528.960540630846,3361.959200412178,19130.261406457885,15645.812945427697,8100.462336135011,2879.490994999179
131,2025-05-12,53921.370322690826,56875.74315088776,0.0,821.4909646608505,34907.96668568238,5030.853286538551,836.9747686079777,1673.9495372159554,4193.878517930573,0.0,39101.84520361295,3361.959200412178,4243.6199639986025,17524.01192455681,13400.954971663228,7162.432301413554,2513.925864120828
132,2025-05-13,63753.515390716755,59168.28322794649,0.0,1877.64051868561,39358.85602301141,2445.955672985819,1816.8008329317415,3633.601665863483,629.1548400540773,0.0,39988.01086306548,4243.6199639986025,4765.753613019718,19428.99820250117,15267.568259906951,9161.991510042808,2632.119390593681
133,2025-05-14,59729.155206209,57481.601478578144,0.0,1708.4810518904853,38081.98098386252,755.4435856380178,1111.5432240435068,2223.0864480870137,-356.09963840548903,0.0,37725.881345457026,4765.753613019718,4333.1565378083815,16570.04742655016,13811.075783195836,4151.8672192666045,1363.357752589513
134,2025-05-15,57763.5649738878,57203.20145985296,0.0,411.21019077437586,37782.00575897774,2642.913739481804,1409.2159218114089,2818.4318436228177,1233.6978176703951,0.0,39015.703576648135,4333.1565378083815,4549.958251893369,20167.428647730365,16140.495661985115,6037.319561972644,2290.1871683053437
135,2025-05-16,27661.588199178128,26561.15907497184,0.0,22225.703171558554,12741.980267535677,12.212314667039077,456.1128003375476,912.2256006750952,-443.9004856705085,0.0,12298.079781865166,4549.958251893369,3294.0619845379647,14475.031635262192,12855.082265182238,1130.4219151856933,460.1835718932272
136,2025-05-17,29226.813158928446,29039.149297768407,0.0,15068.039339547322,13164.87302517887,229.51142616721978,158.7739851931506,317.5479703863012,70.73744097406922,0.0,13235.610466152939,3294.0619845379647,3762.552645868501,16319.311998369853,12797.001123482096,642.7070652682587,235.2777939155572
137,2025-05-18,63270.47055618858,58570.06648447897,0.0,1157.5966770968694,39573.733660064456,1208.7541049224092,1770.6010932507065,3541.202186501413,-561.8469883282974,0.0,39011.88667173616,3762.552645868501,4153.624352133987,17812.300903911393,14075.999196529288,6489.608652919587,2173.519128224843
138,2025-05-19,57187.85556188556,55022.68531351895,51.76189842060876,4577.925028687926,35714.20922105366,1714.535841314579,890.2807461453057,1780.5614922906113,824.2550951692735,361.2204081282182,36899.68472435115,4153.624352133987,3913.840629727985,16826.899912721266,13845.594279469631,4905.067788840537,1461.7926932501653
139,2025-05-20,56870.03122119447,57978.74533588755,0.0,483.2691825652232,35774.43445277191,2400.9205542795835,424.5848267140393,849.1696534280786,1976.335727565544,0.0,37750.77018033745,3913.840629727985,3756.9112849847093,16364.830246971645,13396.74891031599,2907.121934009061,1224.8916781405671
140,2025-05-21,52860.48941860391,54817.99515663127,0.0,261.8580941509882,34684.29360126995,4861.766714236366,1140.2431259988539,2280.4862519977078,3721.523588237512,0.0,38405.817189507456,3756.9112849847093,3840.006970936229,16414.398219950435,13220.876440803484,8460.542508191178,2760.832030744309
141,2025-05-22,55618.60509485332,55389.23841078974,0.0,815.3371900406206,35384.70143530735,675.9355614310161,494.31395119244485,988.6279023848897,181.6216102385713,0.0,35566.32304554592,3840.006970936229,4307.173391032351,17562.21382103129,13804.943416948838,1656.2289003042642,719.6258050027836
142,2025-05-23,24855.721537757956,27463.93265061579,14.355942404541267,18632.530871415176,10182.733601105883,2883.217749725067,96.34992079187035,192.6998415837407,2786.8678289331965,25.84069632817428,12995.442126367254,4307.173391032351,3620.4685762155646,16014.964061089113,13590.155222817291,3215.0844557193413,1057.4225040335593
143,2025-05-24,25692.872353397473,27218.81719349001,123.16719071637493,20816.714478385562,11050.141297446526,2736.7679620575755,350.3436592555115,700.687318511023,2386.424302802064,237.22000931973812,13673.785609568327,3620.4685762155646,3622.0342523621666,14575.575862923946,11804.807340436459,3955.3758440902434,1262.599646608037
144,2025-05-25,56612.92000296984,56949.56289143712,0.0,5242.10948011919,33947.06816292825,3832.9202658639388,600.910965061832,1201.821930123664,3232.0093008021067,0.0,37179.077463730355,3622.0342523621666,3344.7885714651857,17957.70705679937,14795.263828814772,5002.002097165334,1878.5510536831453
145,2025-05-26,54825.864733532944,60119.41588444123,0.0,1629.3361436336645,33804.255460108216,5598.204429316553,294.6095881576141,589.2191763152282,5303.594841158938,0.0,39107.85030126715,3344.7885714651857,3481.148555583415,19934.330553164044,16024.083762356471,7151.157063960546,2160.677731263132
146,2025-05-27,52344.803937247794,56714.01764967438,0.0,3455.223742227502,32618.913336610793,6518.252647982723,775.0920405413492,1550.1840810826984,5743.160607441374,0.0,38362.073944052165,3481.148555583415,3574.890216288528,19916.100593748844,16047.673986301965,10637.467839950616,2947.8429232022563
147,2025-05-28,59508.57730243131,58074.473126154495,0.0,1935.1573781429652,36272.86195383989,3292.421050959295,966.663796557644,1933.327593115288,2325.7572544016507,0.0,38598.619208241544,3574.890216288528,3931.1613838474145,18657.092616887043,14791.600968875508,6203.996682418454,2064.137480210742
148,2025-05-29,57526.14237793647,60462.163521695344,11.682278960290205,3396.1075020291,35094.04112031318,6686.035252608237,924.660412312475,1849.32082462495,5761.374840295763,78.55164372899134,40933.96760433794,3931.1613838474145,3402.283101472439,18124.238172442216,15156.62337381568,10739.208210000974,3153.3388298485543
149,2025-05-30,25865.31728059205,28011.243144169428,0.0,18173.446722112374,11081.246267558134,2464.205706871009,58.833048403169,117.666096806338,2405.37265846784,0.0,13486.618926025973,3402.283101472439,3754.5629417813916,15392.164732170164,12150.601576779774,2552.8745425928855,880.2349506935052
150,2025-05-31,27922.418786990704,28747.715825466796,0.0,16972.935501052387,10917.737995288098,2527.990258936831,352.68260296728914,705.3652059345783,2175.3076559695423,0.0,13093.04565125764,3754.5629417813916,3552.261910776382,18777.208959573272,15391.61018515886,3573.064204415716,1195.3460226128996
151,2025-06-01,72215.90569993445,69084.41343462376,3967.20671087659,670.4889425300785,49442.76530467329,2909.5151655927366,2213.005396589307,4426.010793178614,696.5097690034299,24630.8111920771,74770.08626575382,3552.261910776382,1200.0,17228.108540363224,16071.803637392952,7791.0304013735,3182.8437851202193
152,2025-06-02,77261.23264542465,70634.30378409973,2566.325813605558,297.9266896632106,51559.45951591298,2962.2087789604784,3418.539798580852,6837.079597161704,-456.3310196203738,17332.953272275237,68436.08176856785,1200.0,1341.9020111879627,21758.861305120565,17496.96584707849,12758.5531025523,4405.942724901011
153,2025-06-03,71652.1207267406,71686.45006212375,1516.2759742716157,1010.4265657249351,47843.54198041369,5255.207977400177,1677.4965687204026,3354.993137440805,3577.7114086797746,10133.103664266326,61554.35705335979,1341.9020111879627,1602.5302188722856,19817.722370637963,15817.78973330086,9860.78674608183,3429.2325611871283
154,2025-06-04,82707.70211484944,73812.68220170209,103.33698838991515,234.29502032144615,55876.34657365744,7817.467229361333,5601.709017051143,11203.418034102286,2215.758212310191,676.1412155521225,58768.24600151976,1602.5302188722856,1276.1759767102137,22790.432479209303,18753.969126105407,22609.758256137542,8207.531426838254
155,2025-06-05,70665.02171706664,72885.8908984845,2361.0454001781104,145.1645866396641,46452.35071947919,6301.427030467401,524.7352456648912,1049.4704913297824,5776.69178480251,10770.881312472644,62999.92381675434,1276.1759767102137,1200.0,21163.22144418678,17210.76774883048,5990.066922961567,2625.2109224873584
156,2025-06-06,32045.242169322864,32550.95346164309,3413.4908874581606,2261.7277998008904,15126.252769549128,3172.767802171376,627.7348165707424,1255.4696331414848,2545.0329856006333,15745.243190793815,33416.52894594357,1200.0,1210.8088869506619,14936.80605813036,12089.084908829995,5112.2323982904045,1685.324083961201
157,2025-06-07,37107.66493207885,40116.95050884757,1082.9045709537263,6759.2583488104365,16262.67409972294,5232.943001609547,354.85716201471445,709.7143240294289,4878.085839594832,3542.5572605445286,24683.3171998623,1210.8088869506619,1638.7118050353909,15415.63651604179,12101.552951717596,6169.161189490119,2099.1714958845637
158,2025-06-08,76702.25733452864,73537.86490254992,0.0,1019.7524644142262,52071.149173672326,3897.829607764164,2071.0744048993884,4142.148809798777,1826.7552028647751,0.0,53897.9043765371,1638.7118050353909,5296.429030996192,21269.703516338537,13936.514344869503,9563.74302146399,3370.3509408207765
159,2025-06-09,83653.1613828052,77427.5849709184,0.0,1473.783753345522,59619.00015091177,1587.7283709385565,2533.22036086558,5066.44072173116,-945.4919899270235,0.0,58673.50816098475,5296.429030996192,6254.289162004386,21889.549296485166,16868.46081224561,8579.278241363372,3062.4631511784323
160,2025-06-10,76413.29603171904,77019.94321528092,0.0,1695.4616848189576,53938.94187188514,5618.570253582839,1205.047652786811,2410.095305573622,4413.522600796028,0.0,58352.46447268116,6254.289162004386,6130.16406600166,20093.420439637255,16387.383142508625,8307.462752673331,3077.9044039810906
161,2025-06-11,80444.29730279403,81524.4647942438,0.0,2450.308636605526,56950.820519854016,4651.359115406152,1211.0902550277071,2422.1805100554143,3440.268860378445,0.0,60391.089380232464,6130.16406600166,4819.064596252833,21945.786124976577,18956.07628400497,6656.117459915329,2761.543293496424
162,2025-06-12,79777.78382409757,79201.56821096383,0.0,1679.531974678058,55059.84769011913,6309.63104030783,1773.0601306373758,3546.1202612747516,4536.570909670454,0.0,59596.41859978959,4819.064596252833,5678.232123931435,22612.600147587873,17542.95534463544,9791.054567354095,3876.2704774066524
163,2025-06-13,34104.877928990405,37129.951038682884,0.0,6376.551797163907,17488.055567327327,5277.60406541465,442.27391630362655,884.5478326072531,4835.330149111023,0.0,22323.38571643835,5678.232123931435,5266.276633569526,14625.502541287868,12217.416999768891,6349.65927749242,2201.4752714418437
164,2025-06-14,35473.82703512872,36400.794976805875,0.0,7540.182086912534,18120.233562338857,4366.846198931412,751.1467669854244,1502.2935339708488,3615.6994319459877,0.0,21735.932994284845,5266.276633569526,4894.256113401523,15800.466358129179,13133.196218235837,6327.2796382012675,2206.7621666292284
165,2025-06-15,72168.9002476937,77611.47293041061,0.0,2746.527926216807,49666.71654348047,7118.711829479647,103.64181901362073,207.28363802724147,7015.070010466027,0.0,56681.78655394649,4894.256113401523,5255.064620903094,20596.01586373197,16358.045192871492,6038.702027777217,2476.545762173503
166,2025-06-16,77438.86020026912,79339.38396234778,0.0,2259.3632051355207,54132.1963336986,5367.50585623028,788.5880139849304,1577.1760279698608,4578.91784224535,0.0,58711.114175943956,5255.064620903094,5677.15224705661,21084.67935267069,16698.711412125092,5636.162280179799,2577.7566327283575
167,2025-06-17,78019.84890610634,80755.6380263528,0.0,2570.9576500896737,54578.198077015266,7568.383382448859,1199.7455226073953,2399.4910452147906,6368.637859841465,0.0,60946.83593685673,5677.15224705661,5063.82743058182,21577.16576012518,18029.496600528706,8646.536687125978,3722.5399834236814
168,2025-06-18,78942.48581839657,78251.83850522514,0.0,3497.3484858612032,55190.20285827032,8075.170782678739,2718.9195503620526,5437.839100724105,5356.251232316686,0.0,60546.454090587,5063.82743058182,5316.9287347015525,18938.462871874635,15112.363752510695,12381.323221693649,5410.643144588299
169,2025-06-19,73079.1890590465,75409.32129733762,14.888934471582502,3747.995807442624,49574.63292514319,11744.82947411476,2241.207417702975,4482.41483540595,9503.622056411787,104.59476466286708,59182.84974621784,5316.9287347015525,4888.625917308127,20011.488210635096,16594.777986268513,15892.11693052435,6156.150575741229
170,2025-06-20,32414.09292384028,35064.08847377103,0.0,9552.044265079438,16915.56357596263,3995.832043046178,305.17317241946967,610.3463448389393,3690.6588706267084,0.0,20606.222446589338,4888.625917308127,5147.870134888966,15148.124015099143,12036.660656407546,4298.583937516294,1637.1171867681956
171,2025-06-21,37486.72406264975,37978.42327980272,0.0,14864.166458120637,19486.704717567216,543.0714162520646,41.31940359832983,82.63880719665966,501.7520126537348,0.0,19988.456730220947,5147.870134888966,5854.406999570409,16545.438123519943,12765.921701837859,695.975003531596,222.34320901568472
172,2025-06-22,69913.80864809391,75138.18540238772,0.0,3977.743472422702,47504.51504394624,7723.027935927147,353.5880907867646,707.1761815735292,7369.439845140383,0.0,54873.95488908661,5854.406999570409,5266.505950869576,22274.79880945148,18571.697979486453,7467.339078179249,2927.9307360958137
173,2025-06-23,73271.28848737942,74070.10758339407,0.0,3330.5566751374067,50837.567080066845,3463.44868643964,924.099953785352,1848.199907570704,2539.3487326542877,0.0,53376.91581272113,5266.505950869576,5349.475132095121,18966.277079756237,15288.012171499564,5212.854942324956,2078.5828492652317
174,2025-06-24,84520.77909554963,85019.13000976405,0.0,3945.9832921453726,60546.367477602806,1831.2660653672165,484.423286923463,968.846573846926,1346.8427784437533,0.0,61893.21025604656,5349.475132095121,5927.221762727652,22549.381579207333,17745.027111588664,2677.557661393693,1094.8453087125351
175,2025-06-25,73377.69981895012,77495.66248133386,0.0,4211.34935045327,50431.25264566913,4787.002390043734,91.44276937908711,182.88553875817422,4695.559620664646,0.0,55126.81226633378,5927.221762727652,5332.373571240641,17801.342823959145,14954.45105974522,4650.05362260719,1687.1102327269984
176,2025-06-26,68984.68490922381,72868.71706900986,0.0,2669.410052705215,46902.25458243658,5734.8039124579145,321.8112598776131,643.6225197552262,5412.992652580302,0.0,52315.24723501688,5332.373571240641,4515.002855844653,17829.246456987952,15177.323274016639,5575.005952504321,2233.412564030251
177,2025-06-27,34645.72312732415,35145.22886107629,0.0,11702.794735630694,17205.85716904253,3566.1674581857587,898.7801009120465,1797.560201824093,2667.3873572737125,0.0,19873.24452631624,4515.002855844653,5289.3398184786965,15652.026275833168,11981.238017054235,6170.560551229354,2087.502586973966
178,2025-06-28,31889.516391722686,34777.902288490804,0.0,10516.596056848986,16049.919045504015,3850.141126272735,273.4083552342355,546.816710468471,3576.7327710385,0.0,19626.65181654251,5289.3398184786965,4902.816098713424,14906.586646125768,12422.206531150618,4565.017534488134,1556.7887306584807
179,2025-06-29,66887.26451256807,75664.22688533497,0.0,2541.960004645528,44680.22319997838,15904.484051541122,1179.9509800674355,2359.901960134871,14724.533071473688,0.0,59404.75627145207,4902.816098713424,4978.969256606583,19926.10792238032,16071.60957502422,15708.644685510399,6481.445663914476
180,2025-06-30,76595.46110488208,78569.75143173378,0.0,4493.6587965793115,52358.94116641237,3652.402082913701,438.5500417948823,877.1000835897646,3213.852041118819,0.0,55572.793207531184,4978.969256606583,5395.869209051954,20122.098392738408,15923.689740917278,4098.034583085908,1656.017402766116
181,2025-07-01,67006.35440221312,78896.81593055773,414.892277236947,220.00118729182407,50397.84216394207,13863.680918788836,0.0,0.0,13863.680918788836,3572.0515640390754,67833.57464676998,5395.869209051954,1646.658055084461,18944.489609159275,18719.32662198976,11890.461528344596,4621.226972929612
182,2025-07-02,66234.27995924042,76685.40862886843,390.5154397566509,515.9920967538483,51234.84386859358,10643.156111093369,38.74505654413244,77.49011308826488,10604.411054549237,2601.9556543429044,64441.21057748573,1646.658055084461,1755.9483608601897,18720.02278950749,15064.857184302913,10743.818367353111,3586.4637602419216
183,2025-07-03,74391.90616198172,82660.12250422181,1582.8775141322071,889.3784432593752,55616.89220072412,15249.577010235496,1328.4778058725365,2656.955611745073,13921.09920436296,5069.789056300102,74607.78046138718,1755.9483608601897,1292.8774092856786,21105.08683251774,17511.884190756427,14823.327572229591,6411.670142617702
184,2025-07-04,37249.25795148151,39412.81396241146,2271.9087321076486,10122.5345985822,21623.59337994257,3886.357463012846,534.0549884799582,1068.1099769599164,3352.302474532888,5985.813188747963,30961.709043223418,1292.8774092856786,1200.0,14552.159461196628,11870.838831926381,5339.769917511563,1829.507476150907
185,2025-07-05,40491.15335215587,41354.9436899787,1637.1466134982934,10754.673557113238,22779.786318815342,2085.3579207949124,363.43953266920505,726.8790653384101,1721.9183881257075,5168.170047979193,29669.874754920245,1200.0,1593.9105721213123,16277.985604146908,12830.64882444982,2823.888176228975,1058.5588396008425
186,2025-07-06,76553.94306361023,84052.99827968738,683.8462001185476,968.6376275516884,57991.16656339143,9668.615082408229,683.2126272151263,1366.4252544302526,8985.402455193102,5717.686993718793,72694.25601230332,1593.9105721213123,1291.5202529520725,22349.350471087164,18375.12516883292,10825.56041471782,3906.0843213512026
187,2025-07-07,81883.64492280417,79857.50650922113,10.211616636323924,1473.9307517981906,60073.10234801019,5792.5858113231125,2233.9097871160084,4467.819574232017,3558.676024207104,86.0532933943017,63717.831665611586,1291.5202529520725,2358.252181104915,21180.241431868657,16195.936824476057,10783.316631580677,4164.771724223712
188,2025-07-08,99866.38319887675,89171.99523470749,0.0,5978.274721666213,74784.00270517667,1272.3322815868871,3965.4937156259793,7930.987431251959,-2693.1614340390925,0.0,72090.84127113759,2358.252181104915,5840.1187069413545,23624.492753272745,16002.15925689813,12137.42307691711,4389.604476154942
189,2025-07-09,94854.38960201008,83645.27098766027,0.0,6110.144956091051,71293.88673850344,1097.1573933470704,4158.430655047649,8316.861310095299,-3061.2732617005786,0.0,68232.61347680286,5840.1187069413545,5630.915819723335,19287.808491572472,15811.40747666992,12602.761676946257,4524.14978616334
190,2025-07-10,86590.91222004764,81260.09695030664,0.0,5309.54610653348,65921.01899412213,2215.227496726541,2264.411158398182,4528.822316796364,-49.18366167164095,0.0,65871.8353324505,5630.915819723335,5087.707160231038,18872.7118630679,15775.784402628065,7956.8013665757335,3002.820323973696
191,2025-07-11,52860.2683508775,48566.70320747047,0.0,13227.311873010998,31953.788273274593,670.8200985532442,1462.3290974861613,2924.6581949723227,-791.5089989329172,0.0,31162.279274341676,5087.707160231038,5416.905893337887,13285.975392964767,10465.361208505296,5247.099974751372,1685.9357970039096
192,2025-07-12,48086.29884841245,48360.263827752875,0.0,14582.77599662964,28491.16216063545,1489.0885402959698,507.958861309842,1015.917722619684,981.1296789861277,0.0,29472.291839621575,5416.905893337887,5051.318210186952,15906.7021717145,13213.45767392459,2269.162842264465,1004.3217080751654
193,2025-07-13,91811.96928739295,78075.84864066809,0.0,5004.116999041233,68186.6657470211,623.3816642843819,4912.0798273996825,9824.159654799365,-4288.6981631153,0.0,63897.9675839058,5051.318210186952,5282.331069780916,18926.840357854126,15122.829116227267,14481.505874623246,5119.8737154944765
194,2025-07-14,92106.51115391648,82572.82418334536,0.0,6501.593450928325,67496.30184783679,1362.1323939398553,3263.6823081839784,6527.364616367957,-1901.549914244123,0.0,65594.75193359268,5282.331069780916,5688.307124099883,20516.70035191218,16253.148836161798,11408.074576327364,3717.726439497263
195,2025-07-15,94195.94111032055,81730.9851637899,0.0,4948.804301515171,70327.2051467103,879.2814396333631,4485.892635426928,8971.785270853856,-3606.6111957935645,0.0,66720.59395091674,5688.307124099883,6153.836923474254,19021.86031318139,14988.730034239994,13509.480433646033,4778.986448638048
196,2025-07-16,87649.55047918536,79749.6715886486,0.0,4999.62348935083,67131.62991126097,913.064127722128,3069.8678332942527,6139.735666588505,-2156.8037055721247,0.0,64974.82620568885,6153.836923474254,5507.7454082438235,16826.142524588595,14210.65780862415,8827.22339013711,3374.2225425349625
197,2025-07-17,85299.90778174411,80455.50449319661,0.0,4090.8780014775193,63738.4934060942,3952.0877323503682,2608.979675987768,5217.959351975536,1343.1080563626,0.0,65081.6014624568,5507.7454082438235,5288.601371703794,20218.105568097115,16573.89514304469,10831.825919698786,3926.3422534378915
198,2025-07-18,53876.065813846915,46993.190409597606,0.0,12763.195691883673,31180.75421853598,591.5302819817441,2163.555291764301,4327.110583528602,-1572.0250097825565,0.0,29608.72920875343,5288.601371703794,5396.7052551502675,15044.490119011094,12088.743501297156,7812.007704926669,2360.7320524248826
199,2025-07-19,50711.80242406993,47687.74302631148,0.0,17318.76171031855,29823.609582553858,883.3496357503132,1112.3486582266569,2224.6973164533138,-228.99902247634373,0.0,29594.61056007751,5396.7052551502675,5334.467360289749,17064.08616509158,13877.923899098647,4481.134451337479,1406.7985368100944
200,2025-07-20,90118.19783115352,81391.03260871637,0.0,5498.144495655611,66260.16687159633,1263.3672021179525,3167.196574423769,6334.393148847538,-1903.8293723058168,0.0,64356.337499290516,5334.467360289749,5586.105249686454,18823.346294405655,15020.436398011554,10200.97219707106,3588.3189751297537
201,2025-07-21,94888.81493094578,85602.25486749416,0.0,7099.948265144527,72440.9602088006,1507.3847277452999,3659.04170972637,7318.08341945274,-2151.65698198107,0.0,70289.30322681954,5586.105249686454,6604.43013548785,18926.657132254644,14414.099879905003,11293.077662019006,4161.50328564147
202,2025-07-22,88845.56334608016,83885.38972450481,0.0,7417.133874839495,66740.62200624935,6127.1781995299525,3745.3900890583286,7490.780178116657,2381.7881104716243,0.0,69122.41011672097,6604.43013548785,5510.450651759763,19251.014570283856,16577.903337285206,13943.540045711783,5787.78282223498
203,2025-07-23,99139.47442573705,83886.19841772829,0.0,5878.797094819572,74400.28156467286,2825.96694429456,6091.489081308553,12182.978162617106,-3265.5221370139934,0.0,71134.75942765886,5510.450651759763,5604.0960468992635,19508.280792718466,15717.42658647641,19602.07630671515,7033.478062740072
204,2025-07-24,95811.02581352208,81655.1727343056,0.0,4688.562017956709,72760.3684513635,983.5082106396555,5480.044036755307,10960.088073510615,-4496.535826115652,0.0,68263.83262524784,5604.0960468992635,5482.3496866097175,18209.002318997304,14858.863602648413,15346.99820465265,5807.880106968525
205,2025-07-25,47403.70024972795,46091.687292109185,0.0,16885.54930683446,28083.234305177823,704.0889887467981,778.5260291005941,1557.0520582011882,-74.43704035379596,0.0,28008.797264824025,5482.3496866097175,5347.408240051136,14854.030107951512,12153.211689343447,2441.6114617286526,1013.2223586828602
206,2025-07-26,48670.73014233433,46902.72619295514,0.0,15372.510428997932,28116.550638886863,1152.7474330287864,854.660232152573,1709.320464305146,298.0872008762133,0.0,28414.637839763076,5347.408240051136,5212.625152630243,16749.626189312345,13688.5019920218,3566.248886236035,1238.9093764955019
207,2025-07-27,87318.20284918812,80642.75831178142,0.0,3611.725913244868,64533.807823872565,3095.8029137635885,3054.003845428975,6108.00769085795,41.79906833461337,0.0,64575.60689220717,5212.625152630243,4765.132864964537,19729.398197029965,16383.555598493407,10937.171870315211,4085.9381500168383
208,2025-07-28,94716.19941666449,88399.3745364531,0.0,5320.497935050526,70940.84265351894,2768.1856747032407,3103.7269904364875,6207.453980872975,-335.54131573324685,0.0,70605.30133778568,4765.132864964537,5828.236175132299,21932.665204833036,16808.66583676378,9679.961995269425,4026.4555486709005
209,2025-07-29,91235.9252946793,87077.16367215916,0.0,6971.248675085212,68101.15103224732,690.4071379920294,1582.6763797735634,3165.352759547127,-892.2692417815342,0.0,67208.88179046579,5828.236175132299,6032.80557651153,20276.613609645538,16239.944562571583,4980.835627294826,1812.812092437573
210,2025-07-30,81693.16436726929,83258.1060701695,0.0,5850.904862692425,62393.59030508658,4991.454129970885,868.9084065065028,1737.8168130130057,4122.545723464382,0.0,66516.13602855096,6032.80557651153,5912.3304307428425,17959.867308783603,14655.920151306533,6049.513085886138,2532.726449830131
211,2025-07-31,84765.19642079926,83206.68088831802,0.0,5352.946489721711,62851.526803189605,2443.69197963831,993.9686856561146,1987.9373713122293,1449.7232939821954,0.0,64301.250097171804,5912.3304307428425,5120.661985936122,20374.945959240536,17216.207827310885,5256.940886309606,1808.5326788688847
212,2025-08-01,48149.96275907144,44859.805631325165,0.0,20965.51231760139,28833.294255947963,34.78383420347736,1403.2146573376826,2806.4293146753653,-1368.4308231342052,0.0,27464.863432813756,5120.661985936122,4873.334770601712,15081.72705714779,12438.79341009068,3321.331396601355,1414.8092687388416
213,2025-08-02,46583.106695297654,43922.42681686705,0.0,20643.683767088536,26743.778679968345,2876.843670717678,2045.1280267376244,4090.256053475249,831.7156439800533,0.0,27575.4943239484,4873.334770601712,4075.8617873365547,16154.967375704358,13803.249259259177,6028.641453171989,3004.0759169768507
214,2025-08-03,65515.206857450816,64301.8921112216,856.907147516883,298.090888362594,47425.895473923454,8291.326509235507,2560.9724312159474,5121.944862431895,5730.354078019559,5570.766147223401,58727.01569916641,4075.8617873365547,2507.8154701675644,18065.63196049817,16044.403573455616,11484.650986258459,5324.747934294451
215,2025-08-04,74089.69743337593,69927.26174267719,0.0,1523.70216995999,54994.25690144744,443.2173298669247,1761.2567194213852,3522.5134388427705,-1318.0393895544607,0.0,53676.21751189298,2507.8154701675644,1965.3817854237711,18295.235819227753,15307.331329843893,4874.249047957015,1908.9958293770267
216,2025-08-05,73246.12155202145,70787.27423807516,53.647055154550344,2562.4485582202487,53906.452607496125,902.8734427819147,1634.4412990482672,3268.8825980965344,-731.5678562663525,444.3612553403397,53619.24600657011,1965.3817854237711,1251.1869641743597,19836.517583161003,16710.354581484884,4568.726898184727,1935.3991133089053
217,2025-08-06,79815.3467323969,73472.20154190552,0.0,1125.9064869443546,59144.343612716155,2812.4804400511093,3284.9893629903145,6569.978725980629,-472.50892293920515,0.0,58671.83468977695,1251.1869641743597,1575.65409737746,20736.18614953537,16504.29036124085,9922.021189915746,4222.482843007351
218,2025-08-07,77302.6327826461,68761.59244852264,450.6614197522423,2185.1083715980194,54385.04710556955,1578.3708539221236,2537.0642557296533,5074.1285114593065,-958.6934018075299,1738.1373314669722,55164.491035228995,1575.65409737746,1338.2168261708305,20278.177846120227,16639.01759944336,10375.292382823543,3063.1878737036945
219,2025-08-08,42589.89676713213,41447.82731712701,0.0,22404.1276274002,23154.802945640306,0.0,451.7005318372187,903.4010636744374,-451.7005318372187,0.0,22703.102413803084,1338.2168261708305,1756.669802885728,15220.635582544206,11952.1071428174,1142.0694500051168,451.7005318372187
220,2025-08-09,41019.82074512176,40433.644524857955,0.0,18643.989739491386,22501.18658420931,319.5353355146692,319.47300571092245,638.9460114218449,0.06232980374682029,0.0,22501.248914013056,1756.669802885728,1380.8123042558036,16873.67123228161,14005.945446915037,1256.033845920184,425.98478421581217
221,2025-08-10,71460.95294304352,70299.42839184457,148.787543261535,827.17717919734,53681.57445549915,2853.748984422557,1489.5683020985678,2979.1366041971355,1364.180682323989,812.4547288636676,55858.209866686804,1380.8123042558036,2157.4294786541896,19039.285520790596,14722.865814881832,6150.804621406309,2440.8179635727533
222,2025-08-11,73028.5896123663,70708.49845984562,218.7066462434093,2213.0388100370637,51623.57026856947,1950.1120935327833,1125.5611019738235,2251.122203947647,824.55099155896,1885.4915549328696,54333.6128150613,2157.4294786541896,2124.829987269495,22011.855289288727,17858.94232657009,4343.542380153401,1775.5984664847513
223,2025-08-12,76584.66202610028,72232.107721451,116.77483464939507,881.6097069787922,55989.58376781031,2235.705920086865,2169.3210542807174,4338.642108561435,66.38486580614699,971.2083142928592,57027.17694790933,2124.829987269495,2189.83499758632,19201.18257808665,15494.453378965052,6707.676854073034,2914.556360976339
224,2025-08-13,67633.62752836937,71886.31219965695,40.939915661092755,1903.289095083564,49866.02856795113,4436.607788862691,63.646437906305756,127.29287581261151,4372.961350956385,336.62845652333516,54575.618375430844,2189.83499758632,2516.0655266209524,18996.71628475432,15093.732714519832,4528.167911797447,1542.5157008605363
225,2025-08-14,68734.95487323363,70291.25314097296,444.2135815798764,1651.350161077979,50855.489416479744,4737.321140958302,1411.8451525390624,2823.6903050781248,3325.47598841924,3287.970886104585,57468.93629100357,2516.0655266209524,1748.1097292766358,20257.819977639072,17099.994399497537,7749.778465334595,2990.952199525163
226,2025-08-15,41609.03122437437,39818.11969260375,72.51065578181678,20286.224453778595,23486.70358416419,716.1859534101495,1085.2401046677744,2170.480209335549,-369.0541512576249,410.74336195182826,23528.392794858388,1748.1097292766358,1332.4310000345183,14835.736145218665,12391.057133945022,2809.7692431816713,1323.968755804491
227,2025-08-16,42203.94127398228,40124.964873016346,201.47886842864023,19807.471215032103,23669.252626112262,1206.7044029317954,1207.1484638390693,2414.2969276781387,-0.44406090727397896,1140.7915725357152,24809.6001377407,1332.4310000345183,1649.9268717449675,17389.188816877988,13799.496657131767,4730.523862640717,1609.3832648163343
228,2025-08-17,72602.3637999747,69387.05233243445,929.1620099257437,3380.1918694703413,50839.19033813714,2207.343237940927,1272.7706092906155,2545.541218581231,934.5726286503113,6451.307114966348,58225.0700817538,1649.9268717449675,1454.387724278739,20771.65309969885,17001.024243475673,6199.269110838456,2008.5516886042578
229,2025-08-18,73344.96241127502,72240.53661103616,489.2672167627999,3960.0794055595507,53547.31608365773,1685.4756551428945,1187.7231167564419,2375.4462335128837,497.75253838645267,3087.621148400974,57132.689770445155,1454.387724278739,1968.1656667708912,20595.835038577952,16220.226233005205,4272.97260900637,1749.5483351374069
230,2025-08-19,72260.77804941649,69519.2103264739,94.11069922221648,2035.8712737277972,53040.20585278977,763.500283779934,1273.9474134156362,2547.8948268312724,-510.44712963570237,675.268258093657,53205.02698124772,1968.1656667708912,1480.3757399950225,19467.371768771554,16207.582066803245,4309.301001426917,1528.4475080089474
231,2025-08-20,80127.02828088045,73720.5162382015,1442.1780717685683,652.4426007480442,57175.303146247184,766.2182806698186,2346.0845325962546,4692.169065192509,-1579.8662519264362,11292.139056196136,66887.57595051688,1480.3757399950225,1200.0,21641.57267658358,17782.012034028216,7391.113200794961,2601.490626152861
232,2025-08-21,74341.48836841527,70557.52077280713,45.34567984339503,857.4927715727634,53117.899342422956,1939.8378411185208,1406.4387359268774,2812.8774718537547,533.3991051916432,183.07043310222838,53834.36888071683,1200.0,1326.3177925885554,19932.995707445923,16032.040509701495,6931.667789469622,2053.051349633051
233,2025-08-22,41758.23468736331,40939.6248124572,120.62317420835694,16795.661733390767,23615.246511656653,1137.5378189708586,738.9855725507366,1477.9711451014732,398.55224642012195,251.9546932318063,24265.75345130858,1326.3177925885554,1517.749089706823,15061.72992562291,12027.713072348119,3035.232451255698,1118.164845541023
234,2025-08-23,39289.30070001382,40480.44680297483,0.0,14993.788740162789,21390.468289675628,1296.4607886546953,38.22890865951567,76.45781731903134,1258.2318799951795,0.0,22648.700169670807,1517.749089706823,1618.5714054196342,15083.746466686885,12127.09455387485,1351.9970948848022,470.38250487774746
235,2025-08-24,67851.01820494069,69766.2661990319,0.0,2142.9831468126067,50321.94004652291,7069.535452195665,1369.4948789888756,2738.989757977751,5700.040573206788,0.0,56021.98061972969,1618.5714054196342,1712.834057337004,20025.564116633366,16135.870547747392,9706.749708610276,3726.0066963874306
236,2025-08-25,93959.28508011077,77670.70816197213,18.882184341214156,2689.961798296499,67362.45033802628,644.6517748481715,5658.714125249056,11317.428250498113,-5014.062350400885,156.90151078331903,62505.28949840871,1712.834057337004,1959.0350525448453,21078.740187700656,16852.19865635048,16860.278076604103,5873.598050198447
237,2025-08-26,72382.026978601,72707.46888710001,0.0,2746.2382660308713,53159.03589867481,1253.8668723649798,317.18603137766934,634.3720627553387,936.6808409873104,0.0,54095.71673966212,1959.0350525448453,2627.348051392699,20162.792309330212,15730.380071594405,2650.1419971606,735.1416554993293
238,2025-08-27,71855.15277785092,75765.79227775845,0.0,4416.15490584351,52227.740401423944,7707.231480711049,1189.331252036569,2378.662504073138,6517.90022867448,0.0,58745.64063009843,2627.348051392699,2001.640979699118,21045.394051434272,17609.905546185986,13143.07141828883,3758.408412273585
239,2025-08-28,69923.21943373072,75866.93771016583,141.87010616250464,1759.3825781117293,50057.92309829865,8240.139391410981,602.2512874618401,1204.5025749236802,7637.888103949142,926.8242802889507,58622.63548253674,2001.640979699118,1562.1178004685155,20406.321664162228,16924.691409278952,8831.2610144517,3348.964417932167
240,2025-08-29,45080.7496004998,43151.375526998854,0.0,16857.73420124519,25189.27749949033,954.8868023304749,994.3312972709361,1988.6625945418723,-39.444494940461254,0.0,25149.83300454987,1562.1178004685155,2347.764235516411,15954.416759002905,12215.995783249247,3688.256994328863,1312.6268980477612
241,2025-08-30,41536.5853704531,40417.818140945354,105.8460685129212,19807.079924834303,23112.323551421716,113.79609938548367,468.63234466345955,937.2646893269191,-354.8362452779759,239.2650378734584,22996.752344017197,2347.764235516411,1227.671395561752,16904.989511841257,14701.125060550617,1514.9319029331227,506.56437779195403
242,2025-08-31,68999.54712251644,70617.44882140672,932.5197468819196,344.04645038862986,50330.723228196366,3551.0310811705504,698.8908722249702,1397.7817444499403,2852.1402089455796,7865.808105068515,61048.67154221046,1227.671395561752,1964.3519403903479,20506.771285373325,15947.472250806662,4479.1819035753315,1882.5678992818202
243,2025-09-01,81053.59251117469,69115.66866629556,0.0,7340.318866954012,51267.884850295246,2074.751436201405,3726.1490539835945,7452.298107967189,-1651.3976177821896,0.0,49616.48723251306,1964.3519403903479,6676.062335661204,20845.66268560248,12644.44741959425,15586.411586055807,4417.732866050729
244,2025-09-02,64366.644470831365,65380.951380034276,0.0,8876.432927966263,42443.17892204009,4162.93758908081,1192.4490171381929,2384.8980342763857,2970.488571942617,0.0,45413.667493982706,6676.062335661204,5784.479425508044,17100.98537476766,14654.222772699646,9003.653572697247,2580.0948801651293
245,2025-09-03,67753.30344339125,61021.61031700668,0.0,2442.670067607245,45653.18113120577,378.54883352180417,2091.824694289395,4183.64938857879,-1713.275860767591,0.0,43939.905270438176,5784.479425508044,5241.209526479279,18527.188992238527,15495.965992839094,7107.466683852496,2218.0076387966633
246,2025-09-04,65961.33085599965,60366.478085001785,0.0,2906.57580441532,44503.55314872251,729.9633925629643,1967.4956304299665,3934.991260859933,-1237.532237867002,0.0,43266.02091085551,5241.209526479279,5009.968209414602,19697.12587339304,16162.789142806578,6369.36964573446,2210.816761284288
247,2025-09-05,34252.38021640837,32557.110116780404,0.0,23082.507697783847,16914.820339559326,470.9029678605959,702.80312237098,1405.60624474196,-231.90015451038403,0.0,16682.92018504894,5009.968209414602,4752.418810114339,15169.132693158579,12518.791940828687,2499.189237351833,859.770778324512
248,2025-09-06,34706.268418036954,33788.46617226506,0.0,22489.041472268935,16994.977819013464,1267.7374260702368,656.2784219695578,1312.5568439391157,611.4590041006788,0.0,17606.43682311414,4752.418810114339,5268.045811256001,16390.929994571776,12812.588994575643,2645.07244305925,1078.85756399297
249,2025-09-07,60761.851071564146,62495.10657545825,0.0,3870.0927106573386,40284.91053704134,5430.768063360131,1414.0663443871003,2828.1326887742007,4016.7017189730313,0.0,44301.61225601437,5268.045811256001,5128.039124129314,19947.559297622458,16283.529049488208,10557.309756359657,3224.3223655071433
250,2025-09-08,59475.286584419446,60060.422621380916,649.5614527305959,1330.393998620459,38558.04838666772,1678.538235260469,256.3500947976052,512.7001895952104,1422.1881404628639,3009.2763547926816,42989.51288192326,5128.039124129314,1200.0,18522.398704600528,18538.378162442816,2940.7064344873884,815.8628398844281
251,2025-09-09,55816.76296099569,57168.58475810935,1258.9927001062788,1398.9855052388789,36379.46764993832,4165.003115900505,958.3165885172621,1916.6331770345241,3206.6865273832427,7461.785718034398,47047.93989535596,1200.0,1200.0,20661.88255952679,16736.124873216704,7616.446982056051,2346.6509604840976
252,2025-09-10,65716.45621689543,65709.23068422933,524.5698053576937,646.5381735526413,41613.53667509725,4037.144202281747,992.3564889923754,1984.7129779847508,3044.787713289371,2676.2763547349186,47334.60074312154,1200.0,1212.5568266084592,22420.85537940411,18149.59171336972,8498.749174823422,2338.071223086291
253,2025-09-11,63075.518363989555,57093.975295109434,1464.92291735364,910.9835380603887,39569.9717179477,3202.2530707880805,2210.606986934915,4421.21397386983,991.6460838531657,7529.225018687992,48090.842820488855,1212.5568266084592,1371.3560943152368,21099.523948069746,16947.695057000394,12098.44958585102,3278.0246771976085
254,2025-09-12,32992.08852005658,32990.28037500274,0.0,17987.217460590877,14506.22903384348,570.3969931550405,188.13518500250984,376.2703700050197,382.26180815253065,0.0,14888.490841996008,1371.3560943152368,1541.2183418355576,17360.68785075563,13909.281136343769,833.873602959805,378.2675160541901
255,2025-09-13,32303.82509807413,32543.746009641734,0.0,21612.966217890862,14095.803211809853,912.0538775312735,216.60583968319105,433.2116793663821,695.4480378480824,0.0,14791.251249657935,1541.2183418355576,1359.4569405640027,16248.755629273346,13325.077320855808,1308.3981945587366,520.6237988602822
256,2025-09-14,68629.18316317495,64125.84978423722,1265.5789202442884,1532.6883243055292,44207.315235119735,1737.6446320559667,2188.578043509913,4377.156087019826,-450.9334114539465,6325.798594234711,50082.18041790051,1359.4569405640027,1200.0,20541.720403597883,16782.30477342189,7301.362835078646,2767.792920861902
257,2025-09-15,59044.19737498762,61299.85084777596,410.619685734956,2039.1701474192473,38349.91360664238,3249.3002339951754,176.24903393551165,352.4980678710233,3073.0512000596636,2128.3932353462906,43551.35804204834,1200.0,1514.728293100475,22742.180468252154,18137.91071549382,2971.6052871213487,1259.3491119339037
258,2025-09-16,71874.44967793277,65594.97332611085,197.96797023137515,2528.571557644944,45604.91119557545,1752.2795363317375,2210.1725627495534,4420.345125499107,-457.89302641781615,542.5053158618783,45689.523485019505,1514.728293100475,1200.0,21346.606416602044,17574.006661238087,8559.300648474138,2794.2657415267995
259,2025-09-17,67173.63699479523,64713.028185968964,305.1465997193631,998.9147591791998,42894.818412146196,2124.2970852474805,1472.9295392848912,2945.8590785697825,651.3675459625892,1159.8395843585213,44706.025542467316,1200.0,1200.0,21363.90329741652,17304.76167090738,5424.71462469937,2181.0285677007178
260,2025-09-18,58655.640440242656,65411.333830817006,875.1362531904753,3153.591496326402,37242.98560254317,8465.837458261518,875.9165679173298,1751.8331358346595,7589.920890344188,4521.941956593129,49354.84844948049,1200.0,1219.8493932644467,21889.279037244254,17712.451566229844,13239.822379035635,3697.862387337835
261,2025-09-19,33811.24036038961,33172.17914938337,86.9511233755272,13430.913424364142,15330.096888321788,987.7850714208676,615.1090250808918,1230.2180501617836,372.67604633997576,176.16668967936755,15878.93962434113,1219.8493932644467,1650.2520960981387,17576.326837777746,13849.462306049656,2672.8199493410184,944.3707155545142
262,2025-09-20,32880.05371202977,31607.46022026008,1095.1319409610328,13790.710406888491,14449.134480480529,334.3906509928691,559.0341951552264,1118.0683903104527,-224.64354416235733,3688.3798063030654,17912.870742621235,1650.2520960981387,1548.6399535092544,17673.15236489098,14406.704343891688,2006.0161047358406,670.4977454861828
263,2025-09-21,67174.05904102916,65262.97006094727,89.15837400735363,2726.3450945980885,43110.72192254897,949.1964297365703,720.7666792428346,1441.5333584856692,228.42975049373558,438.36578252445963,43777.51745556716,1548.6399535092544,1830.2745009661512,21499.077706905242,17160.78184988204,4061.6853604214757,1037.1654891550247
264,2025-09-22,72948.81107384272,63781.07251365118,438.94142955026564,104.21098997149163,47759.03058819551,747.8294100133422,3149.9482456057635,6299.896491211527,-2402.1188355924214,2046.8062174923543,47403.717970095444,1830.2745009661512,1258.2383326377183,21140.082217853815,17638.29914795718,10292.357531814703,3399.2247156102108
265,2025-09-23,73328.51715964242,68512.82614170224,0.0,1222.866019297832,47357.9932531306,215.63873482644578,1633.3340404376202,3266.6680808752403,-1417.6953056111743,0.0,45940.29794751942,1258.2383326377183,2132.381319707439,23087.45184583342,17914.10730676233,5024.072316528992,1705.213618713102
266,2025-09-24,59916.19463287684,66300.70475918861,0.0,1939.1236599461802,39170.8803266545,6020.6094537277095,13.589830558007112,27.179661116014223,6007.019623169702,0.0,45177.8999498242,2132.381319707439,1497.2397385298202,20368.333801591034,17069.9778023486,6438.033804575562,2020.4596484672436
267,2025-09-25,66629.50485942546,67653.746067731,16.51470000000006,3221.3882811707194,43499.28788383631,2072.026437299749,360.7267743471075,721.453548694215,1711.2996629526415,111.1026442500004,45321.69019103896,1497.2397385298202,1548.4782693173502,21406.88899395529,17293.465407395008,4233.708758197383,1051.402253447024
268,2025-09-26,35680.976542227,33638.061582062604,0.0,12772.14403307464,15724.595931495875,385.9744496545163,791.5577718625152,1583.1155437250304,-405.5833222079989,0.0,15319.012609287875,1548.4782693173502,1501.101699334623,16917.436641960117,13745.76259297215,2848.7628640829867,920.2159217473541
269,2025-09-27,33939.72541303307,34287.75980437311,201.77691488219102,13473.308845563928,15321.867730524553,1538.1155030989767,451.4046943538774,902.8093887077548,1086.7108087450993,835.2639680850862,17243.84250735474,1501.101699334623,1330.5535250751577,17728.520950131016,14513.595326439643,2947.372219967906,964.1098620535363
270,2025-09-28,66533.07012510566,68358.97643751669,532.9475843457667,1507.2465286323893,43727.027972709635,6658.831474632489,1817.5158015020368,3635.0316030040735,4841.315673130452,3574.2053341223454,52142.548979962434,1330.5535250751577,1357.9705514426983,20380.910541224333,16483.862214660927,12183.759011459806,4037.1262930462003
271,2025-09-29,73792.39793579858,68371.1230296157,281.5454907811202,914.6350345246868,47939.90783760113,1677.359534706014,2312.95878295722,4625.91756591444,-635.5992482512061,1407.7528288405697,48712.06141819049,1357.9705514426983,1868.2318919342724,23783.71936541954,18805.577479547414,9332.674185776861,2872.0786278592245
272,2025-09-30,71817.627913987,71520.64937436295,868.1308356605718,1854.3488216303035,47161.610983630846,1158.0197969865612,491.8312917670057,983.6625835340114,666.1885052195555,4849.754269911002,52677.55375876141,1868.2318919342724,2363.579476834603,24560.230501664533,19447.97387993797,2076.839188699293,877.8378907625262
273,2025-10-01,66474.70359653802,61106.080821954514,12.237582190484673,5235.922235537274,40734.90093131124,1696.5544154618187,1791.7214598526455,3583.442919705291,-95.1670443908265,58.52350637042214,40698.25739329084,2363.579476834603,4249.106674269714,23810.00082938317,17589.126194108772,8107.30457173346,2357.2395983399183
274,2025-10-02,69092.84204520733,58682.56621393111,0.0,3177.372584384195,43311.984995433966,1290.6350216155188,3477.437123964385,6954.87424792877,-2186.8021023488664,0.0,41125.182893085104,4249.106674269714,4221.049528109392,19998.22076012918,16223.810247248926,12294.257351146563,3907.6487978362247
275,2025-10-03,29894.839694686452,30237.342409017918,0.0,19043.98901765943,12402.514097976507,1045.4315746659943,260.76359825736967,521.5271965147393,784.6679764086247,0.0,13187.182074385133,4221.049528109392,4263.918930967391,17566.406467296263,14190.206775937775,1751.333093744236,609.240789812701
276,2025-10-04,31975.884407685415,31517.1581415229,0.0,15454.458113270734,14072.755120026242,823.5333925438617,446.76832349931027,893.5366469986205,376.7650690445515,0.0,14449.520189070794,4263.918930967391,4054.7089037829737,16605.297996762114,13638.580401843286,2043.3431324425103,721.2794543472642
277,2025-10-05,68115.89938783433,58795.252866774754,253.2557757182168,556.1038099711508,42445.15199189994,1292.6940236062424,2745.9529697204707,5491.905939440941,-1453.2589461142284,1354.6205587156492,42346.513604501364,4054.7089037829737,3822.515391219908,20870.620669273267,17114.176903418098,11445.898979479722,3176.850977589218
278,2025-10-06,60869.666232734075,63943.09323373256,20.44752097402529,1616.3685112331837,39897.4694060639,3329.8677265533825,369.5204308496012,739.0408616992024,2960.347295703781,97.95384922606816,42955.77055099376,3822.515391219908,4328.333968809936,21888.559334959864,17274.49634148646,4574.504654957315,1479.4763397007287
279,2025-10-07,64770.338333832,63896.86816906706,0.0,1953.4997605545973,40203.04723374461,4135.530472634409,1011.9616088079051,2023.9232176158102,3123.5688638265046,0.0,43326.61609757112,4328.333968809936,4609.854691703364,20623.351357412535,16451.545948900068,7049.288832469812,2390.471766352708
280,2025-10-08,57732.70913024686,57021.719930179686,844.405082491963,385.3665294243874,35313.69952076473,3037.769470617291,749.8023575875752,1499.6047151751504,2287.967113029716,4766.45983167759,42368.126465472036,4609.854691703364,1716.5938913647215,18979.987036238846,17977.724219658245,5125.918864075977,1762.3921811266725
281,2025-10-09,69706.32275755974,58186.73965549648,1448.6988016324435,202.63350519555024,42481.04330051581,146.29659488698348,3172.647581631997,6345.295163263994,-3026.350986745014,9350.457003510246,48805.14931728104,1716.5938913647215,1233.0951128346117,21620.906154090226,17948.082885490185,11910.084417919574,3221.413113260992
282,2025-10-10,31094.787621476207,31359.632711072933,171.9214585536468,18782.68200985407,12139.183731084384,1214.72260414106,273.84552534263696,547.6910506852739,940.8770787984229,311.99221064344044,13392.053020526246,1233.0951128346117,1200.0,18079.193919247333,14673.93267614149,1991.2291494846263,678.7530600563236
283,2025-10-11,32075.276715249947,32677.967878933196,176.0561569734357,14621.56638570691,12419.738635972077,1356.7104938708687,238.84579701497452,477.69159402994904,1117.8646968558942,900.8661397412752,14438.469472569246,1200.0,1617.8743936512205,19737.142697791016,15610.998630924629,2048.9407871951666,691.082628305264
284,2025-10-12,63673.86551733011,62990.843009769495,658.4120925088766,1162.2598273605772,37549.17353009574,3312.8621098898393,772.3120391200509,1544.6240782401019,2540.5500707697884,4208.780777239566,44298.50437810509,1617.8743936512205,1319.0711021672296,22320.853968000345,18348.814676415874,5228.649481449404,1876.5994090833306
285,2025-10-13,68443.98837347396,61382.888406136015,955.0670488981478,683.6880837085367,41976.17485154755,1091.4001739487946,2179.0842923230284,4358.168584646057,-1087.6841183742335,6275.129393913711,47163.62012708702,1319.0711021672296,1872.733658143219,21729.346162880225,17102.47409155459,8836.969167246953,2542.8843503059597
286,2025-10-14,70335.51632627632,65507.44882692456,350.3269907625488,772.6876729681551,43641.39112852496,4320.175969464491,2630.261288879442,5260.522577758884,1689.9146805850487,1818.5205469158573,47149.826356025864,1872.733658143219,1942.3679080944642,22360.98966541842,18049.730804032795,14309.358355758699,4070.319945367605
287,2025-10-15,73885.04915457203,67411.84296912636,246.74847850837722,271.96100117754133,45778.76805592656,1458.7424985966518,2560.1253942234325,5120.250788446865,-1101.3828956267807,1181.4750796225153,45858.86023992229,1942.3679080944642,2744.073942216491,24974.059819723014,19507.45302326582,9453.717748974443,3046.37289375565
288,2025-10-16,67201.69112067428,66968.18309418311,167.26885334416073,482.2538566777275,42267.09008015079,2257.5433497818176,456.6354260513924,913.2708521027848,1800.9079237304254,883.8622453246563,44951.86024920587,2744.073942216491,2145.759914909193,22237.93560750589,18551.21046665634,3645.1416884771547,1209.149875978665
289,2025-10-17,30885.40571761817,32169.30832836152,0.0,13027.6819696269,12274.393728340532,1540.8905018670334,105.15353342306842,210.30706684613685,1435.736968443965,0.0,13710.130696784498,2145.759914909193,1765.3571433089608,18314.68177109559,15177.254729027638,1905.83065632292,618.7837007120796
290,2025-10-18,33726.32316418617,32274.144217477275,0.0,12539.74082769492,13637.638813531046,326.73238858877374,528.5828825159547,1057.1657650319094,-201.85049392718088,0.0,13435.788319603867,1765.3571433089608,1645.5122123345436,19819.318742066633,16161.508618950946,2172.450869984336,637.4936787122126
291,2025-10-19,69378.12611026263,67453.61288307371,1071.6670211149763,384.28922572703823,43913.85472114919,2356.491231190103,1246.3337023612926,2492.667404722585,1110.1575288288104,6639.665077656698,51663.6773276347,1645.5122123345436,1531.8254841057392,22934.664213338197,18679.396068209866,5589.706332288248,2031.8307794246602
292,2025-10-20,76205.46488697863,70895.75512381777,0.0,2054.3861540215885,49367.545797286955,493.3326803743452,2108.7422558204066,4217.484511640813,-1615.4095754460614,0.0,47752.1362218409,1531.8254841057392,1720.7817447977595,22265.9261500352,17865.339546905692,6186.962766975264,2273.1864826118554
293,2025-10-21,75468.44394640104,72892.30605281406,0.0,1152.622414357866,48799.18097421258,1014.8348578908406,1409.4645053129284,2818.929010625857,-394.62964742208806,0.0,48404.55132679049,1720.7817447977595,2823.1948356476732,22552.265824690956,17275.163536234755,5173.90316649124,1747.742791276542
294,2025-10-22,69051.45596796491,69136.03550440946,11.29300132636483,981.6669734307311,45167.83926809539,1060.3826227533623,438.576198648575,877.15239729715,621.8064241047873,57.10828888033062,45846.75398108051,2823.1948356476732,1401.6584154050736,20474.4611080181,17863.696275713006,2050.7027010627,792.0370728996959
295,2025-10-23,80767.86145927975,67130.87580197118,695.904693667363,199.32692824634387,51471.44739699298,1844.20731148705,5066.950881121565,10133.90176224313,-3222.7435696345146,3703.3510287021427,51952.05485606061,1401.6584154050736,1360.3762663175266,22553.212990724616,18305.25645666574,17155.948141345747,5681.686651617248
296,2025-10-24,33748.90898757003,34441.04287290915,0.0,12213.623380474257,14140.807786213889,589.8048428611195,31.687134743537094,63.37426948707419,558.1177081175823,0.0,14698.925494331472,1360.3762663175266,1871.1773870405991,17619.19877430244,13811.829998534215,844.4056113030231,228.28874903057692
297,2025-10-25,33946.91227739354,34266.4062069476,0.0,11254.775772445555,13922.078402512987,805.034936337725,176.25026533955344,352.5005306791069,628.7846709981715,0.0,14550.863073511158,1871.1773870405991,2032.1512923204834,18254.32203377273,14641.124332604013,1322.2767209003673,444.5952441187951
298,2025-10-26,73654.23548763891,69271.01583790468,12.911969076093175,626.6188597704905,47268.64856814788,2562.68243096073,2434.757963773288,4869.515927546576,127.92446718744213,61.82250793633413,47458.395543271654,2032.1512923204834,1603.0802638149905,23679.7939799924,19566.797049448796,8646.625604097508,3288.9854407601974
299,2025-10-27,69835.05548414504,72705.63407513816,0.0,4441.407532956431,44788.83444149235,6648.621189740338,1029.9837651508428,2059.9675303016857,5618.637424589496,0.0,50407.47186608185,1603.0802638149905,2202.69413056737,21957.854712831264,17246.209837316186,10473.669835549792,3246.1908283976227
300,2025-10-28,69299.83492134429,71115.90888168689,0.0,1179.3142701255003,44274.91096728751,6913.77793670589,1306.2888353638746,2612.577670727749,5607.489101342015,0.0,49882.40006862953,2202.69413056737,2053.6034370168454,21570.28703029933,17606.114118737933,8612.436700916734,3610.881480932505
301,2025-10-29,76806.4108686627,75057.885713491,0.0,1880.0405964423671,50105.64807884632,3256.0710533867905,1234.7465533573147,2469.4931067146294,2021.324500029476,0.0,52126.97257887579,2053.6034370168454,1694.3953404260938,22046.713705159575,18181.12538811093,6418.797784681089,2320.103571152911
302,2025-10-30,67277.33786131894,70136.35799989803,0.0,386.3656834691891,43780.4372429901,4043.235369106417,176.37897080958874,352.7579416191775,3866.856398296828,0.0,47647.293641286924,1694.3953404260938,2254.9204968351414,23461.58960874056,18499.414942311723,4367.883713555848,1524.124093845061
303,2025-10-31,36011.399360331314,35110.50627210816,0.0,7918.99726209064,15355.798784772598,122.57324966276416,344.862485092932,689.724970185864,-222.28923543016782,0.0,15133.50954934243,2254.9204968351414,2096.1631938250703,18053.150084525976,14765.933141175112,1231.001401453716,385.72023498052
304,2025-11-01,34367.07323471986,34840.44148782095,0.0,8555.314925704155,14083.000087891476,714.5020824463724,121.74327857313875,243.4865571462775,592.7588038732337,0.0,14675.758891764708,2096.1631938250703,2216.81118052099,19118.447056616507,15377.358927833047,1172.3306347608673,359.9106393885962
305,2025-11-02,71887.25787782387,74723.38953051394,0.0,2276.6751537188284,47348.75140474898,6859.210132604818,1445.6055164120921,2891.2110328241843,5413.604616192725,0.0,52762.356020941705,2216.81118052099,1643.2107650160601,21929.320091664325,18278.989648202543,10707.700572278296,3732.008893947031
306,2025-11-03,82767.66716655412,77146.7443384122,0.0,1158.6540305476456,54766.21598094856,56.639239500616604,2113.8092320369233,4227.618464073847,-2057.169992536307,0.0,52709.045988412254,1643.2107650160601,3883.288512077254,23511.000274611346,17027.840250080117,5797.015827218729,2132.6889785371286
307,2025-11-04,72918.8880799682,70899.48024363961,0.0,1236.2963842178535,48764.123312948155,3542.8225538148263,1664.7679443705256,3329.535888741051,1878.0546094443007,0.0,50642.17792239245,3883.288512077254,2157.727947558774,19137.45439028984,17054.342564201404,8917.58871837389,2845.7087956421346
308,2025-11-05,82322.23809444613,75008.79813598678,0.0,557.1455514571222,56506.98763258605,154.67986404076805,2942.1553608406666,5884.310721681333,-2787.475496799899,0.0,53719.51213578615,2157.727947558774,2855.5146246807803,21819.076360279905,17045.44384241692,7745.5302511025675,2993.715315520923
309,2025-11-06,74913.00843994114,76969.3902844806,0.0,2504.2229919940955,50397.49718729564,6408.07085391454,1132.2088237177177,2264.4176474354354,5275.862030196822,0.0,55673.359217492456,2855.5146246807803,1849.50370653633,21057.855625350086,17962.272882863574,8350.875373522007,3268.2324416892307
310,2025-11-07,34594.166673052554,35214.32072474269,0.0,8118.57778064388,14307.67583494564,703.7868203189939,58.6443720933021,117.2887441866042,645.1424482256919,0.0,14952.818283171331,1849.50370653633,1858.0965432659618,19839.72425109904,16062.44309033356,1000.9395702610907,293.2399788663001
311,2025-11-08,36610.70964881105,36948.1019556305,0.0,9230.57757503705,15113.651951653275,332.42655639302086,16.277168004812296,32.55433600962459,316.1493883882086,0.0,15429.801340041482,1858.0965432659618,2187.2321721111184,19105.764287541086,15179.447006947641,428.2518127689093,127.08602013581925
312,2025-11-09,79533.78322355359,77113.20336340253,17.725365309754398,1578.0903583548277,52901.33595909264,382.93985042988106,807.954750736421,1615.909501472842,-425.0149003065401,85.2625792764089,52561.583638062504,2187.2321721111184,2256.583263058522,21808.448448270832,17602.42726124671,3152.4192422965484,935.6013675463814
313,2025-11-10,82127.46630134319,82389.93151950216,0.0,2896.405534660555,55310.32925288113,4011.6671722269757,1123.0000299727176,2246.000059945435,2888.6671422542577,0.0,58198.996395135386,2256.583263058522,3513.0107717388305,23706.83224752278,18071.749362681177,6786.923802889965,2460.222420715043
314,2025-11-11,81276.71159270682,76997.37324325454,0.0,2723.3253965563563,55474.03153689607,532.1954317161869,1793.267342133709,3586.534684267418,-1261.0719104175223,0.0,54212.95962647855,3513.0107717388305,2234.72755003128,20344.647787201662,17629.619607170145,5249.138798119571,1970.6658193724381
315,2025-11-12,79290.09331677237,77808.99461735552,0.0,2905.302178722315,53077.3862709057,4973.258735756798,2035.7913798996497,4071.5827597992993,2937.4673558571485,0.0,56014.85362676285,2234.72755003128,1997.2063259870401,21902.49363301586,17954.788944382657,9393.542511312091,3693.5442918185818
316,2025-11-13,77114.18773269423,77566.49157906586,461.64537783212717,1324.4466154647926,52218.58189305257,2984.242036349723,595.5128010699151,1191.0256021398302,2388.7292352798077,3006.003877753896,57613.31500608627,1997.2063259870401,2365.1583342554627,20929.801143815603,16621.98211904907,4160.551159351308,1590.2601465198227
317,2025-11-14,38417.93117553371,37901.00795169459,0.0,5606.385055972102,16042.854242718946,653.6299887712701,424.9098071542371,849.8196143084742,228.72018161703295,0.0,16271.574424335977,2365.1583342554627,3480.7543537100996,19432.269359017446,14736.101763294959,1861.844068604998,642.7864700779937
318,2025-11-15,38206.42648192178,35671.15824492107,0.0,5842.206079220102,16156.623518393,0.0,572.54555902783,1145.09111805566,-572.54555902783,0.0,15584.07795936517,3480.7543537100996,1530.2667089276533,17750.021733360536,16132.956484326232,2535.2682370007105,572.54555902783
319,2025-11-16,79630.03898997689,81711.00422503738,0.0,1951.044328729319,53635.83073954167,6264.076404807014,1043.9135509608686,2087.8271019217373,5220.1628538461455,0.0,58855.993593387815,1530.2667089276533,2457.8415441301563,23634.727164697215,18309.3116517225,7707.556146947272,3131.9390192298733
320,2025-11-17,76412.39474602294,79107.73672410894,0.0,2213.2666245003284,51727.070956443094,7834.004147492917,1619.6606348545884,3239.3212697091767,6214.343512638328,0.0,57941.41446908143,2457.8415441301563,2336.286300286244,22674.292030183162,18475.57626390788,11093.77814786288,4230.99535068556
321,2025-11-18,79736.77654977614,78322.43118428624,347.7064066713058,239.63213793821308,55406.91861049798,2058.4999335943694,1366.3626206120503,2732.7252412241005,692.1373129823191,1778.737754993314,57877.79367847362,2336.286300286244,1859.4211250594742,20890.16988100054,17350.216261314534,4697.713150369628,2052.5292651435066
322,2025-11-19,78552.56012085217,81402.58605315002,1.3850000000001046,1470.8794967424028,54940.883187848136,9024.67737703837,1721.0101160865943,3442.0202321731886,7303.6672609517755,7.02818250000053,62251.5786312999,1859.4211250594742,2335.7684579526604,21768.775562125058,17203.995605717428,11634.25615287672,4729.235908432717
323,2025-11-20,79419.12653921344,80452.07751777658,85.88124200201742,789.1951962156153,53736.274989707796,3952.886803368916,987.2339518668389,1974.4679037336778,2965.652851502077,415.98549563804636,57117.913336847916,2335.7684579526604,2748.2270432418254,24128.814755102132,19173.127224872485,5938.266498041701,2304.862886323144
324,2025-11-21,34777.527084217516,36810.36155857461,0.0,5222.564082408037,15021.217905558344,1797.6615513863858,226.36898750614705,452.7379750122941,1571.2925638802387,0.0,16592.510469438585,2748.2270432418254,2061.23050483197,17587.948916151476,14864.535506651568,4366.644756036202,825.5895046349424
325,2025-11-22,40740.96349647438,37923.083322865,0.0,4145.47668281904,16790.911517046836,583.4438937742168,575.4390035350631,1150.8780070701262,8.004890239153838,0.0,16798.91640728599,2061.23050483197,1720.4776750280582,20339.235281769208,16781.458125056583,3990.90997682593,769.920301459802
326,2025-11-23,80942.87268751292,81461.8282138322,0.0,334.47366505173443,55272.534759132366,5582.766823787184,1499.5761584836464,2999.152316967293,4083.1906653035376,0.0,59355.7254244359,1720.4776750280582,3280.686606463221,23637.211721871,17741.953456423864,7788.420373507858,3360.498433079374
327,2025-11-24,77065.98678588099,76935.06863892097,2.7908298078466487,202.55633427440432,53126.1607929194,2774.2327749257784,930.9706243311364,1861.9412486622728,1843.2621505946422,14.743953874853844,54984.166897388895,3280.686606463221,1642.301009739835,21304.77090266027,18731.41146820586,4298.304398780941,1855.7148826397292
328,2025-11-25,90444.76057327604,82361.97325969469,0.0,423.22194948805907,63690.40608414694,16.129657114503885,3466.263049485521,6932.526098971042,-3450.133392371017,0.0,60240.27269177592,1642.301009739835,3024.8406710138374,23820.02709680721,18049.936253267242,8137.047217180158,3471.6396018570226
329,2025-11-26,84926.11561598428,82358.51128467891,8.25818912090233,1032.8800274371888,59568.83783908709,1505.1296000238976,1627.4913191486821,3254.9826382973642,-122.36171912478449,44.48686479430085,59490.96298475661,3024.8406710138374,3139.0658732369016,23544.31516330815,18968.092600278847,4621.338579843055,2129.2011858233145
330,2025-11-27,82881.51774578815,82532.15674806542,0.0,931.269501968586,57448.70108575823,3118.8054762687298,1091.4836908472669,2182.9673816945337,2027.3217854214631,0.0,59476.02287117969,3139.0658732369016,4518.560359943921,24097.102498564193,18277.107985800678,5143.780046829674,2131.085516270177
331,2025-11-28,35687.18898654547,35167.95291002763,0.0,2292.944164364308,15072.259657438435,598.089993221003,386.25360135837286,772.5072027167457,211.8363918626302,0.0,15284.096049301064,4518.560359943921,2752.0367337057637,18650.744522514044,16696.974326850715,2413.310462244119,585.6169324320405
332,2025-11-29,47313.334247905936,40203.037762091146,0.0,2385.1319556160925,19988.72199631983,222.97649343306077,1776.2734306947686,3552.5468613895373,-1553.2969372617079,0.0,18435.42505905812,2752.0367337057637,1799.992105526002,19712.083535983344,16823.627829508296,7575.10456342968,1850.5989285057888
333,2025-11-30,84371.64768619131,85656.77130945527,0.0,508.92505853120235,58886.85212734925,4899.193020926916,884.8280294084072,1769.6560588168145,4014.3649915185083,0.0,62901.21711886777,1799.992105526002,2119.9682752044414,24289.682008141182,19386.66387388377,5244.068164098935,2517.8923697173796
334,2025-12-01,92390.56480964478,95180.39635060419,904.3477006553322,1056.8630292470368,67789.6479344311,7067.808219185132,687.5582108921091,1375.1164217842181,6380.250008293023,5925.296911078014,80095.19485380212,2119.9682752044414,5851.945536404746,28264.07238736251,19535.11909868336,5998.015639360305,3043.4942839538194
335,2025-12-02,89911.66302042831,90911.98976283918,291.2922205063243,534.4855360193361,69139.17444844799,7093.288606625158,1496.611075108062,2993.222150216124,5596.677531517094,2018.142263089456,76753.99424305452,5851.945536404746,3276.2910651893526,22889.871165368513,20858.884668042352,7973.080879554218,3861.0406106497817
336,2025-12-03,81009.75344553268,92216.69654256257,0.0,1593.1553231287846,60144.39882754134,15147.084596093231,43.357192425987634,86.71438485197527,15103.727403667242,0.0,75248.12623120859,3276.2910651893526,2178.9113730228173,23412.812503773668,19952.01985100655,11365.854070814868,5092.385391123731
337,2025-12-04,92762.5359125025,95332.4771014913,750.5014619734195,723.1535329860326,68963.911777494,9335.254135074825,1618.0220157314868,3236.0440314629736,7717.232119343338,5016.584531553031,81697.72842839037,2178.9113730228173,5758.514847819082,28247.227121905613,19658.61084142691,9403.438936693516,4729.7733940897615
338,2025-12-05,43084.96480926447,46706.847486495404,0.0,1807.0412484915769,19030.682467727747,4788.443269797774,359.39093936489064,718.7818787297813,4429.0523304328835,0.0,23459.734798160633,5758.514847819082,5305.570769885136,21030.674867426555,17442.496312756062,6996.893923953279,1955.5386959641487
339,2025-12-06,44661.49474302356,48362.31485997092,0.0,1771.5995582633548,20242.18225765469,4249.576997419334,58.87559676615025,117.7511935323005,4190.701400653183,0.0,24432.88365830787,5305.570769885136,4117.195198930349,21029.592099474758,18103.507614433867,4256.094396650729,1475.4012625725945
340,2025-12-07,91949.13234762839,91439.10106744798,376.99675219308693,1220.7588273813617,69106.42852825411,4989.270315739704,1646.5361952694743,3293.0723905389486,3342.734120470229,2494.685774575327,74943.84842329967,4117.195198930349,2509.8098060448183,23101.60313608783,20158.945393828122,6879.48613739397,3309.6263005160426
341,2025-12-08,103185.95243098539,98421.48369686399,0.0,5273.061563871437,78073.76694801587,1841.7599112201174,2357.2457349611022,4714.4914699222045,-515.4858237409844,0.0,77558.28112427489,2509.8098060448183,3565.664896465192,22899.691762881885,17598.48074655599,6992.1860246954075,2971.1657053678077
342,2025-12-09,104650.85029572493,99010.93831604745,24.683107986221785,4268.180959423749,77391.1944551294,623.9000786255474,2644.879663613714,5289.759327227428,-2020.9795849881666,182.4575342341514,75552.6724043754,3565.664896465192,6164.128938202369,26528.255580946403,19149.26938300313,6402.9193334881065,2852.846356488897
343,2025-12-10,95991.19532825859,96143.98184594893,0.0,3707.891669428504,72123.16409769453,5334.364606923224,1864.896815694763,3729.793631389526,3469.4677912284606,0.0,75592.631888923,6164.128938202369,5831.5628804334465,22883.05874655686,18834.587036703084,7908.05688339933,3643.018351335838
344,2025-12-11,100049.305998144,94547.66991615531,120.9142823854842,4319.0591651162185,73882.4653443775,213.71705404564514,2589.093687650431,5178.187375300862,-2375.376633604786,564.06866052496,72071.15737129768,5831.5628804334465,5833.981349542925,23084.703743295024,18696.43340987044,5716.966739600548,2660.3327056656462
345,2025-12-12,51538.57906046831,51092.075093896696,0.0,5618.576328329344,23732.93774014101,2349.1772530117214,783.4013165274539,1566.8026330549078,1565.7759364842673,0.0,25298.71367662528,5833.981349542925,4024.6826683815393,17828.705764627743,16069.620482393719,6018.644813758045,1566.4604008646943
346,2025-12-13,53883.02800746214,51518.831734652675,0.0,4784.432226512712,25313.578065720958,2374.8353994326944,1376.6816020756369,2753.3632041512737,998.1537973570576,0.0,26311.731863078014,4024.6826683815393,3436.668729129493,18237.256158597236,15301.390033790603,7081.592291892834,2168.293401886535
347,2025-12-14,96942.14698207297,98941.74353689114,0.0,3135.485133726529,71572.39017838797,4018.176284257149,374.5207679994747,749.0415359989494,3643.655516257674,0.0,75216.04569464564,3436.668729129493,5322.954502743456,28051.99687848445,21024.460275319834,3425.4859589482044,1713.9128627518576
348,2025-12-15,94231.1011348366,97035.68857932057,0.0,3632.29736316492,70854.24386975735,5081.121796775241,643.009122574216,1286.018245148432,4438.112674201026,0.0,75292.35654395839,5322.954502743456,4810.475854135473,23131.91596440089,19198.082714911907,5443.656425817766,2336.7163881659635
349,2025-12-16,100582.6387103108,98473.07192493422,0.2538166666666939,4096.930725043718,76415.81282399812,448.18112754248807,1326.1328762921928,2652.2657525843856,-877.9517487497046,1.7279838666668519,75539.58905911508,4810.475854135473,5251.390830854452,24007.790548298784,19049.486865074938,2780.45392226162,1475.5265854730221
350,2025-12-17,100856.7964125659,95605.04425397838,310.72739683044136,2989.9353981813024,76245.6459494352,141.05349537610218,2752.2538032333787,5504.507606466757,-2611.2003078572766,2082.5265068274543,75716.9721484054,5251.390830854452,5555.603165422033,23474.72676236865,18740.73757640778,5450.19261976597,2799.2716350254127
351,2025-12-18,93465.30751423331,93037.03846572494,0.0,2384.3212240214216,69988.17810512973,2576.180316232647,887.4809332051557,1774.9618664103114,1688.699383027491,0.0,71676.87748815722,5555.603165422033,4469.613820292531,22441.2667665969,19154.816491560036,3942.7521589048683,1746.2077052827044
352,2025-12-19,52080.98566931539,50455.361531985254,122.2097096027107,3354.1309112482636,23560.39750344032,1272.9680599819103,893.2058970768475,1786.411794153695,379.76216290506295,700.0433977480243,24640.20306409341,4469.613820292531,4762.389718686411,21323.951167290674,17008.902136950957,4813.869415059837,1317.5285837374843
353,2025-12-20,54195.77138031581,50498.165599556625,0.0,2844.8214673583493,24790.26487935795,27.721527870059223,1239.4822905682872,2478.9645811365745,-1211.760762698228,0.0,23578.504116659726,4762.389718686411,5235.749088154857,23005.097103561457,18208.105221363177,3748.6230853279653,1248.7227998583069
354,2025-12-21,98066.4870081764,97646.85583674003,12.010462284082905,3637.963303841946,73516.66916081656,2987.380790465103,1285.1629916856782,2570.3259833713564,1702.2177987794248,84.45156555052895,75303.33852514651,5235.749088154857,5568.301880125207,24651.703240748357,19668.582112232856,4583.1750597281125,2280.9565885073794
355,2025-12-22,95867.9770726378,94576.35664028596,164.45628804678097,2822.9338128016734,73244.01134849612,591.3009309994585,933.5165714641005,1867.033142928201,-342.2156404646421,975.4453619544895,73877.24106998598,5568.301880125207,4326.221446158837,21570.12854088154,18589.676508683784,2411.296014762506,1130.6168817972534
356,2025-12-23,99554.15896248732,93941.37128257565,764.7301374957692,3396.5159631041834,75335.08623435418,0.0,3031.6363671974614,6063.272734394923,-3031.6363671974614,5877.056577364288,78180.50644452102,4326.221446158837,3748.6797728490374,24059.370682172263,20007.87775853835,5612.787679911655,3031.6363671974614
357,2025-12-24,100363.79089154616,97472.9771081123,72.08181304696791,3131.5194204011573,74563.53053943576,172.5160510630689,1584.2561996372879,3168.5123992745757,-1411.740148574219,547.7738530341101,73699.56424389564,3748.6797728490374,5643.621809795149,25544.90710968399,18985.92692559254,3172.8419510118406,1641.7615499916442
358,2025-12-25,94544.5207722463,95671.56394095768,19.974295415422546,2849.6297026735765,69577.9296153821,3857.612211932094,810.996265489873,1621.992530979746,3046.615946442221,140.11968233918918,72764.66524416352,5643.621809795149,5658.824001062295,26398.831727504014,21369.371727137823,4377.521732656567,2096.867002800571
359,2025-12-26,51628.966650972536,50224.21108373943,0.0,2618.5336282405538,23407.556305141035,58.85904846436087,424.10058441360695,848.2011688272139,-365.2415359492461,0.0,23042.314769191787,5658.824001062295,6253.406743793343,21383.845019513694,16785.789997348154,1534.5884029126205,443.72026723506053
360,2025-12-27,52333.017416652874,49437.32388354062,287.60245888076497,2792.9505174106116,22986.692850888136,0.0,937.0949943172644,1874.1899886345288,-937.0949943172644,1617.4762287454223,23667.074085316293,6253.406743793343,5400.751818737052,22950.295741551454,19357.128983207338,2895.693533112245,937.0949943172644
361,2025-12-28,96637.47938521189,94454.7305971999,74.67229878865464,2929.899002182424,71746.05124604475,1340.9959874452154,1702.052813530558,3404.105627061116,-361.05682608534244,555.7014480787335,71940.69586803815,5400.751818737052,5690.016689722239,23841.63557852351,19051.386434717373,4124.091115266893,2149.0514760122965
362,2025-12-29,95614.0714068444,94676.92521144272,0.0,3865.811397004932,71062.62899739266,1901.6940200952654,1141.4014441653803,2282.8028883307607,760.2925759298851,0.0,71822.92157332256,5690.016689722239,4624.577440272855,22348.646696187192,19061.29914841607,4012.2362407791557,1775.2994508638021
363,2025-12-30,98517.89558537715,96557.95089774654,0.0,4486.405389497503,72143.3470396554,2085.7434981081997,1596.3612793483076,3192.722558696615,489.3822187598921,0.0,72632.7292584153,4624.577440272855,5866.844233440538,24890.01470735862,19042.87179910957,4934.157585349131,2291.6091120510405
364,2025-12-31,96507.39146777353,94390.49916281605,0.6610204710181051,3469.8539241393514,72934.77406367815,825.3326319882335,1306.1308627143862,2612.2617254287725,-480.7982307261527,4.860814033631636,72458.83664698563,5866.844233440538,3820.2606341701376,21667.4135008303,19392.53017501591,3278.5839034531973,1581.2417400437973
