day,date,G0,G,R,W,base,increase,cancel,refund,adjustment,emergency,total,S0,Send,C,D,absolute_adjustment,surcharge
0,2025-01-01,55701.850358288066,55701.850358288066,34716.10944554526,18.208766666666747,37824.86372097995,0.0,0.0,0.0,0.0,220573.20118972813,258398.06491070808,6000.0,2415.4427740740744,8372.01328333333,10007.432262833328,0.0,0.0
1,2025-01-02,98836.28155720164,98836.28155720164,1448.5162770000018,600.9022666666665,74191.66797113692,0.0,0.0,0.0,0.0,9550.977948960845,83742.64592009777,2415.4427740740744,4170.13795388889,27470.68757386831,20672.031273,0.0,0.0
2,2025-01-03,99396.21604282121,99396.21604282121,0.0,44805.67577002743,57951.39930147235,0.0,0.0,0.0,0.0,0.0,57951.39930147235,4170.13795388889,10800.0,16414.33191909008,7328.733012962964,0.0,0.0
3,2025-01-04,122183.87943648433,122183.87943648433,0.0,78949.21566790971,78998.65739801129,0.0,0.0,0.0,0.0,0.0,78998.65739801129,10800.0,8016.231362050589,5128.700926644308,6659.639524736358,0.0,0.0
4,2025-01-05,113751.14552765078,113751.14552765078,0.0,26174.15816330521,95381.10509274603,0.0,0.0,0.0,0.0,0.0,95381.10509274603,8016.231362050589,1233.6230244708836,13924.339832459646,17383.062768114054,0.0,0.0
5,2025-01-06,120659.58985372393,120659.58985372393,0.0,22076.890359347628,98313.14202992608,0.0,0.0,0.0,0.0,0.0,98313.14202992608,1233.6230244708836,5156.069193405574,23263.2465386057,15313.028144229404,0.0,0.0
6,2025-01-07,121022.8522784843,121022.8522784843,0.0,23894.830247573656,100400.27242445239,0.0,0.0,0.0,0.0,0.0,100400.27242445239,5156.069193405574,5925.991248403444,20358.90121796085,15797.780137050204,0.0,0.0
7,2025-01-08,122924.8141684196,122924.8141684196,0.0,30169.643102009562,101886.88986169416,0.0,0.0,0.0,0.0,0.0,101886.88986169416,5925.991248403444,5939.2160777876625,16932.98633314522,13703.816583401835,0.0,0.0
8,2025-01-09,124585.5712235458,124585.5712235458,0.0,29948.998301633517,103690.02186263556,0.0,0.0,0.0,0.0,0.0,103690.02186263556,5939.2160777876625,5929.272563869713,18705.084040904145,15160.067235658513,0.0,0.0
9,2025-01-10,125786.05699700954,125786.05699700954,0.0,73648.57946548652,80230.57324259948,0.0,0.0,0.0,0.0,0.0,80230.57324259948,5929.272563869713,10800.0,11911.348012310988,5264.537197454637,0.0,0.0
10,2025-01-11,112844.24058801107,112844.24058801107,0.0,68185.03785367822,72736.41660030372,0.0,0.0,0.0,0.0,0.0,72736.41660030372,10800.0,9069.417592592594,7109.685707015086,7316.369589348886,0.0,0.0
11,2025-01-12,98508.6352806484,98508.6352806484,0.0,10153.186994858183,80354.58478399788,0.0,0.0,0.0,0.0,0.0,80354.58478399788,9069.417592592594,3025.483377141778,15416.319366820902,17926.759481030662,0.0,0.0
12,2025-01-13,112817.60456610912,112817.60456610912,0.0,19696.500574603775,89472.87795027485,0.0,0.0,0.0,0.0,0.0,89472.87795027485,3025.483377141778,3772.5129622213217,21972.73893824788,17125.591913409196,0.0,0.0
13,2025-01-14,114486.44177227224,114486.44177227224,0.0,20782.955335964445,91646.82675865243,0.0,0.0,0.0,0.0,0.0,91646.82675865243,3772.5129622213217,4311.745051862727,20725.603275248417,16302.429772273948,0.0,0.0
14,2025-01-15,116006.42783512914,116006.42783512914,0.0,21843.771055757075,94238.35095406845,0.0,0.0,0.0,0.0,0.0,94238.35095406845,4311.745051862727,4698.820276922049,19704.979702554476,15612.66585651574,0.0,0.0
15,2025-01-16,117414.77040272643,117414.77040272643,0.0,24288.303760202394,95217.76303340249,0.0,0.0,0.0,0.0,0.0,95217.76303340249,4698.820276922049,5118.629866552977,19339.402957137972,15287.087764613927,0.0,0.0
16,2025-01-17,118579.6222623126,118579.6222623126,0.0,68245.13424629635,73879.4434600324,0.0,0.0,0.0,0.0,0.0,73879.4434600324,5118.629866552977,10800.0,13327.060153932998,5681.685604583412,0.0,0.0
17,2025-01-18,104633.52258715332,104633.52258715332,0.0,61256.70901795163,65763.1323683154,0.0,0.0,0.0,0.0,0.0,65763.1323683154,10800.0,9525.869388888888,6742.221592289581,6607.917039754559,0.0,0.0
18,2025-01-19,96533.79436705832,96533.79436705832,0.0,10539.708408044376,77646.12520382507,0.0,0.0,0.0,0.0,0.0,77646.12520382507,9525.869388888888,3153.5327331554804,16031.839381617592,18720.89288927032,0.0,0.0
19,2025-01-20,108700.18859076241,108700.18859076241,0.0,15985.085953078478,86080.95485557738,0.0,0.0,0.0,0.0,0.0,86080.95485557738,3153.5327331554804,3930.5042927305667,20782.903600349207,16134.877512665282,0.0,0.0
20,2025-01-21,110957.76550915313,110957.76550915313,0.0,23292.0658418766,86951.38712964635,0.0,0.0,0.0,0.0,0.0,86951.38712964635,3930.5042927305667,4661.523059662902,18588.83207212678,14399.037088183592,0.0,0.0
21,2025-01-22,111667.82606363935,111667.82606363935,0.0,19273.039739892854,89682.07654626005,0.0,0.0,0.0,0.0,0.0,89682.07654626005,4661.523059662902,4361.376298349108,19821.86338032763,16325.8414232478,0.0,0.0
22,2025-01-23,113945.42033496074,113945.42033496074,0.0,19674.693251915895,93160.44700890256,0.0,0.0,0.0,0.0,0.0,93160.44700890256,4361.376298349108,5430.903188764169,19695.933061427968,14991.131578383105,0.0,0.0
23,2025-01-24,115147.58396580767,115147.58396580767,0.0,68414.57403082695,69843.04450362455,0.0,0.0,0.0,0.0,0.0,69843.04450362455,5430.903188764169,10473.869287984115,12446.985766751499,5543.388981770766,0.0,0.0
24,2025-01-25,101497.32808343071,101497.32808343071,0.0,62786.29980054738,61582.73656937405,0.0,0.0,0.0,0.0,0.0,61582.73656937405,10473.869287984115,9303.083927322634,6974.524425326348,6703.0716091096765,0.0,0.0
25,2025-01-26,94230.86489128665,94230.86489128665,0.0,9136.876751907621,75165.09561644743,0.0,0.0,0.0,0.0,0.0,75165.09561644743,9303.083927322634,3051.279851590013,15903.272495816038,18508.27438977035,0.0,0.0
26,2025-01-27,106649.34318970847,106649.34318970847,0.0,17865.62029272591,82647.03245375137,0.0,0.0,0.0,0.0,0.0,82647.03245375137,3051.279851590013,3933.8872848289047,19970.839072285416,15382.03295863619,0.0,0.0
27,2025-01-28,108470.11034983698,108470.11034983698,0.0,17466.030240171272,84660.17981524723,0.0,0.0,0.0,0.0,0.0,84660.17981524723,3933.8872848289047,4019.6966495000797,20770.80165681574,16747.12091381669,0.0,0.0
28,2025-01-29,110821.66755317533,110821.66755317533,0.0,25191.706538412018,85714.12321689879,0.0,0.0,0.0,0.0,0.0,85714.12321689879,4019.6966495000797,4927.044684345266,18042.87754422443,13798.117579461124,0.0,0.0
29,2025-01-30,111128.73734296838,111128.73734296838,0.0,23510.317324791176,87003.83548101288,0.0,0.0,0.0,0.0,0.0,87003.83548101288,4927.044684345266,4955.657785415178,20263.607599373492,16387.770364529606,0.0,0.0
30,2025-01-31,112116.5285977003,112116.5285977003,0.0,65755.0445652841,68163.59626042392,0.0,0.0,0.0,0.0,0.0,68163.59626042392,4955.657785415178,10800.0,12301.331522578152,4704.1705401619665,0.0,0.0
31,2025-02-01,51803.34164107885,41396.44465982029,0.0,10566.769799159083,24970.762051628408,1080.007841804188,3267.324123389406,6534.648246778812,-2187.3162815852174,0.0,22783.445770043192,10800.0,4090.484886964315,13105.592258210529,16654.09333088265,11719.53623776645,3627.326737324135
32,2025-02-02,102612.27506011844,89137.86037903307,0.0,7098.4350637913485,75588.84340153198,269.7252611355017,5863.885515992777,11727.771031985554,-5594.1602548572755,0.0,69994.68314667471,4090.484886964315,4106.899807081788,19307.231248084252,15624.08388284252,13755.440379157486,5953.793936371278
33,2025-02-03,105770.91216335446,91100.01684612689,0.0,6782.647242193439,79567.11748875101,519.4841766770137,6687.50313916352,13375.00627832704,-6168.018962486507,0.0,73399.0985262645,4106.899807081788,4565.032480973594,19411.22998647803,15310.776882544575,15206.522911002028,6860.66453138919
34,2025-02-04,109052.68408895787,92124.7847078227,0.0,7421.083764935661,82667.20838869798,230.1677288515154,7460.199121158812,14920.398242317624,-7230.031392307296,0.0,75437.1769963907,4565.032480973594,4265.997161280466,19884.046213741378,16375.209220854329,17165.704658992378,7536.92169744265
35,2025-02-05,103156.64352803578,90086.5639495955,0.0,4883.703949280828,76691.23908760352,1918.326523034581,6298.025781245655,12596.05156249131,-4379.699258211074,0.0,72311.53982939245,4265.997161280466,4430.032299152819,22667.375752085372,18212.942735104036,15250.941994853853,6937.467955590515
36,2025-02-06,106722.42673831251,89676.7661597598,0.0,5347.514194947069,80614.22264096882,1836.3942371619123,8220.870731890529,16441.741463781058,-6384.476494728617,0.0,74229.7461462402,4430.032299152819,4413.930832772063,21435.189830993535,17376.995082847447,19455.97109133351,8833.002144277834
37,2025-02-07,56771.66447739872,46706.50529271766,0.0,12250.081652538416,27071.883382493474,0.0,3315.0690795867863,6630.138159173573,-3315.0690795867863,0.0,23756.814302906685,4413.930832772063,3592.978092579133,17840.007577295895,15189.26360378331,10065.15918468105,3315.0690795867863
38,2025-02-08,46455.27734184785,43985.524802161235,0.0,8504.106562335654,21464.345194130332,1259.1834958186394,1363.970314443929,2727.940628887858,-104.78681862528992,0.0,21359.558375505047,3592.978092579133,4256.782099443436,17404.378510426523,13500.122987267605,4079.3388854063087,1783.6981463834754
39,2025-02-09,96164.45918381805,87860.11146821844,0.0,4795.089859442498,71196.98075121116,440.5139846141571,3556.37642718235,7112.7528543647,-3115.8624425681933,0.0,68081.11830864295,4256.782099443436,4275.120615954212,18384.741985524135,14875.136343414852,8996.820328270916,3703.2144220537366
40,2025-02-10,94397.74761765896,81749.41396907931,0.0,4263.399196609208,67774.5505024654,14.37570007874591,5483.636770145484,10967.273540290968,-5469.261070066738,0.0,62305.28943239866,4275.120615954212,3735.3903801669403,19184.917901817476,16025.540712680704,12663.4013320204,5488.428670171733
41,2025-02-11,95352.51050619576,82961.09261585501,0.0,3703.7238507192064,68989.00250414765,44.37570138418566,5668.470687420705,11336.94137484141,-5624.094986036519,0.0,63364.907518111126,3735.3903801669403,3869.8836945862836,20609.092888552957,16572.32125675049,12447.677057189847,5683.2625878821
42,2025-02-12,93015.8640928021,81532.39605865398,0.0,2342.9136508317442,66436.66632265883,1850.2886435300638,5497.143935106287,10994.287870212574,-3646.855291576223,0.0,62789.8110310826,3869.8836945862836,3826.6046331948437,20851.03910390109,16928.29282941219,14347.438078188443,6113.906816282975
43,2025-02-13,87591.73270345728,78362.06796693531,0.0,3559.2999399746336,60714.23193251807,1075.0663899464596,3960.412161894413,7920.824323788826,-2885.345771947954,0.0,57828.886160570124,3826.6046331948437,3415.3038138413053,20228.735514274726,16755.44650398071,11055.47808079219,4318.7676252099
44,2025-02-14,45440.96937496054,41783.70567417711,0.0,7227.154065135452,19459.778406751673,3020.8982300800385,1456.1740263201896,2912.348052640379,1564.724203759849,0.0,21024.50261051152,3415.3038138413053,4762.337212882363,18644.31438546341,13889.564593088418,8853.069437922095,2463.1401030135357
45,2025-02-15,43151.531829943604,39497.21019712728,0.0,7975.0754831317245,19499.34544543532,1097.5322603045304,1229.0601501034728,2458.1203002069456,-131.5278897989424,0.0,19367.81755563638,4762.337212882363,3687.038033272377,16893.751977076543,14651.70836308099,5558.028818568115,1594.9042368716496
46,2025-02-16,91754.2332714663,81547.5231155426,0.0,1720.0564046113634,65541.28683574183,2615.691348889056,5296.338921244772,10592.677842489544,-2680.647572355716,0.0,62860.63926338611,3687.038033272377,4146.82749246497,21243.563671883792,16793.47606095254,13664.691593422916,6168.2360375411245
47,2025-02-17,92102.41891453194,75845.96174346746,0.0,2615.4666144593793,65536.51968876136,0.0,7063.0381246827055,14126.076249365411,-7063.0381246827055,0.0,58473.48156407865,4146.82749246497,2320.2081086824837,19424.1547776087,17377.52281526728,16256.457171064476,7063.0381246827055
48,2025-02-18,85281.82101384296,78886.87144586808,0.0,2807.914541463652,59202.519733190325,81.16183942458618,2711.382877860906,5422.765755721812,-2630.2210384363198,0.0,56572.29869475401,2320.2081086824837,2702.158286880403,19177.968214173514,15190.399093102424,6603.136920609457,2738.436824335768
49,2025-02-19,84110.60457255508,77468.92399694679,47.7231746608029,1356.2221290563773,57957.9350022076,473.5384364415504,3313.5149120646774,6627.029824129355,-2839.976475623127,258.8301382725606,55376.788664857035,2702.158286880403,1520.5104944927534,22866.21406508822,19585.116405870336,7401.443758768753,3471.361057545194
50,2025-02-20,88736.6526841523,79758.49572661237,66.51936057122884,2179.574401840874,60644.63745446289,1898.815400665212,4430.261004076874,8860.522008153748,-2531.445603411662,364.556542515345,58477.74839356657,1520.5104944927534,3856.546617165186,23946.707587390578,17294.40063538119,11689.574300379278,5063.199470965278
51,2025-02-21,38986.20228152099,36582.77971195651,0.0,9493.676355639978,16812.141524709896,615.1341473635858,1039.2120212586144,2078.424042517229,-424.07787389502846,0.0,16388.06365081487,3856.546617165186,1924.973373641503,17196.09074818164,15667.249425198443,3458.2460909691963,1244.2567370464762
52,2025-02-22,42761.68938955688,38721.956715028726,0.0,6387.5114081921765,18603.493041856083,578.8309991107013,1215.9038836595312,2431.8077673190623,-637.0728845488297,0.0,17966.420157307253,1924.973373641503,2749.240855970603,19725.482575826452,15235.800152323238,4860.40053627145,1408.847550029765
53,2025-02-23,85042.72773352062,75688.07511556457,0.0,801.8685979814131,58474.3969068468,693.3298280928611,4285.5794374761535,8571.158874952307,-3592.2496093832924,0.0,54882.1472974635,2749.240855970603,1869.569416350078,21821.353315306787,18467.000481056966,10665.289193621333,4516.689380173774
54,2025-02-24,83839.39580109005,74635.38680481949,77.71680000000015,1675.7327611535752,57156.15372491684,153.91000543632148,4000.8546440738355,8001.709288147671,-3846.944638637514,396.4653396000008,53705.674425879326,1869.569416350078,2551.466581535395,22213.840938591915,17379.503711592664,9692.576653694905,4052.157979219276
55,2025-02-25,86050.0231937693,70989.03191884345,42.741475683670004,2421.78646821467,58070.79870662739,70.18287469603702,6134.538986331474,12269.077972662948,-6064.356111635437,216.42598781199325,52222.86858280395,2551.466581535395,1472.9629714329205,19785.878642480802,16997.214949501682,15288.507802958882,6157.933277896819
56,2025-02-26,73853.25131142954,75510.60594539653,0.0,1371.7599577417357,48000.65099457626,1902.680885957553,55.57908530927482,111.15817061854963,1847.1018006482784,0.0,49847.752795224544,1472.9629714329205,2342.135252010631,23903.910009481682,18579.912055160225,1935.9546361946236,689.8060472951258
57,2025-02-27,72725.15556458087,71970.35863346263,162.88367578117607,836.047677396707,46457.99005340677,1903.8076869168076,765.5998986520353,1531.1997973040707,1138.2077882647723,989.0134405083131,48585.21128217986,2342.135252010631,2351.9687417437294,22798.73837414373,18458.127942296633,3280.915862094847,1400.2024609576379
58,2025-02-28,33822.42701591141,33264.475714508706,269.8954702024911,7110.60278106664,13682.051982024572,470.56543358083843,369.5238931133683,739.0477862267365,101.0415404674701,1161.0543671807648,14944.147889672806,2351.9687417437294,1938.2831338676606,18439.43105648959,15308.256202845034,1527.3482420121109,526.3790376403144
59,2025-03-01,37385.27262113353,35459.81270097187,0.0,8533.852773076018,14844.555546007,967.6387499113125,587.0964123598412,1174.1928247196824,380.5423375514713,0.0,15225.097883558474,1938.2831338676606,1712.4119474496952,18265.674012308875,14998.480017746355,3632.5933299302033,909.6426623302787
60,2025-03-02,82020.1754035886,79618.70643213864,0.0,599.6498941411152,54395.585623648,2896.505733533496,1954.9275820286718,3909.8551640573437,941.5781515048243,0.0,55337.163775152825,1712.4119474496952,3693.025041600746,25674.724666289036,19013.975194958177,5580.680511792995,2920.429493206504
61,2025-03-03,81475.10825048055,74983.3072574833,6.500619695200384,559.7374814904229,55451.2743658065,786.1585805278986,2831.418089359666,5662.836178719332,-2045.259508831767,32.679171620940366,53438.694028595666,3693.025041600746,1956.412912603406,20925.656202380844,18512.7324400261,7378.274622910819,3093.470949535632
62,2025-03-04,74570.36795509848,73659.72848241983,0.0,504.81835818328113,48684.90794094845,1330.5062689518275,707.8271585904617,1415.6543171809235,622.6791103613657,0.0,49307.58705130981,1956.412912603406,1536.9999478290183,22804.862416843003,18849.41022593978,2433.037206942902,1151.329248241071
63,2025-03-05,78067.46321105283,71421.5758731642,3.331633333333457,1167.2483139655628,50191.281607042096,3111.18531931871,3304.827910515534,6609.655821031068,-193.64259119682447,16.901375900000627,50014.54039174527,1536.9999478290183,1503.815394733715,21879.227756058273,17752.04058019297,10228.758853494235,4341.88968362177
64,2025-03-06,73669.01765913109,72697.15026943301,0.0,545.3088288675384,47083.92601614608,650.8692940316807,663.9498331516734,1327.8996663033467,-13.080539119992636,0.0,47070.84547702609,1503.815394733715,3269.532083480834,24326.538354524902,18115.351047292766,2098.035909858247,880.906264495567
65,2025-03-07,33086.687988421516,31361.682647309826,0.0,8699.560492136732,13664.162110096975,687.6078860981218,726.0376153064278,1452.0752306128556,-38.42972920830607,0.0,13625.732380888669,3269.532083480834,1660.7723380037091,16777.475751416707,15037.639129576944,2724.5415013746624,955.2402440058019
66,2025-03-08,31358.182988382803,31747.13647937731,0.0,9075.041686241853,12569.05383715552,1066.2653071945217,237.62006323008666,475.2401264601733,828.6452439644352,0.0,13397.699081119954,1660.7723380037091,1568.5871724383574,19431.168028829532,15822.212752360741,1697.3151745489588,593.0418322949272
67,2025-03-09,73110.76744847433,68444.03491100697,100.8414597228134,1084.9950835918607,45799.35294639302,5720.590639287837,3322.7672574340795,6645.534514868159,2397.8233818537574,664.4443781136175,48861.620706360394,1568.5871724383574,1363.0130134458439,22691.436738058863,18565.08050092094,13916.370916595712,5229.630803863358
68,2025-03-10,71672.80965563381,74083.01143941838,0.0,1069.1241251096644,46131.83189375946,3480.4322153869985,105.14551532408095,210.2910306481619,3375.2867000629176,0.0,49507.11859382238,1363.0130134458439,1949.7103337255571,23388.35934766824,18416.54348335952,3062.250578216979,1265.2895871197472
69,2025-03-11,62711.01409254284,69899.06796070855,0.0,1455.2121471420037,39620.0681586238,10134.22453575941,1074.9460850667697,2149.8921701335394,9059.27845069264,0.0,48679.34660931643,1949.7103337255571,2190.6815244183063,22568.752326016198,18063.81531244965,12606.144179674244,4453.020930319906
70,2025-03-12,71918.7037506093,67457.98325715528,0.0,1279.6952632001958,44882.18617762141,5339.802045411281,2979.930795380119,5959.861590760238,2359.8712500311613,0.0,47242.05742765257,2190.6815244183063,1735.7839374905814,21853.479678193216,18110.726367571457,12946.223115697248,4759.864810517213
71,2025-03-13,71863.78676826101,74576.8768149913,24.6155072130108,2246.591909430491,45198.66369894963,3978.268831358266,184.52787143648277,369.05574287296554,3793.7409599217835,158.30232688687246,49150.70698575829,1735.7839374905814,2154.3284670129497,23329.43326072113,18520.150864613977,3962.759961746123,1510.6174818892382
72,2025-03-14,30239.31713441899,30746.974587066074,0.0,11228.126926838824,11658.369834213467,828.7553522228825,102.92194875480453,205.84389750960906,725.833403468078,0.0,12384.203237681546,2154.3284670129497,2040.2640191960368,18905.682525942837,15416.260849048918,1146.1368307271018,379.17373282909864
73,2025-03-15,30183.794934356814,30817.73760105456,27.39215277775145,7271.762033992054,12006.256464183025,1108.3675943642731,159.72566694597643,319.45133389195286,948.6419274182967,66.42597048604726,13021.324362087369,2040.2640191960368,1200.0,17923.579932193115,15274.337362352855,1886.0443911296397,529.1815317340674
74,2025-03-16,69129.28713296753,70883.28476128058,72.33341541272,2467.3539579661974,42946.96054727822,4582.394706105088,960.0348396419839,1920.0696792839678,3622.3598664631036,163.35195214928711,46732.67236589061,1200.0,1956.5590802155393,23454.28480631471,18317.06752092093,6994.089799526762,2487.499741677013
75,2025-03-17,65180.56401086181,62991.64769972114,197.21243550532648,1173.9782719321702,38855.93593635172,4295.225386342079,1564.5072674577295,3129.014534915459,2730.7181188843497,992.951763445184,42579.60581868125,1956.5590802155393,1928.1719036949173,22012.099414892255,17855.348984931286,9537.358334978982,2996.2490629050894
76,2025-03-18,73553.01775637688,67200.28278315937,0.0,1893.6172161473137,45920.33377051782,2398.369760406081,3025.9946199804417,6051.989239960883,-627.6248595743609,0.0,45292.70891094346,1928.1719036949173,1856.948415356092,22341.096525528148,18160.389325182747,10087.420965985435,3825.4512067824685
77,2025-03-19,60506.98303094666,67027.45730757114,0.0,2776.1202120158073,37007.48385430021,6150.723703355343,48.73274387264949,97.46548774529899,6101.990959482694,0.0,43109.4748137829,1856.948415356092,2316.193363224083,23013.401013021827,18227.534367466495,6717.334021905406,2098.9739783244304
78,2025-03-20,69440.35092204172,67169.0153520745,201.86693652504658,791.3896903313439,43015.61895568465,5917.482944958553,2670.4030253366345,5340.806050673269,3247.0799196219195,1024.4338597820336,47287.1327350886,2316.193363224083,2363.291793929313,22779.69575772016,18409.16497611862,12791.509042727619,4642.897340322819
79,2025-03-21,28840.934682658786,29736.829649140953,0.0,15025.036641686878,11119.502164394438,1728.175758269493,246.02444959882604,492.0488991976521,1482.1513086706668,0.0,12601.653473065106,2363.291793929313,1603.199093980192,17696.904846008518,15018.57635522111,2413.8454651927796,822.083035688657
80,2025-03-22,30976.188566040462,31357.15015065529,0.0,11520.684211942847,12037.107567411203,792.374396861444,114.5180630920733,229.0361261841466,677.8563337693707,0.0,12714.963901180574,1603.199093980192,2112.0605735330196,18406.794072534554,14451.527867155442,1012.0973741154116,378.64286204588797
81,2025-03-23,69423.79979413399,65253.42720174844,0.0,2267.7537101391144,42227.36365698947,1788.838614919915,1823.8212854805834,3647.6425709611667,-34.98267056066834,0.0,42192.380986428805,2112.0605735330196,2111.655261709678,22191.148187282477,17975.19481233981,6474.39413636137,2420.1008237872215
82,2025-03-24,66190.90578272301,65086.831575195734,0.0,2756.464716859106,39997.436807811246,3695.799689292028,1270.1322315157158,2540.2644630314317,2425.6674577763115,0.0,42423.10426558756,2111.655261709678,2036.453691101679,23155.532571318465,18823.662796315155,7048.745717865464,2502.0654612797252
83,2025-03-25,73114.83881838356,65428.19393421286,0.0,870.7463337198835,44844.167428775356,2057.4331926500486,3112.3322999432567,6224.664599886513,-1054.8991072932076,0.0,43789.268321482145,2036.453691101679,1454.8863927646441,21740.70238068237,18133.37949685605,10798.57057446272,3798.1433641599397
84,2025-03-26,63065.94507224579,60826.45032107374,0.0,977.1061889727736,38310.60512682522,1820.9427107209506,1225.6303953103923,2451.2607906207845,595.3123154105583,0.0,38905.917442235776,1454.8863927646441,1552.9615828532917,21939.587338708025,17682.798073273727,5304.696660919643,1832.6112988840423
85,2025-03-27,67419.62679228256,64544.5858937413,356.47813773283764,1064.2341028490869,40566.02272461816,2831.620346690827,1838.984374643093,3677.968749286186,992.635972047734,1868.69799659016,43427.35669325606,1552.9615828532917,2342.494807097313,23206.63487792339,18086.794349298332,7512.608863741203,2782.857823540035
86,2025-03-28,29597.834073452254,29491.20523522101,0.0,15696.038714997929,11429.035278765836,454.1264062499963,166.7667173486935,333.533434697387,287.35968890130283,0.0,11716.394967667138,2342.494807097313,1889.8475380421735,17792.99103003177,14819.705276475357,847.4689070905437,318.14218609869226
87,2025-03-29,28508.51140355899,28832.42854869691,0.0,18584.418504762183,11122.169901646495,497.89369022091216,68.52788864466768,137.05577728933537,429.36580157624445,0.0,11551.53570322274,1889.8475380421735,1386.9442450485142,15754.80960155624,13214.00874095485,742.4759682395947,234.4924520516384
88,2025-03-30,65565.43675474537,60009.92267786569,126.97737003157718,399.45758746314596,38650.915084416534,359.02771867621794,1727.5497333481726,3455.099466696345,-1368.5220146719548,695.1949232921783,37977.58799303676,1386.9442450485142,1315.9402097218554,23451.191538042745,19059.368777608615,6118.373663020707,1847.2256395735785
89,2025-03-31,57599.12617998006,62140.959251849956,0.0,645.9219695538129,34949.06413327332,9133.654597691868,2037.2932128314033,4074.5864256628065,7096.361384860464,0.0,42045.425518133794,1315.9402097218554,1577.579228818534,22674.593061977932,18130.94526301512,15546.270389769412,5081.8447453953595
90,2025-04-01,71312.35839292745,66610.60399549008,0.0,1877.3995187312955,43792.814542784436,3478.3903450788594,2512.5329101340976,5025.065820268195,965.8574349447617,0.0,44758.671977729195,1577.579228818534,2179.335220413348,20961.960882404095,16437.607922311985,10768.076694468442,3671.9963584937177
91,2025-04-02,66282.56375244632,64747.134722242365,47.27135552345021,1095.1219478211544,40427.01344743978,3617.4627704760383,1528.2834950003926,3056.566990000785,2089.179275475646,295.63475762759106,42811.827480543005,2179.335220413348,1600.7132127715909,19919.518614853943,16655.56988490928,8709.975909448287,2734.1044184924053
92,2025-04-03,68390.42971356216,62772.39174152017,0.0,1540.6195780996036,41560.493670358446,1410.4846675580475,2061.4893618305364,4122.978723661073,-651.0046942724889,0.0,40909.48897608596,1600.7132127715909,2671.5416926334974,23181.559288832592,17813.317392078683,7504.9062793124995,2531.6509176832187
93,2025-04-04,26470.530741157374,26640.839885123958,0.0,18305.075260366328,10231.980111353965,374.79271198833317,72.44094144424886,144.88188288849773,302.35177054408433,0.0,10534.33188189805,2671.5416926334974,1674.5442227813594,14748.737355918744,12843.774981161107,608.966741503996,197.3718454403599
94,2025-04-05,27558.348995585256,28639.03415907654,0.0,13381.022661672083,10687.029894281477,2141.306242312459,277.96146436425045,555.9229287285009,1863.3447779482083,0.0,12550.374672229686,1674.5442227813594,1944.5651193552608,15636.198458708455,12422.30194463734,2665.430340093353,991.7302118017367
95,2025-04-06,64415.747027313315,58841.560896661336,84.78515609091608,888.2614439782392,38013.59703082076,1209.1375513864962,1697.152801743787,3394.305603487574,-488.0152503572908,353.1013763258094,37878.68315678928,1944.5651193552608,1498.422991671702,21208.08556327659,17580.07722116924,7377.267208226071,2100.1986522059524
96,2025-04-07,57452.794483288635,58036.71678768387,0.0,463.08245575245496,33788.782668190965,4423.506468704663,1090.560933127826,2181.121866255652,3332.9455355768378,0.0,37121.7282037678,1498.422991671702,1478.9758450891868,22886.407792222897,18555.49274362481,7236.326280320577,2565.0630893627135
97,2025-04-08,67117.0168269664,60128.28601554324,0.0,1413.7490951437117,40111.81387531996,1370.8974767617267,2385.7752574052893,4771.5505148105785,-1014.8777806435628,0.0,39096.93609467639,1478.9758450891868,1618.4624206220446,22293.712556596256,17932.369252863395,8555.811174530223,2842.741082992531
98,2025-04-09,64807.8727750856,65272.57876224525,0.0,1634.827170496268,38989.86339856974,1551.3644098420864,242.82989513730777,485.65979027461555,1308.5345147047788,0.0,40298.397913274515,1618.4624206220446,1951.607878456262,22124.26138437639,17620.82080929408,2042.3937982550663,759.95136508467
99,2025-04-10,62589.95188648073,60189.11573513076,0.0,1111.2169514965753,37694.89940688279,2732.612843351654,1757.8401318176925,3515.680263635385,974.7727115339612,0.0,38669.672118416755,1951.607878456262,2327.804870736415,22519.38731885289,17902.126435218703,6882.852089231067,2668.711079601577
100,2025-04-11,26040.902709576574,27107.57385723223,0.0,19380.26825383012,9800.195881618321,1989.9698290853623,255.90278515512102,511.80557031024205,1734.0670439302414,0.0,11534.262925548564,2327.804870736415,1489.0789520763856,16660.572439628806,14249.917002893359,2669.5147754431673,919.2260615169084
101,2025-04-12,28998.734958694808,28117.72408941389,0.0,15576.759879747264,10790.84221395221,291.00143909190854,329.70345696030836,659.4069139206167,-38.70201786839982,0.0,10752.14019608381,1489.0789520763856,1747.9815150740937,17277.84922615099,13762.045566484367,1458.3445858109153,426.7039366576112
102,2025-04-13,58628.15229890997,59264.078657471255,0.0,463.7819270583225,34919.01859972841,3003.1020646130028,464.6073318306326,929.2146636612651,2538.49473278237,0.0,37457.51333251078,1747.9815150740937,2165.7704432760142,21831.201114199306,17307.26286711971,3293.8843081940204,1465.6413533683003
103,2025-04-14,62766.79610453544,55881.145104398616,0.0,25.52356622881871,37144.550432650765,2746.2203153177907,2536.0630531369457,5072.126106273891,210.15726218084546,0.0,37354.70769483161,2165.7704432760142,1707.202554090821,19685.79388650776,16358.204148337963,9995.231912018793,3451.4698249095422
104,2025-04-15,56077.294376931975,56463.69803297786,0.0,1359.7581177825473,32861.56972422989,3535.5165246741844,946.5931902499065,1893.186380499813,2588.9233344242775,0.0,35450.49305865417,1707.202554090821,2524.229219343038,22258.879384920994,17294.36830305901,7275.213600913823,2125.098698474634
105,2025-04-16,60288.48110387515,59308.96779621059,156.22674294898553,953.7799626236754,35984.35273997696,3710.4491447588125,1528.8782879582348,3057.7565759164695,2181.570856800578,842.1136295398005,39008.03722631734,2524.229219343038,1446.1814029074947,19484.556112252074,16752.73348571617,8039.992062384309,2765.6946695445054
106,2025-04-17,55336.44395936973,57925.560702515766,0.0,298.31221396153524,33446.45272145364,5174.6711679984965,1061.0577851169767,2122.1155702339533,4113.61338288152,0.0,37560.066104335165,1446.1814029074947,2345.6816553519616,20786.083743969557,16027.177605415323,9543.21528988824,2785.948174449809
107,2025-04-18,26299.202304653933,26753.342078246365,0.0,17728.837474498207,9981.303609739207,701.2047300803698,104.7001413332394,209.4002826664788,596.5045887471305,0.0,10577.808198486338,2345.6816553519616,1911.1699195724962,16112.884119033393,13442.496698618568,1110.837273745664,338.4350513600293
108,2025-04-19,25608.941673134155,26433.969142928698,0.0,16933.23262848436,9558.75884713374,917.6186046426963,52.3334573502979,104.6669147005958,865.2851472923983,0.0,10424.043994426138,1911.1699195724962,1576.6900431355607,15879.416595987246,13163.359331542906,1123.5220928559124,358.20632556452995
109,2025-04-20,55380.20518684566,57561.02571739409,231.7244885931915,1931.2937840086697,32961.26425747354,2760.0129919024403,333.81887936035855,667.6377587207171,2426.1941125420817,1170.342214658583,36557.800584674194,1576.6900431355607,1482.0459049061747,20994.164542377555,17090.45300373227,3757.7588354372765,1253.8232099945053
110,2025-04-21,60934.04135689885,54332.30866413862,0.0,1994.3334016589772,35522.939461001515,1435.8867601951802,2163.163502575848,4326.327005151696,-727.2767423806677,0.0,34795.66271862084,1482.0459049061747,1450.2040097638971,20261.697814601932,16440.63293545562,9573.23055854785,2641.792422640908
111,2025-04-22,53985.149635634545,56825.376906160636,0.0,760.7589737237699,32261.901899694865,5372.678060775457,1073.8536710942012,2147.7073421884024,4298.8243896812555,0.0,36560.726289376114,1450.2040097638971,1431.631329421929,20675.8106740946,16764.1220583244,9217.817613669855,2864.746358019354
112,2025-04-23,53661.38506582056,57955.641915876615,0.0,1711.5813449056586,32005.53107123879,5062.322987355312,454.0176725748282,908.0353451496565,4608.305314780483,0.0,36613.83638601928,1431.631329421929,2314.8410962241132,21311.868758854343,16467.724904550054,6595.652554147504,2141.458668359932
113,2025-04-24,54790.56435665431,55239.948042017146,0.0,3341.8076171872362,31886.2355971354,3115.3826122995015,409.41022312075125,818.8204462415025,2705.9723891787503,0.0,34592.207986314155,2314.8410962241132,3198.167565310972,21121.262645535448,16313.228920705538,4315.4812786375105,1447.8710938872518
114,2025-04-25,25130.66935997954,25016.435444930696,0.0,20833.67415472262,9256.91392281765,493.93032619971956,172.53995256172752,345.07990512345503,321.390373637992,0.0,9578.30429645564,3198.167565310972,2335.7887562226683,15571.287202039723,13388.883561831652,1083.6698059739933,337.1833946283007
115,2025-04-26,25233.60799350754,25694.13992700215,118.36531285191052,23598.426564313406,9212.370916044534,465.97980103076213,31.326855136568952,62.653710273137904,434.6529458941932,252.47321231312515,9899.497074251853,2335.7887562226683,1200.0,16663.6574884617,14519.772446254383,652.5679682072562,186.65345548015637
116,2025-04-27,52984.95376720969,54380.18918542551,0.0,1709.964075716514,30588.890973583977,3827.80194198791,314.2131047931207,628.4262095862414,3513.5888371947894,0.0,34102.479810778765,1200.0,1501.3607922621693,20134.36428073534,16037.610354359673,4770.087917211757,1590.1470854557574
117,2025-04-28,65821.16526954104,63310.69982691961,0.0,2675.4676150493906,39056.34628204451,1832.3870245222984,1331.8193941690438,2663.6387883380876,500.5676303532546,0.0,39556.913912397766,1501.3607922621693,1684.3312835503816,20255.744489706187,16242.479594502618,5493.386850654307,1942.61506900981
118,2025-04-29,55663.542163665945,52750.861201870335,298.6006361656341,1932.3550900146906,32019.980847359373,1842.496035603096,1053.7848786876361,2107.5697573752723,788.7111569154599,1963.2143382079998,34771.906342482835,1684.3312835503816,1601.0504043385388,19783.399066554077,16099.506035199462,5653.064164507841,1667.950223888668
119,2025-04-30,52073.111686425036,52645.58426174853,67.2596738957732,1145.8142585267337,30650.256221476942,730.0432046963454,152.9106361670557,305.8212723341114,577.1325685292896,320.7201815844816,31548.108971590715,1601.0504043385388,1200.0,19321.68740888911,16011.512165104865,1132.0593651623972,396.25837106583754
120,2025-05-01,54671.37356919721,56137.90544212819,879.8806558440933,1442.9930834408292,33485.22362408915,4147.281819474274,614.0926359106745,1228.185271821349,3533.1891835635993,3881.025282139344,40899.43808979209,1200.0,1928.0536736277882,20569.294254033957,16005.880039502495,4272.521159283939,1996.5199090687659
121,2025-05-02,26904.573759532417,27927.37579449943,1063.1567254474198,12207.732595011194,10678.662188580845,1993.2306080879457,267.88924622165723,535.7784924433145,1725.3413618662885,3972.392688869536,16376.39623931667,1928.0536736277882,1200.0,16566.99025193332,14074.510410331,2698.3385006269464,932.299448917639
122,2025-05-03,26826.562742319024,28610.585484557796,567.2449411807385,17257.550675895156,10310.289268998758,1880.103630673832,25.902557323693276,51.80511464738655,1854.2010733501388,2481.62519171339,14646.115534062288,1200.0,1200.0,16068.98999917569,13015.881899332308,1970.9558822764602,652.6037675483038
123,2025-05-04,58543.00074457732,55260.93951800125,772.687326692931,691.9279271146921,35143.19805861275,4419.49554990662,1832.2768371552102,3664.5536743104203,2587.21871275141,3669.8638023305894,41400.28057369474,1200.0,1264.0494135857657,18680.984800099803,15073.953215853646,9053.320080250029,3305.442020457416
124,2025-05-05,61471.06798713107,60245.4395750417,102.54037988522532,1346.8876355553152,38190.33088152748,3248.103454187368,1485.6439411440049,2971.2878822880098,1762.4595130433631,690.2505671973943,40643.04096176824,1264.0494135857657,1313.3237440858534,20424.940115376445,16499.85459600484,4733.974852918538,2568.345092539794
125,2025-05-06,52912.8377384107,58057.38986504171,364.2890635345726,1889.7161148807834,33360.58687044338,5821.770497858855,316.4756246590131,632.9512493180262,5505.294873199842,1365.8240576174367,40231.705801260665,1313.3237440858534,1239.6973265600611,19621.81169895812,15959.93125192929,6973.199228234498,2257.065790611965
126,2025-05-07,57383.40783785125,59463.72313414453,248.412050348638,211.44548326604354,36354.47017204136,4142.318128205832,856.0140098729695,1712.028019745939,3286.3041183328633,1703.113017190262,41343.88730756449,1239.6973265600611,1753.8852341682255,20895.129654630437,16462.28590340331,5482.492648768215,2236.7867192749136
127,2025-05-08,65451.16912457709,61588.64963058714,119.81366630923651,687.3321865774076,39346.95454473417,5546.793979707067,2749.35398855643,5498.70797711286,2797.439991150636,817.3769688776438,42961.77150476245,1753.8852341682255,2991.3144811044954,21478.59151619124,16283.972805872265,12605.551386733496,4598.285315125453
128,2025-05-09,27165.11309379497,28291.685825013155,0.0,17278.40084045147,11359.424349471888,3722.9507600377883,997.7369242813919,1995.4738485627838,2725.2138357563963,0.0,14084.638185228285,2991.3144811044954,2580.037200073089,15179.203618368147,12665.304483806465,5652.757765115719,2238.720510960655
129,2025-05-10,27399.112176217503,28032.64712314917,231.24906227767593,13695.650048389118,11511.970299316908,4203.385343765257,1414.4393506724648,2828.8787013449296,2788.945993092792,1206.1841505371094,15507.100442946812,2580.037200073089,1963.4257492718211,15800.795575923887,13353.594722219492,7190.852471900555,2815.567798594217
130,2025-05-11,62650.3148966262,60541.08940513976,27.561666666666724,576.6523640505047,37830.87651392053,4835.825845457535,1705.112245983611,3410.224491967222,3130.7135994739247,183.58826166666705,41145.178375061114,1963.4257492718211,2616.777326545889,20631.069499347068,16123.149874924471,8811.403622003902,3317.0541944694555
131,2025-05-12,54749.35018254226,56803.42441097622,0.0,834.2910905968289,35254.0954655564,5046.017971828938,1395.3280086596606,2790.656017319321,3650.6899631692777,0.0,38904.78542872567,2616.777326545889,3304.9880107519116,17992.36037505602,13954.422288009959,8093.865413950416,3077.3339992693072
132,2025-05-13,64720.91514962951,58933.77950131652,0.0,1858.7187581539702,39783.30458264348,2445.955672985819,2563.130316822607,5126.260633645214,-117.17464383678816,0.0,39666.12993880669,3304.9880107519116,3501.671962461524,19835.96010503814,15890.112128542245,10363.894995585535,3378.4488744845466
133,2025-05-14,61133.690373495876,57702.226083463145,0.0,1697.9960812217887,38653.32403466842,795.8542007306237,1855.4278392097094,3710.855678419419,-1059.5736384790857,0.0,37593.75039618934,3501.671962461524,3074.2797284183994,17761.75910287813,14771.677883970104,5376.119815303905,2120.712572786584
134,2025-05-15,59105.04165716129,56938.878980398644,0.0,450.919507553235,38352.2576681095,2677.7648172854556,2425.526793635074,4851.053587270148,252.23802365038136,0.0,38604.495691759876,3074.2797284183994,2779.1405037706018,20992.244693132103,17269.343503620024,7722.182352049986,3318.1150660635585
135,2025-05-16,29307.5034017497,26878.222479404754,0.0,22198.730462444968,13310.097906227455,12.212314667039077,1137.18224130523,2274.36448261046,-1124.969926638191,0.0,12185.127979589262,2779.1405037706018,1873.4908668280427,14626.685036182931,12662.699552556474,2459.273713324348,1141.2530128609096
136,2025-05-17,30570.064880926613,28948.687464790157,33.7394281873452,15068.039339547322,13634.138661874693,229.51142616721978,901.2117252734668,1802.4234505469335,-671.700299106247,171.6493409031187,13134.087703671565,1873.4908668280427,2278.172349941454,16323.02702786727,12857.438557770422,2076.4206202446762,977.7155339958733
137,2025-05-18,64919.78199610752,58682.4614106581,4.489992406873057,970.4702177425863,40277.27739445517,1208.7541049224094,2731.1719226655905,5462.343845331181,-1522.4178177431813,29.519455078986912,38784.37903179098,2278.172349941454,2688.25343215468,19322.316375423634,15282.003290101242,8026.525166659398,3134.089957639727
138,2025-05-19,58816.04547297368,54942.8855415081,79.2365000000002,4577.925028687926,36388.80339738235,1714.5358413145796,1968.4624305589264,3936.9248611178527,-253.92658924434681,550.8294608333347,36685.706268971335,2688.25343215468,2089.09116873331,18253.823683681123,15324.843220860945,6613.057471939506,2539.974377663786
139,2025-05-20,58897.53062229966,58294.90710454573,97.95547247182105,483.26918256522544,36631.23427574622,2400.9205542795844,1507.5551133671684,3015.1102267343367,893.365440912416,628.5431448298127,38153.14286148844,2089.09116873331,2003.9908036451666,18204.152138763166,14821.953560977503,4618.459566456071,2307.8619647936966
140,2025-05-21,54808.17884231451,54930.20025475853,172.71382449517642,289.73534389324607,35485.386204240654,4918.437984510829,2274.6342582878497,4549.268516575699,2643.803726222979,826.716706431393,38955.90663689502,2003.9908036451666,2024.6661782431775,18062.92428888903,14612.360836861902,10407.359152976485,3914.113586458126
141,2025-05-22,57635.650420067825,56612.31367616959,2.57000000000005,815.3371900406206,36223.68930095805,694.4061711444738,998.6716292161314,1997.3432584322627,-304.2654580716576,16.86434000000033,35936.28818288639,2024.6661782431775,3451.4251381841877,19467.540029028427,14484.624359566122,2467.078886185287,1230.140352930956
142,2025-05-23,25667.546251271233,27297.543735066876,21.687788621870887,18593.999558776693,10479.812296514365,2884.8408598233314,569.5819421798366,1139.1638843596731,2315.258917643495,39.038019519367595,12834.109233677227,3451.4251381841877,2632.107200281905,16008.785398372529,13704.502316793809,4197.635052311963,1531.1955621209472
143,2025-05-24,26582.397591737765,27577.02460384467,123.16719071637473,20816.714478385562,11391.465143386635,2736.7679620575755,614.8304826856884,1229.6609653713767,2121.937479371887,239.2876419213605,13752.690264679883,2632.107200281905,3085.988775919155,14318.329025098017,11189.353092255871,4486.693672075879,1527.0864700382137
144,2025-05-25,57208.526087906524,57097.11990571124,5.67519877774032,5140.976163966448,34189.241370971,3903.4227522469487,843.0643384225169,1686.1286768450339,3060.3584138244323,36.81501447120146,37286.41479926663,3085.988775919155,3010.14844919649,18342.447638103185,14925.63888091398,5520.0149332174,2144.2052558381665
145,2025-05-26,55197.687091609274,59896.469435541556,0.0,1679.1012230394263,33962.60201956933,5667.072040637908,664.9164048009636,1329.8328096019272,5002.1556358369435,0.0,38964.757655406276,3010.14844919649,2853.330340402774,19887.745054823572,16250.209792321442,7840.038002244637,2553.9404183469333
146,2025-05-27,53042.37973189296,56339.11880391307,0.0,3278.6674684322725,32899.93613340764,6941.994298182808,1558.8405290792264,3117.6810581584527,5383.153769103583,0.0,38283.08990251122,2853.330340402774,2662.1932392103326,20221.61803449474,16551.533999013936,12169.018700918452,3872.8386284734956
147,2025-05-28,60464.65267574617,58166.976205914805,0.0,1901.3261421346924,36695.97185784191,3399.7469404289964,1523.220284646865,3046.44056929373,1876.5266557821315,0.0,38572.49851362404,2662.1932392103326,3083.3877755881485,19014.47832126357,15022.652357483461,7175.180675289794,2656.4692647898637
148,2025-05-29,58468.11305378011,61372.57936145628,11.682278960290205,3396.1075020291,35486.23372374891,6935.157420470603,1007.2136403513699,2014.4272807027398,5927.9437801192325,78.55164372899134,41492.72914759714,3083.3877755881485,3387.0074606527705,18972.489062259527,15094.458423872064,11023.412738842946,3318.9327805082376
149,2025-05-30,25882.290214836125,26814.75723379632,0.0,18173.446722112374,11086.38227746039,2464.205706871009,654.6982310010873,1309.3964620021745,1809.5074758699218,0.0,12895.889753330313,3387.0074606527705,2475.154489073592,15082.867997044961,13037.79075202768,3766.3333872100698,1476.1001332914234
150,2025-05-31,29288.692107056835,28604.350378636405,16.236496697849134,16897.338039437902,11342.449780547635,2527.990258936831,1098.5448646916866,2197.089729383373,1429.4453942451446,84.31612735193055,12856.211302144711,2475.154489073592,2029.83994565079,19657.10723672037,16323.039950824019,5082.702971312238,1941.2082843372968
151,2025-06-01,73907.4856611851,72786.46473076442,1834.018186039727,670.4889425300785,50212.94906736956,8868.494537140677,2582.206349369856,5164.412698739712,6286.288187770822,7046.041746764086,63545.27900190448,2029.83994565079,1200.0,18273.808554525196,15548.640880251114,11717.739615930364,5538.371195083415
152,2025-06-02,77261.23264542465,73159.72471112653,175.50706152482604,297.9266896632106,51559.45951591298,8216.062554740205,3468.7633628877325,6937.526725775465,4747.299191852472,1018.9543072801985,57325.71301504564,1200.0,1451.8784266664757,21946.352889412276,17549.855256424118,15482.933909326277,6207.450881134468
153,2025-06-03,71529.92470954225,73762.242158929,0.0,1010.4265657249351,47786.916346043974,9560.14996067325,1677.4965687204026,3354.993137440805,7882.653391952847,0.0,55669.569737996826,1451.8784266664757,2293.9924518147627,20008.13756440676,15448.688804536021,12058.774860085436,4864.213222278153
154,2025-06-04,81985.79648237387,72996.70543242041,225.12955861266124,234.29502032144615,55518.22172400556,8049.970449209267,5745.973887739007,11491.947775478015,2303.9965614702596,1375.2735931079221,59197.49187858374,2293.9924518147627,1276.1759767102137,22412.178850731856,19069.8996966869,22925.301835585135,8429.297370808763
155,2025-06-05,70665.02171706664,74229.9845369613,1064.7693462748152,145.1645866396641,46452.35071947919,8860.81607088782,524.7352456648912,1049.4704913297824,8336.080825222929,2965.1086404058506,57753.540185107966,1276.1759767102137,1200.0,21414.89294194209,17414.621662012283,7334.16056143837,3478.3406026274974
156,2025-06-06,32045.242169322864,34928.420723030846,1217.6572039478992,2261.7277998008904,15126.252769549128,7444.569215796154,660.1873408993233,1320.3746817986466,6784.381874896831,2528.846237630182,24439.480882076143,1200.0,1390.8570232796928,15039.91266434808,12010.557937170219,7641.891964533935,3141.710412831375
157,2025-06-07,36907.61144726882,40698.686519618066,767.4697854524757,6759.2583488104365,16188.349892378892,6506.993955539596,353.01747332299624,706.0349466459925,6153.9764822166,1496.1933258361696,23838.519700431665,1390.8570232796928,2061.1490038920892,15669.063194959384,12088.678405365947,6904.298693946436,2522.0154585028613
158,2025-06-08,76232.88266913232,72084.81765198286,0.0,1019.7524644142262,51858.6142848082,3897.829607764164,2731.686596085643,5463.373192171286,1166.1430116785214,0.0,53024.75729648673,2061.1490038920892,4222.897218599033,20708.255408766938,14828.113487864977,10547.415606634731,4030.963132007031
159,2025-06-09,84715.28663508974,76241.16174628251,0.015616457293845087,1355.9737077273721,60155.86739765438,1587.7283709385638,4081.8620423011007,8163.724084602201,-2494.133671362537,0.10899506368239179,57661.842721355526,4222.897218599033,3895.1702930612632,22354.974498226868,18402.483576547762,10827.8267182838,4611.104832613955
160,2025-06-10,79034.53921943363,76448.8298300264,185.47820198155287,1766.0389265243964,55090.37641958326,5618.570253582842,3366.4449960281772,6732.8899920563545,2252.125257554666,1186.6144481318781,58529.11612526981,3895.1702930612632,2805.6634964339255,22265.163100604317,19015.3382284541,11499.81932564245,5239.301747222458
161,2025-06-11,83865.56247252699,83945.55187091255,0.0,2439.71019979934,58553.303271869605,4666.059695466763,1876.3871994923966,3752.774398984793,2789.672495974366,0.0,61342.97576784397,2805.6634964339255,3744.3849671618473,24087.084372586418,18665.689018139867,7670.642240064295,3431.740431314651
162,2025-06-12,80971.87230086533,78902.1278388414,4.588240961891643,1685.8304354601407,55584.53606003464,6309.631040307833,2780.2596473325275,5560.519294665055,3529.371392975305,32.19109858863177,59146.098551598574,3744.3849671618473,4090.8873640414386,23456.010809569445,18687.516598559625,11284.58341624428,4883.469994101805
163,2025-06-13,35647.43046774123,36965.14879260899,0.0,6198.2812369047115,18044.862434357405,5277.60406541465,1376.6349788448865,2753.269957689773,3900.969086569764,0.0,21945.831520927168,4090.8873640414386,3601.614670868922,15062.62778715547,12641.073931451197,8057.014062317146,3135.836333983103
164,2025-06-14,37308.69420706968,36093.705665725814,0.0,7275.15089188745,18731.68430613022,4366.846198931412,1857.4475583455906,3714.895116691181,2509.3986405858213,0.0,21241.082946716044,3601.614670868922,2882.732451798948,17222.13695263863,14596.924928800267,8469.236121222288,3313.062957989395
165,2025-06-15,74403.92653836322,78263.72362155866,63.08825689402181,2757.06258711303,50658.31221822149,7139.471414486859,1156.3804377499328,2312.7608754998655,5983.090976736927,438.18256439165674,57079.58575935008,2882.732451798948,3674.0816403023982,22266.108886069625,17323.3339280633,7649.29057612936,3536.204242578886
166,2025-06-16,79195.50795649213,78820.94753968145,61.579443196567354,2240.2334670829578,54915.50810448265,5367.50585623028,2271.865389608989,4543.730779217978,3095.640466621291,418.35896638053237,58429.507537484475,3674.0816403023982,3338.11632246486,22371.628869379812,18423.388170251434,7911.246459069136,4061.0340083524156
167,2025-06-17,80618.77771120827,81709.13252381765,73.62410062597746,2581.535402593823,55760.38845848947,7568.383382448859,2296.995995555906,4593.991991111812,5271.387386892953,516.1515673978106,61547.92741278024,3338.11632246486,3377.961291981396,23833.418592727674,19269.20858754453,10291.970994763082,4819.790456372193
168,2025-06-18,80815.67041684149,77915.19621055253,43.63717464727506,3500.5489978693513,56024.35943611362,8075.17078267874,4149.45314433549,8298.90628867098,3925.717638343249,305.7683273263502,60255.84540178322,3377.961291981396,3007.947083373944,20331.085658300883,16801.19217097042,14591.150114811171,6841.176738561737
169,2025-06-19,75644.7242271883,76326.16636136793,98.43332456473718,3764.338432508498,50705.45433993571,11744.82947411476,3317.7271758102925,6635.454351620585,8427.102298304468,680.2215911442513,59812.77822938443,3007.947083373944,3201.886634196709,22243.21819833519,17842.46114491102,17540.80703463583,7232.670333848546
170,2025-06-20,34166.44781217429,34121.72284371045,273.6563763216699,9544.913210038621,17516.844118056157,3995.832043046178,1779.4757628748396,3558.951525749679,2216.3562801713383,1238.5719222101065,20971.772320437605,3201.886634196709,2598.0831756609646,15754.254066714064,13304.368906720556,6993.30445591088,3111.4197772235657
171,2025-06-21,39781.532325954955,38346.91712507528,0.0,14703.912590286756,20452.478050555208,543.0714162520646,1099.660583265245,2199.32116653049,-556.5891670131803,0.0,19895.88888354203,2598.0831756609646,3903.8845431421323,16489.6994950288,12181.435360240275,2622.28942156424,1280.6843886825995
172,2025-06-22,71889.07730480027,75449.57496264859,11.923633753709282,3924.006202151949,48446.858571497316,7723.027935927173,1443.328984538357,2886.657969076714,6279.698951388815,81.42649490408068,54807.98401779021,3903.8845431421323,3531.134689021031,23240.13769978602,19159.986405535667,9131.218174624782,4017.6716298474144
173,2025-06-23,75199.47877832224,74154.10208286776,5.998276491492561,3330.5566751374067,51679.64509716706,3463.44868643964,2142.0948081286247,4284.189616257249,1321.3538783110153,41.45108969445935,53042.450065172525,3531.134689021031,3388.6112657595013,20508.046132406496,16739.78844818464,7057.050733794091,3296.5777036085046
174,2025-06-24,86608.5440449921,85695.71858979938,0.0,3857.880027862274,61511.41253626048,1831.2660653672165,1436.867288022408,2873.734576044816,394.3987773448084,0.0,61905.81131360529,3388.6112657595013,4480.083066926121,24140.640478353445,18571.594166416337,4088.734030800809,2047.2893098114805
175,2025-06-25,74985.63170317403,77303.33529396311,35.30424511746344,4211.349350453273,51129.13523469073,4787.002390043734,1278.0840620264225,2556.168124052845,3508.918328017311,241.83379098893317,54879.88735369697,4480.083066926121,3433.5793512641626,19114.327189770673,16424.458367810017,6450.31269420184,2873.751525374334
176,2025-06-26,71094.45626475324,73966.21283966591,52.24204697656273,2629.672538159678,47845.80398301099,5729.019022755938,1002.1345338004857,2004.2690676009713,4726.884488955452,365.0618057743464,52937.750277740786,3433.5793512641626,3551.8451585765615,19657.68046614903,15816.281950999557,6573.398912702913,2911.8075413857982
177,2025-06-27,35512.56505486543,34239.27550905454,0.0,11692.8922038801,17546.833801705146,3566.1674581857587,1890.9885090550006,3781.977018110001,1675.1789491307582,0.0,19222.012750835907,3551.8451585765615,3378.946036600344,15422.877096244098,12648.13965773632,7943.355830792387,3079.71099511692
178,2025-06-28,33670.00066357704,34678.706902252554,0.0,10484.624734672263,16743.220529123726,3850.141126272735,1319.766173577123,2639.532347154246,2530.3749526956117,0.0,19273.595481819335,3378.946036600344,2871.5523000233234,15125.317967541809,12708.161916628183,6444.697192580741,2603.146549001368
179,2025-06-29,69144.22428889041,76118.90721709662,24.476093560066488,2535.146051426509,45658.64500444879,15905.697556286592,2377.922497747719,4755.844995495438,13527.775058538875,169.07971011937923,59355.49977310704,2871.5523000233234,3111.5686572342247,21707.652654773905,17367.183928877057,17510.924130071075,7679.821683176582
180,2025-06-30,78670.35065974026,78680.26053385864,77.50382631168122,4470.490253351163,53251.38372255176,3652.402082913701,1715.2414034065632,3430.4828068131264,1937.1606795071384,548.3476839413689,55736.89208600027,3111.5686572342247,3441.351335775818,21646.240593675804,17236.65047018997,6062.415035819211,2932.708764377797
181,2025-07-01,69178.0409280755,81747.59307644409,50.96881507795081,220.00118729182407,51455.69447971118,15193.89876766784,0.0,0.0,15193.89876766784,420.11045828000954,67069.70370565902,3441.351335775818,1918.0686325450645,21489.32159897145,18777.30492807456,12569.552148368597,5064.632922555947
182,2025-07-02,65932.71265095085,76134.85058300731,349.5327998994836,515.9920967538483,51083.06504233145,11001.66334601843,366.1788617912913,732.3577235825826,10635.484484227138,2394.240496422659,64112.79002298125,1918.0686325450645,1435.903180955462,18408.283294299625,15344.658374813342,11298.189506987323,4033.3999771307676
183,2025-07-03,74747.51191743142,83664.75405397751,1362.2453304079,889.3784432593752,55796.046380319676,16533.797767407457,1328.4778058725365,2656.955611745073,15205.319961534919,3915.464884716942,74916.83122657154,1435.903180955462,1755.5295376394001,21523.88571987974,17146.683712087048,15472.353366535584,6839.7437283416875
184,2025-07-04,36832.87103596316,39308.78164992822,1981.7275415261504,10122.5345985822,21407.493115094607,4411.298196569673,534.0549884799582,1068.1099769599164,3877.2432080897147,4372.253012555176,29656.989335739498,1755.5295376394001,1200.0,14668.861632005055,12381.754505799556,5652.124520546665,2004.4877206698493
185,2025-07-05,40491.15335215587,41888.70483859906,1327.811094216559,10754.673557113238,22779.786318815342,3152.942192967729,389.19856812430766,778.3971362486153,2763.7436248434215,2934.60461484435,28478.134558503112,1200.0,1831.7303499340164,16332.658389974185,12660.895980938476,3468.691615850956,1440.1792991135508
186,2025-07-06,76289.69886604056,84590.7627660529,73.2731396984567,963.2653468171053,57857.77441735365,11420.69344992367,683.2126272151266,1366.4252544302533,10737.480822708545,617.2868742211504,69212.54211428334,1831.7303499340164,1467.698866486686,22286.40707387814,18379.618064943897,11627.569098653006,4490.11044385635
187,2025-07-07,81687.89090776572,78998.68029106423,115.12299069995463,1473.9307517981906,59971.17323237966,5792.585811323113,2729.9734286030225,5459.946857206045,3062.612382720092,928.0578055656417,63961.8434206654,1467.698866486686,1776.2669560880659,20803.57096135829,16573.181198058977,11446.388834699135,4660.835365710727
188,2025-07-08,100513.03344889547,87333.25573782565,78.6821598661096,5967.953271112074,75104.6936462872,1272.3322815868903,5898.639697166869,11797.279394333738,-4626.307415579979,668.2469086943763,71146.6331394016,1776.2669560880659,3306.1862855322743,23661.422175859094,17788.82456594608,14622.812823817685,6322.750457695833
189,2025-07-09,97475.70281282594,83997.46460119046,120.14983020855902,6072.241990180406,72674.6100771944,1097.1573933470754,5936.731661027999,11873.463322055997,-4839.574267680923,1027.2442865416735,68862.28009605515,3306.1862855322743,3342.4046627702905,20810.79413177753,16824.14670722558,14871.881274231937,6302.450792143691
190,2025-07-10,89133.70239443993,81428.39147782917,281.3506436601931,5064.29081345938,67211.1182727196,2215.227496726541,4109.776710860286,8219.553421720571,-1894.5492141337445,2371.8542411908693,67688.42329977672,3342.4046627702905,3106.425635554436,21074.7844694258,17282.956544729164,10331.297013445499,4848.1858764357985
191,2025-07-11,54960.08838975311,47941.2010283732,320.4914248088305,13071.232231110724,32802.22559000009,670.8200985532442,3225.546707528945,6451.09341505789,-2554.7266089757004,2066.706968303979,32314.205949328367,3106.425635554436,2995.429947779926,14587.258900359842,11915.575828288529,7972.422192724249,3449.153407046693
192,2025-07-12,50265.627199414615,48484.40361232397,0.0,14466.167367339678,29541.331577865127,1489.0885402959698,1836.7917833271954,3673.583566654391,-347.7032430312256,0.0,29193.628334833902,2995.429947779926,2924.1658517075607,15779.634726926817,12845.641815275852,4324.351408695537,2333.1546300925183
193,2025-07-13,94175.4719079256,78410.73658717216,37.93358616435057,5004.116999041233,69344.86050315031,623.3816642843847,6451.376115787661,12902.752231575321,-5827.994451503276,310.82780503068864,63827.693856677724,2924.1658517075607,3174.570630257542,20797.202492633114,16620.36971833783,16510.120548651834,6659.170003882456
194,2025-07-14,94152.2345777993,83224.92272108105,0.0,6465.806548211453,68633.23778846262,1362.1323939398603,4337.19908892043,8674.39817784086,-2975.066694980569,0.0,65658.17109348204,3174.570630257542,4224.5548242020595,21086.58516659408,16135.148210391137,12801.699462474488,4791.243220233718
195,2025-07-15,95822.33255465145,80694.86500080189,14.754289463519967,4940.534153240697,71111.86658354827,879.2814396333654,6518.073094434207,13036.146188868413,-5638.791654800842,127.85009965807701,65600.92502840552,4224.5548242020595,3328.735757526871,20138.27217736336,17118.237623671987,16171.992040964973,6811.166907645329
196,2025-07-16,90788.55177468245,81128.03594706752,68.47714056326379,4958.798932538939,68636.17224830047,913.064127722128,4440.472401089341,8880.944802178681,-3527.408273367213,573.2537158069294,65682.01769074019,3328.735757526871,3734.5534004798346,19673.236279478144,15570.085507719636,10587.86032721529,4744.82711033005
197,2025-07-17,87074.6478726753,79819.31426182222,62.8030011677713,4076.8290401206827,64707.02276772987,3952.0877323503696,4458.687083272925,8917.37416654585,-506.59935092255546,523.8032918651921,64724.2267086725,3734.5534004798346,2787.4172797905217,20722.603499068584,17637.73134286594,13242.75624200435,5776.049660723048
198,2025-07-18,56194.244045729814,47604.666871442074,0.0,12671.445028587586,32180.570474188396,591.5302819817441,3269.0686007834147,6538.137201566829,-2677.5383188016704,0.0,29503.032155386725,2787.4172797905217,3619.2960709471267,15317.278056913405,11658.304314058912,9518.7094749651,3466.2453614439964
199,2025-07-19,52311.47068985276,47151.92673806878,0.0,17013.20636661904,30575.87563925747,883.3496357503132,2524.90993906403,5049.81987812806,-1641.5603033137168,0.0,28934.315335943757,3619.2960709471267,3301.9354464188577,17060.66254486941,14104.761223419666,6616.619005363005,2819.359817647468
200,2025-07-20,92181.0933733146,82179.90435830146,0.0,5481.3247516677075,67380.57533869587,1263.367202117956,4170.863225474589,8341.726450949178,-2907.4960233566326,0.0,64473.07931533923,3301.9354464188577,4210.688649027369,19951.176355891672,15342.574965924594,11474.995989647065,4591.9856261805735
201,2025-07-21,96417.05559834477,84532.08347055019,15.345793838563964,7099.948265144527,73195.81807608154,1507.3847277453017,5653.36006589219,11306.72013178438,-4145.975338146888,127.10153746790604,69176.94427540258,4210.688649027369,3904.43302445382,19649.272165054877,16191.540515810644,13891.489726361966,6155.82164180729
202,2025-07-22,91592.22741267746,84085.60223478923,92.18558345200188,7343.176920284268,68193.07960741382,6127.1781995299525,5649.129029501585,11298.25805900317,478.04917002836737,781.6030053718794,69452.73178281407,3904.43302445382,2989.486259629263,20331.14931385478,17291.68303256448,16489.991602024653,7691.521762678236
203,2025-07-23,101940.54597254872,83875.58467738236,346.1126460951495,5878.7970948195725,75796.78490204818,2825.9669442945633,8210.766528294167,16421.533056588334,-5384.799583999604,2480.552542005275,72892.53786005385,2989.486259629263,2981.7891122580686,21754.108129607084,17627.755017615815,22413.761593872754,9152.755509725688
204,2025-07-24,98724.70018534562,82865.02587727968,17.69634459475526,4688.562017956707,74199.90885766619,983.5082106396599,6767.801507864529,13535.603015729059,-5784.293297224869,146.90620465336082,68562.52176509467,2981.7891122580686,3704.4390539527167,20670.017138908202,16092.32893499047,17050.819433502114,7095.637578077749
205,2025-07-25,49215.035947947676,45471.85127520334,316.0683944963019,16861.254755315153,28801.242436146225,704.0889887467981,2319.9753466942648,4639.9506933885295,-1615.8863579474664,2094.8644401160527,29280.220518314807,3704.4390539527167,3066.853886810593,15764.063148135443,13342.717800417622,4872.783176854216,2554.671676276531
206,2025-07-26,51204.67942371271,47215.777866403034,85.15747873089674,15349.737396835353,29076.337401230194,1152.7474330287864,2238.2686805945764,4476.537361189153,-1085.52124756579,552.2036708304998,28543.019824494906,3066.853886810593,2984.586591813635,18716.562879627214,15234.45649799531,5787.146494166527,2622.517824937505
207,2025-07-27,89793.80125009546,81309.77170571167,79.34738325497722,3611.7259132448653,65759.58166722911,3095.8029137635885,4396.493810105885,8792.98762021177,-1300.6908963422966,670.3431934661563,65129.23396435296,2984.586591813635,2948.6511478652237,21708.13302776501,17615.92965204322,12745.756877292308,5428.428114693748
208,2025-07-28,96734.51243566372,87886.49917179794,0.0,5320.497935050525,71901.39254102517,2768.1856747032425,4990.379717660471,9980.759435320942,-2222.1940429572287,0.0,69679.19849806794,2948.6511478652237,3139.8680195023126,23363.30957337221,18752.185569958117,12211.150378923827,5913.108275894885
209,2025-07-29,93884.73552610239,86853.81739644085,188.23061645354792,6853.1748051091345,69569.46631438831,690.4071379920297,3733.5476928780345,7467.095385756069,-3043.140554886005,1571.222514473928,68097.54827397625,3139.8680195023126,3231.876768765075,21246.41780762514,17126.79054983988,7852.992134436236,3963.6834055420445
210,2025-07-30,84805.30748698757,84282.6482907284,22.21253723505754,5850.904862692426,63924.411773211155,4991.454129970885,2431.627281283436,4863.254562566872,2559.8268486874495,183.50887636742786,66667.74749826604,3231.876768765075,3736.60345929663,20507.620493645365,16156.918578374345,8137.113985045528,4095.445324607064
211,2025-07-31,86947.84552036045,83604.01160095497,22.48229191586563,5306.551635325396,64023.271693317525,2443.691979638311,2318.086306712605,4636.17261342521,125.60567292570613,189.1547630341355,64338.03212927737,3736.60345929663,3286.2187343457085,21212.064438603127,17587.118447724362,7042.2592732338635,3132.650299925376
212,2025-08-01,49800.961685502814,45343.0972504098,0.0,20845.43685136367,29590.261066439023,34.78383420347736,2183.4824846157076,4366.964969231415,-2148.69865041223,0.0,27441.56241602679,3286.2187343457085,3680.1654577714753,15219.729901559334,11973.429169179872,4489.038703948097,2195.0770960168666
213,2025-08-02,47656.95907684487,43743.01254104352,101.72228686718015,20619.809055844737,27229.781573446646,2876.843670717678,2819.0103130618127,5638.020626123625,57.83335765586526,581.6992534257549,27869.31418452827,3680.1654577714753,2862.8012825505507,15965.939981218247,13668.039142485615,7281.908110542734,3777.9582033010383
214,2025-08-03,66822.72935415943,66160.686665013,472.02192268533514,298.090888362594,48066.28362042733,9653.606529439243,2585.628313275276,5171.256626550552,7067.978216163967,2676.61357675282,57810.87541334412,2862.8012825505507,2687.2641628833894,19226.953282646617,15731.815566644214,12204.516250278266,5803.49715642169
215,2025-08-04,73890.30999702502,70315.03761125696,0.0,1523.70216995999,54897.43436235544,1550.6982110230392,1761.2567194213852,3522.5134388427705,-210.55850839834602,0.0,54686.87585395709,2687.2641628833894,2531.233384147285,18505.831888558598,15130.151530594956,5461.412352887713,2278.1561230957313
216,2025-08-05,72617.39755343975,71151.42307650365,1.9789803106892805,2544.0466120449237,53593.31019891537,2985.8302795412033,1634.4412990482672,3268.8825980965344,1351.3889804929363,16.412673206701548,54961.11185261501,2531.233384147285,2259.2006006054685,19483.55377170377,16026.50806026769,5561.599735194906,2629.718058895335
217,2025-08-06,78695.33158080677,72173.95921395774,0.0,1027.862271869306,58591.41075416477,2676.036274463121,3338.3739621261375,6676.747924252275,-662.3376876630164,0.0,57929.073066501755,2259.2006006054685,1468.7301749416565,19700.637150101098,16668.93947467932,9744.763657786996,4230.3860536138445
218,2025-08-07,77421.4371409081,68926.68918170327,391.45832041853015,2176.172567242769,54443.64141506437,1879.8647279095649,2566.361410477064,5132.722820954128,-686.4966825674992,1267.6912346269437,55024.835967123814,1468.7301749416565,1338.2168261708305,20376.061572488383,16622.071887609345,10659.193474266183,3192.9829864469193
219,2025-08-08,42589.89676713213,41110.9358996197,179.94752795181526,22404.1276274002,23154.802945640306,0.0,657.8633707244729,1315.7267414489459,-657.8633707244729,1010.4037210296586,23507.34329594549,1338.2168261708305,1586.4909635707784,15200.725402691372,12089.140852520057,1478.9608675124246,657.8633707244729
220,2025-08-09,41172.98170050522,40838.42544359641,0.0,18578.2695181314,22576.51114206689,857.0219903742754,361.32950721976715,722.6590144395343,495.6924831545082,0.0,23072.203625221402,1586.4909635707784,1729.0031937315146,16894.557464843965,13556.330539378949,1645.4684445782416,647.0035040111923
221,2025-08-10,71074.0741769594,70214.2497456689,113.76467361951677,800.0212518830048,53491.90877885159,3554.5032759885753,1505.7997005641812,3011.5994011283624,2048.703575424394,553.8453938124571,56094.45774808844,1729.0031937315146,2452.761525697077,18799.955887560005,14576.581770154591,6485.616675359775,2690.634125893707
222,2025-08-11,72762.7907700277,69518.60802551339,643.9644645706038,2121.588182260504,51469.46009978154,2028.4734411112747,1806.9818391530869,3613.9636783061737,221.49160195818786,5435.142571018283,57126.09427275801,2452.761525697077,1718.5792282161071,21792.079169594937,18312.348195104772,5329.640973198254,2483.139652856845
223,2025-08-12,77036.05175838183,73301.80301720864,26.415425267011187,1058.6841740434963,56208.82746457407,3251.140052455715,2128.4079986654174,4256.815997330835,1122.732053790297,211.85171064142972,57543.4112290058,1718.5792282161071,2565.077153574399,19721.802555840535,15212.81193740838,6971.833483419727,3212.1213494839885
224,2025-08-13,67216.69179949374,71651.97163212489,40.939915661092755,1903.289095083564,49661.14784281721,4826.092024128275,64.4259683038787,128.8519366077574,4761.666055824397,336.62845652333516,54759.44235516494,2565.077153574399,2698.270225444873,18677.73283167895,15009.089828976528,4713.533013258548,1673.1233096799701
225,2025-08-14,68532.50520787372,71185.88395685732,0.5710430563676709,1620.5845243862968,50757.03262033548,7238.944464503762,1411.8451525390624,2823.6903050781248,5827.0993119647,4.963506245947796,56589.09543854612,2698.270225444873,2454.420043472032,20310.761347208452,16671.181855014405,8846.858946578843,3824.826640706983
226,2025-08-15,40973.351941598514,38827.81136147688,355.820758930389,20237.72568113188,23201.731778318797,714.1296517420723,1285.338102767318,2570.676205534636,-571.2084510252457,2177.980736257646,24808.504063551194,2454.420043472032,1332.4310000345183,14715.6299738727,12929.450417930644,3159.7614987753172,1523.3813200146756
227,2025-08-16,42203.94127398228,39956.01483820812,370.4289032368734,19807.471215032103,23669.252626112262,1206.7044029317954,1314.3891466371767,2628.7782932743535,-107.6847437053816,2222.7475954476404,25784.315477854518,1332.4310000345183,1649.9268717449675,17389.188816877988,13799.496657131764,4899.473897448948,1716.623947614442
228,2025-08-17,72602.3637999747,70724.64439360454,63.23188505644737,3380.1918694703413,50839.19033813714,4614.720786088177,1272.7706092906155,2545.541218581231,3341.9501767975617,529.8912615893204,54711.03177652402,1649.9268717449675,1855.8019500501282,21352.64853710174,17110.357744577763,7536.861172008549,2811.010871320008
229,2025-08-18,72898.94660486236,73108.22244716938,61.44314331014573,3939.1243327210345,53322.521916994876,4213.684397260846,1187.7231167564419,2375.4462335128837,3025.9612805044044,517.8120902462531,56866.29528774553,1855.8019500501282,2836.1453607421454,20811.139849836964,15974.714208745125,5586.674251552253,2592.2845825100576
230,2025-08-19,71296.35616722621,68772.03131496772,87.81497310713317,2031.4145502294004,52565.287475828154,969.3246378396854,1287.1818442178326,2574.363688435665,-317.8572063781471,696.1487236303747,52943.57899308038,2836.1453607421454,1682.4276660322962,18679.566384654325,16168.794696808865,4571.599963537518,1610.290056831061
231,2025-08-20,79902.52614083904,75851.02071414771,66.04211586810595,652.4426007480463,57063.36637922253,5611.811730938563,2346.0845325962546,4692.169065192509,3265.727198342309,547.227461142305,60876.32103870714,1682.4276660322962,2125.5033784021625,22185.058007727555,17571.128845126437,9746.119816782595,4216.68844290911
232,2025-08-21,73313.15128130176,69239.40823572077,348.12953386534286,855.5327730397224,52607.53403935574,1939.8378411185226,1648.951010467158,3297.902020934316,290.88683065136456,2067.1173142768034,54965.53818428391,2125.5033784021625,1326.3177925885554,18983.43968655425,16095.853173341191,7221.443239442467,2295.5636241733323
233,2025-08-22,41758.23468736331,41207.8672266926,76.6276622194725,16795.661733390767,23615.246511656653,1623.0322238705396,738.9855725507366,1477.9711451014732,884.046651319803,151.20109392540627,24650.494256901864,1326.3177925885554,1758.0692023149422,15103.618351408208,11845.354595886904,3303.4748654910954,1279.9963138409166
234,2025-08-23,39073.01259866651,40569.478646740004,0.0,15039.536715203369,21289.440117536302,2035.01318862664,71.97282330480968,143.94564660961936,1963.04036532183,0.0,23252.48048285813,1758.0692023149422,1914.0457822114777,15050.299261209235,12050.3634796726,1805.0014583129591,750.310552847023
235,2025-08-24,67522.71334183865,70133.19566453776,0.0,2166.639633422208,50163.07332326783,8608.251074509659,1376.76897748095,2753.5379549619,7231.482097028708,0.0,57394.555420296536,1914.0457822114777,2434.034756207463,19815.665637820217,15582.69909003799,10421.73450828002,4246.186002317503
236,2025-08-25,93157.95097025472,76975.69512873325,0.0,2689.9617982964983,66967.15222163429,881.241754801858,5683.960362288934,11367.920724577869,-4802.718607487077,0.0,62164.433614147216,2434.034756207463,2058.868042436255,20264.71766402198,16752.071350251896,17036.349773582886,5977.707613889554
237,2025-08-26,72271.10143427721,72961.8503040358,0.0,2924.7700342022636,53106.50156088306,2188.9596557081873,341.528225412277,683.056450824554,1847.4314302959106,0.0,54953.932991178975,2058.868042436255,2841.254639284921,20021.65236492848,15513.390478428271,3105.3173572788064,1071.1814439816728
238,2025-08-27,71617.47879130399,75213.57240089079,0.0,4337.79471873605,52116.86548669981,7826.643149994418,1426.625881160318,2853.251762320636,6400.0172688341,0.0,58516.88275553391,2841.254639284921,1755.5729331695463,20730.222899957498,17768.594084469412,13553.990778262189,4035.5069311584575
239,2025-08-28,70196.62837431913,77203.49260984357,39.020605065075756,1843.9062217742448,50190.620224958446,10534.119021470688,602.2512874618387,1204.5025749236775,9931.867734008849,324.4705396687658,60446.95849863606,1755.5729331695463,2465.9698927702484,21007.6565587392,16376.844548938123,9894.406973541021,4113.624294618735
240,2025-08-29,44160.08369313266,41860.38000889534,0.0,16847.325207228103,24822.269601766373,954.8868023304749,1223.2731732838542,2446.5463465677085,-268.38637095337936,0.0,24553.883230812993,2465.9698927702484,1959.4503599498132,15335.273848450697,12877.439396783455,4058.586605065233,1541.568774060679
241,2025-08-30,41886.06785846304,41202.03939402022,105.84606851292162,19859.05233412692,23270.545732419465,799.6638973834738,468.63234466345955,937.2646893269191,331.03155272001436,220.68640907706964,23822.263694216548,1959.4503599498132,1613.9614810106,17089.754137464122,14153.640842391236,1949.6706679980507,735.1869771246174
242,2025-08-31,68570.33591646217,71371.731047068,20.64347744403642,344.04645038862986,50129.14571500593,6321.301859467698,710.5422791632307,1421.0845583264613,5610.759580304468,174.8351643274901,55914.740459637884,1613.9614810106,2213.9245730068665,20324.937936807517,15923.23294601745,5701.417232034832,2817.642898985797
243,2025-09-01,80776.28958604523,66319.39496908171,0.0,7340.31886695401,51150.363870625384,2074.751436201407,5272.125302335178,10544.250604670357,-3197.373866133771,0.0,47952.99000449161,2213.9245730068665,4145.209930105535,19298.8670916083,13893.92552281393,18105.382358140214,5963.709114402314
244,2025-09-02,67178.70269922656,66663.37139018011,0.0,8884.578068523873,43627.25539165822,4162.93758908081,2138.9418886193316,4277.883777238663,2023.995700461478,0.0,45651.251092119695,4145.209930105535,4238.846323249402,19140.866935930346,15419.829464274098,10533.29179094659,3526.5877516462688
245,2025-09-03,69470.67355701198,61412.04985912355,0.0,2333.411282353167,46358.69261929732,378.54883352180417,2882.2145339055505,5764.429067811101,-2503.6657003837463,0.0,43855.02691891357,4238.846323249402,3992.881361133807,19748.89364565485,16217.972318884465,8434.397255356334,3008.3974784128186
246,2025-09-04,67189.66053227748,60451.50906845553,30.954966666666678,2908.9737692187723,45053.46902684297,729.9633925629647,2687.6551940711643,5375.3103881423285,-1957.6918015081997,214.88937860000007,43310.66660393477,3992.881361133807,3852.6347618493683,19863.929764523305,16216.005048619876,7512.668338558551,2930.9763249254856
247,2025-09-05,35538.306269258625,32160.590971479807,0.0,23058.846853522507,17315.24718880954,470.9029678605959,1561.1809694353512,3122.3619388707025,-1090.2780015747553,0.0,16224.969187234781,3852.6347618493683,3058.361555372305,15749.096511157866,13471.614059867228,4181.634435502685,1718.1486253888834
248,2025-09-06,36389.25328063812,34057.31118698951,0.0,22460.987579734156,17582.301159587973,1267.7374260702368,1413.8814056493218,2827.7628112986436,-146.14397957908523,0.0,17436.15718000889,3058.361555372305,3809.1304724524275,16839.72569412236,12964.485786867004,4059.212290935969,1836.460547672734
249,2025-09-07,62382.86811467922,62985.79522277111,0.0,3872.3813795334513,40937.923253045024,5430.768063360131,2140.9282139594866,4281.856427918973,3289.839849400644,0.0,44227.76310244567,3809.1304724524275,3961.9125706701316,21131.191253552952,16978.761026981956,11687.638152161879,3951.1842350795305
250,2025-09-08,60770.98275492965,63339.23728131103,0.0,1330.393998620459,39096.47614303638,4752.302865202666,256.3500947976052,512.7001895952104,4495.952770405061,0.0,43592.428913441436,3961.9125706701316,2583.546952229036,20283.172662916997,17669.89891355976,4923.824923907304,1840.4510498651605
251,2025-09-09,54279.4885696301,57223.56819477337,98.77281678290433,1398.9855052388789,35733.88878186901,6904.581232048716,958.3165885172621,1916.6331770345241,5946.264643531454,501.5288888442069,42181.682314244674,2583.546952229036,1600.677839302069,19500.54442781578,16680.023188165054,9208.70481008566,3259.8436658668343
252,2025-09-10,65271.258617670894,66028.21508034451,350.0733765403244,646.5381735526413,41421.70102959141,5243.996617628669,992.3564889923754,1984.7129779847508,4251.640128636293,1829.1139000010764,47502.45505822877,1600.677839302069,1803.685223515493,22279.184144948005,17863.432511615803,9262.93117016312,2740.3553615352653
253,2025-09-11,62418.709034092855,57614.7232507518,373.8790123478687,910.9835380603887,39287.16829475516,4905.743112320162,2146.04644150229,4292.09288300458,2759.6966708178725,1589.2989490922541,43636.16391466528,1803.685223515493,1371.3560943152368,20898.048199927245,17316.515258221298,12675.86236353394,3781.2941456090102
254,2025-09-12,32992.08852005658,33095.404165750646,0.0,17987.217460590877,14506.22903384348,803.482662537984,242.32752505615804,484.6550501123161,561.1551374818259,0.0,15067.384171325306,1371.3560943152368,1630.4532120376812,17491.27946952403,13934.748964364264,1187.4204598829451,510.155079235486
255,2025-09-13,32211.32140966851,32818.312661323,0.0,21612.966217890862,14064.41160017688,1508.567808696504,219.35620157744074,438.7124031548815,1289.2116071190633,0.0,15353.623207295943,1630.4532120376812,1748.571193119536,16273.36198486915,13075.11702477034,1688.3668592137517,722.2121378096085
256,2025-09-14,68196.83399366881,65275.517665270905,0.0,1532.6883243055292,44023.360874924954,4435.612583607994,2188.578043509913,4377.156087019826,2247.0345400980805,0.0,46270.39541502304,1748.571193119536,1482.960366300174,20434.496500541096,16790.991909575718,8883.37988561847,3667.115571379244
257,2025-09-15,58729.79696798742,61162.15704034471,313.1966742006319,2039.1701474192473,38207.47438698873,3492.8399633003582,176.24903393551165,352.4980678710233,3316.5909293648465,1724.1467520145102,43248.21206836809,1482.960366300174,1565.6918617314607,22603.655725813747,18234.502792020976,3148.3118866902996,1340.5290217022978
258,2025-09-16,71828.5824661649,66028.5217212894,4.854483333333405,2528.571557644944,45580.97768447497,2626.328417066036,2210.1725627495534,4420.345125499107,416.1558543164829,32.66581835000049,46029.799357141455,1565.6918617314607,1506.3679995661423,21402.242839964478,17389.20817632002,9038.716255420572,3085.6153684382325
259,2025-09-17,66833.22810638841,64658.629437758704,28.06219612954076,998.9147591791998,42750.58716612822,2832.456528210597,1514.1007466245946,3028.2014932491893,1318.3557815860022,59.39363810817302,44128.3365858224,1506.3679995661423,1200.0,21070.471970097766,17342.81349538872,5871.927577387495,2458.252922694794
260,2025-09-18,58655.640440242656,66362.34825129135,0.0,3153.591496326402,37242.98560254317,10157.50470378296,875.9165679173298,1751.8331358346595,9281.58813586563,0.0,46524.5737384088,1200.0,1278.8666259929407,22009.082499498094,17756.37686119981,14190.836799509983,4261.751469178316
261,2025-09-19,33745.66565735795,33152.523262383664,86.84485579912777,13430.913424364142,15306.56168359893,1036.0952887267033,615.1090250808918,1230.2180501617836,420.9862636458115,175.94767220440832,15903.49561944915,1278.8666259929407,1693.5216595070292,17546.909720996315,13839.807343844339,2718.7387653729634,960.4741213231262
262,2025-09-20,32841.11110496177,31985.88952387142,773.3131343644327,13790.710406888491,14434.297002774034,1066.7644698470401,568.5280593541479,1137.0561187082958,498.2364104928922,1879.561067884301,16812.094481151227,1693.5216595070292,1640.0286904485617,17743.16942192978,14420.110903915742,2467.6845939707555,924.1162159698279
263,2025-09-21,67072.51599998548,65293.82017681509,8.131267321035693,2726.3450945980885,43066.54054539087,1153.2024404976783,720.7666792428346,1441.5333584856692,432.43576125484356,55.86993776283625,43554.846244408545,1640.0286904485617,1876.8397847060141,21447.30990196317,17159.19103575846,4194.078517332973,1105.1674927420606
264,2025-09-22,72897.07186968732,64694.834800740486,0.0,104.21098997149163,47736.82929569242,2284.4865568192263,3149.9482456057635,6299.896491211527,-865.4616887865368,0.0,46871.367606905886,1876.8397847060141,1795.377191681987,21315.369795564708,17338.76586812904,11257.859023059407,3911.443764545506
265,2025-09-23,72731.6962051488,67663.50848356489,154.10581459208476,1222.866019297832,47105.83639985704,249.64309443249024,1819.1826654143192,3638.3653308286384,-1569.539570981829,775.46188651535,46311.75871539057,1795.377191681987,2020.8820340412565,22500.938617907843,18022.805922382016,5310.327662072961,1902.3970302251491
266,2025-09-24,60040.08272806148,66857.85643524805,0.0,1939.1236599461802,39223.42126782231,6653.997907268087,13.589830558007112,27.179661116014223,6640.4080767100795,0.0,45863.82934453239,2020.8820340412565,1927.026716189767,20736.723480885386,16881.21580558351,6871.297385450358,2231.5891329807027
267,2025-09-25,66151.96377313662,67334.99342602055,16.51470000000006,3221.3882811707153,43291.90590414064,2313.756622589857,360.7267743471084,721.4535486942168,1953.0298482427488,111.1026442500004,45356.03839663339,1927.026716189767,1720.9681633613925,20948.01917050202,17153.348225652167,4392.497202775784,1131.978981877061
268,2025-09-26,35489.32110440029,32759.50936937087,532.632361149054,12772.14403307464,15664.569448368547,385.9744496545163,1126.930114545742,2253.860229091484,-740.9556648912258,2105.124879202864,17028.73866268019,1720.9681633613925,1339.4390455262521,16679.633702615327,13853.879505170044,3535.659638948009,1255.5882644305811
269,2025-09-27,34119.350583931264,34072.85090671701,558.3687613679151,13470.258760264334,15381.7727250191,1538.115503098978,661.83463646134,1323.66927292268,876.2808666376379,2602.213180370599,18860.266772027335,1339.4390455262521,1305.9659494959915,17840.970759199045,14481.312101378462,3341.9062885222093,1174.5398041609992
270,2025-09-28,66560.38965352695,69975.74250324146,0.0,1507.2465286323893,43738.745318449524,9898.859354800865,1860.4548938569872,3720.9097877139743,8038.404460943879,0.0,51777.1497793934,1305.9659494959915,2436.5916019640326,20859.49326695352,15878.626459011115,13955.625554863236,5160.074678790609
271,2025-09-29,72593.93010188598,66795.12208721988,381.89965094911815,912.2203656779782,47427.51770719013,1706.078136082088,2526.0485964449495,5052.097192889899,-819.9704603628616,2035.193341347198,48642.74058817446,2436.5916019640326,1604.79012471379,22387.005800085448,18882.09602759443,9738.924459777885,3094.7413084723125
272,2025-09-30,72110.34098867643,71601.8195244598,868.1308356605718,1854.3951253966732,47284.40353042947,1158.0197969865612,602.2818743652656,1204.5637487305312,555.7379226212956,4849.754269911002,52689.895722961766,1604.79012471379,2163.0454113333763,24689.214263681097,19495.83379562406,2288.382113291874,988.288473360786
273,2025-10-01,66697.51922487273,60509.09590861964,12.237582190484673,5218.5710550962685,40828.92912646848,1696.5544154618187,2253.0504139689124,4506.100827937825,-556.4959985070936,58.52350637042214,40330.956634331815,2163.0454113333763,3467.848107697604,23510.0972402775,17868.856337896974,8927.105113403037,2818.568552456185
274,2025-10-02,69960.90711917635,59048.37399559078,0.0,3193.71596270843,43671.009298488185,1290.6350216155188,3762.1885121770238,7524.3770243540475,-2471.553490561505,0.0,41199.45580792668,3467.848107697604,3738.581495970802,20422.18350931479,16298.3085930991,12796.514643455906,4192.400186048863
275,2025-10-03,30430.915285951553,29861.16674853126,0.0,19022.387146426994,12561.78215614137,1045.4315746659943,697.884479049008,1395.768958098016,347.5470956169863,0.0,12909.329251758354,3738.581495970802,3333.1423023527427,17823.795665055386,14802.169762951118,2663.584345495992,1046.3616706043395
276,2025-10-04,32912.27791222572,31286.869281752977,0.0,15454.458113270734,14391.819612830119,823.5333925438617,1023.6798375521142,2047.3596751042285,-200.14644500825239,0.0,14191.673167821868,3333.1423023527427,2821.3643200627275,16826.467995841693,14090.039260692782,3210.025496752742,1298.1909684000682
277,2025-10-05,69486.28225863462,59226.71873398844,253.2557757182168,565.2715377593959,43033.66474586306,1292.6940236062424,3290.848258844643,6581.696517689286,-1998.1542352384004,1354.6205587156492,42390.131069340314,2821.3643200627275,2852.794224796663,21844.499952737115,17665.75804745652,12384.815983066317,3721.7462667133905
278,2025-10-06,61947.134195426566,63804.50152946926,20.44752097402529,1556.2872602704745,40364.73223990289,3329.8677265533825,1087.1045663163634,2174.209132632727,2242.763160237019,97.95384922606816,42705.44924936598,2852.794224796663,3161.928740604071,22407.007768137642,17871.45522796482,5790.5643219131,2197.060475167491
279,2025-10-07,66066.34414294963,63900.906609752805,0.0,1953.4997605545982,40741.46601256266,4135.530472634409,1769.365753608601,3538.731507217202,2366.1647190258086,0.0,43107.63073158848,3161.928740604071,3255.9022771310633,21532.98771749431,17357.143868296094,8341.256200901695,3147.8759111534046
280,2025-10-08,59237.10070199386,58863.0874410259,546.7547992838049,399.7489734312568,35949.69939148342,3951.5817804462476,819.8132873860008,1639.6265747720015,3131.7684930602463,2829.437608405665,41910.90549294933,3255.9022771310633,1763.36530712155,20394.10985905447,17862.512258842682,5773.400370450631,2137.0072142014164
281,2025-10-09,69654.35451782992,59541.407685961414,191.81246195088823,202.63350519555024,42458.41632893745,2679.306789599438,3172.432024854167,6344.864049708334,-493.125235254729,994.4437798517265,42959.73487353445,1763.36530712155,1375.7020990312933,21681.588666656105,17910.98370727268,13315.665976051543,4065.53428805398
282,2025-10-10,30936.335414591005,31577.77965452566,0.0,18708.006309605564,12087.09983811618,1630.8946830046802,273.84552534263696,547.6910506852739,1357.0491576620432,0.0,13444.148995778223,1375.7020990312933,1459.5139773565866,18161.74598821405,14635.583559960614,2367.8282998225577,817.4770863441971
283,2025-10-11,31786.927851520406,32805.37852826279,0.0,14621.56638570691,12323.132900477376,2033.3551425751036,253.7566072966399,507.5132145932798,1779.5985352784637,0.0,14102.731435755839,1459.5139773565866,1872.973902076556,19502.02435249774,15424.525793275205,2539.4434176640634,931.5416548216745
284,2025-10-12,63390.421619079745,63501.14543172167,15.57100725318628,1162.2598273605788,37432.77181205631,5176.088672994539,861.8276163024209,1723.6552326048418,4314.261056692118,78.20538392912809,41825.238252677555,1872.973902076556,1516.3634052729055,21897.10566002229,18057.605031741346,6407.244443560615,2587.1905073006
285,2025-10-13,68224.77470335652,62626.145206832436,4.271556282989799,683.6880837085348,41881.101882817624,3939.6505720014957,2206.4703904156218,4412.9407808312435,1733.1801815858735,22.62856940913846,43636.91063381264,1516.3634052729055,2419.925038218653,21611.19952503014,16691.86614562324,10411.604073194925,3519.6872477494535
286,2025-10-14,69727.5259039703,64935.588738802675,350.3269907625488,772.6876729681551,43383.17759617159,4426.4415003075555,2641.877454772158,5283.754909544316,1784.5640455353978,1818.5205469158573,46986.262188622844,2419.925038218653,1977.3532266126815,21777.438966890033,18038.040193626293,14392.131893228894,4117.357954874677
287,2025-10-15,73846.17657844067,67935.94812884631,0.0,271.96100117754133,45762.231662040285,2561.7013134404087,2581.313041983054,5162.626083966108,-19.611728542645324,0.0,45742.61993349764,1977.3532266126815,3090.7275047180656,24957.508565125947,19213.545087457176,10108.181499849255,3435.2134797965236
288,2025-10-16,66816.52049567252,66495.1727691927,214.95924670980037,477.0176244625079,42107.128719587556,2257.5433497818153,493.3636212630288,986.7272425260576,1764.1797285187863,1188.249854939377,45059.55830304572,3090.7275047180656,2115.504942002889,21812.324988861314,18545.683547421322,3732.981388465823,1245.8780711903005
289,2025-10-17,30919.02235418073,31903.476756322663,0.0,13013.24536848171,12284.8959729907,1540.8905018670334,223.61493837868963,447.22987675737926,1317.2755634883438,0.0,13602.171536479043,2115.504942002889,1459.2544906895803,18298.197249243498,15412.165178069212,2205.2788649243384,737.2451056677008
290,2025-10-18,34001.52398853183,32427.011280756265,0.0,12539.74082769492,13744.305089939706,326.73238858877227,572.2420033106093,1144.4840066212187,-245.50961472183712,0.0,13498.79547521787,1459.2544906895803,1519.5141115645383,19770.755408459027,15960.078222064349,2294.784631051006,681.1527995068668
291,2025-10-19,69518.12400000708,68899.88967251802,0.0,384.28922572703823,43972.947830410325,4789.245893970442,1246.3337023612926,2492.667404722585,3542.912191609149,0.0,47515.86002201948,1519.5141115645383,1778.6532332304391,23140.27738925445,18510.399475796796,6895.985231988098,2842.74900035144
292,2025-10-20,75931.21183239564,70402.02844986937,0.0,2054.3861540215903,49250.00093809268,493.3326803743452,2244.469617811358,4488.939235622716,-1751.1369374370129,0.0,47498.86400065567,1778.6532332304391,1479.6015926857353,21978.981082480772,18072.121153299653,6406.436386340656,2408.9138446028064
293,2025-10-21,75736.42189319216,73121.51648544519,0.0,1152.6224143578681,48913.55396190304,1014.8348578908406,1426.539057799225,2853.07811559845,-411.70419990838445,0.0,48501.84976199465,1479.6015926857353,2783.9872364200573,22801.924430139115,17295.611709051795,5212.67068065126,1764.8173437628386
294,2025-10-22,69095.01996710671,69145.09738691893,45.79511795867563,981.6669734307311,45186.3670369304,1060.3826227533623,459.77181286986126,919.5436257397225,600.6108098835009,266.4326304885603,46053.41047730247,2783.9872364200573,1401.6584154050736,20518.025107159898,17863.696275713006,2085.204817695011,813.2326871209821
295,2025-10-23,80767.86145927975,68287.43291457549,310.10370778739434,199.32692824634387,51471.44739699298,3568.322845331072,5066.950881121565,10133.90176224313,-1498.6280357904925,1583.70577598071,51556.5251371832,1401.6584154050736,2156.3963685295103,22839.20264721699,17820.48998643377,18312.505253950054,6256.391829565255
296,2025-10-24,32876.95168012525,33210.704332134475,0.0,12216.642856762253,13853.270730407847,589.8048428611195,193.6771581628562,387.3543163257124,396.12768469826335,0.0,14249.39841510611,2156.3963685295103,1480.9347904969236,16746.97988913098,14172.969130425425,1202.7868446329164,390.278772449896
297,2025-10-25,34380.51516244207,34744.35407628129,0.0,11258.249567145254,14069.188756483147,819.0174319149461,176.25026533955344,352.5005306791069,642.7671665753927,0.0,14711.95592305854,1480.9347904969236,2068.9353629474035,18728.79610840672,14641.124332604013,1366.6217051855301,449.2560759778688
298,2025-10-26,73613.36429805345,70429.29108482206,12.911969076093175,652.0216715760928,47251.20883155177,4205.295929520785,2434.757963773288,4869.515927546576,1770.5379657474969,61.82250793633413,49083.56930523559,2068.9353629474035,2802.779979305067,24133.73268912369,18887.8633234683,9845.772040600363,3836.523273613549
299,2025-10-27,68502.05580026718,71150.681486641,0.0,4440.879847084649,44230.24162094985,6648.621189740338,1169.933016390693,2339.866032781386,5478.688173349646,0.0,49708.929794299496,2802.779979305067,1957.7943937409143,20619.5105257759,17462.290552886217,10695.622740169109,3386.140079637472
300,2025-10-28,69571.94574004035,70999.01856595623,0.0,1179.3142701255003,44390.122687923424,6913.77793670589,1542.4340546539415,3084.868109307883,5371.34388205195,0.0,49761.46656997537,1957.7943937409143,1630.8457309418031,21797.55995973647,17950.27736390574,9001.437835343464,3847.026700222572
301,2025-10-29,77276.14165319053,75754.99608321952,0.0,1930.679531521475,50309.16366130046,3600.1314520368405,1234.7465533573147,2469.4931067146294,2365.384898679526,0.0,52674.54855997998,1630.8457309418031,1880.7406222130085,22563.970260810333,18051.910509112284,6646.177369881776,2434.790370702928
302,2025-10-30,67070.28754822236,69808.98624472403,0.0,362.67545309862646,43691.41457953882,4034.0970321117056,249.04819123425588,498.09638246851176,3785.0488408774495,0.0,47476.46342041627,1880.7406222130085,2140.1803768108202,23289.459802565223,18630.966660939812,4475.039751574809,1593.7472019381576
303,2025-10-31,36138.88838258057,34561.57419416366,72.37191782225236,7918.99726209064,15396.302047141184,122.57324966276416,638.3542104936962,1276.7084209873924,-515.780960830932,293.60177306758584,15174.12285937784,2140.1803768108202,1441.2478064001566,18103.663666306387,15293.00688307778,1907.4225016474693,679.2119603812843
304,2025-11-01,35094.756998525314,35453.52532052933,0.0,8555.314925704155,14311.053543472546,714.5020824463724,167.55673690630874,335.1134738126175,546.9453455400636,0.0,14857.998889012608,1441.2478064001566,2094.988800266354,19820.02666848563,15465.854706993789,1286.9305658579447,405.7240977217662
305,2025-11-02,72022.61607810679,74128.58975693125,501.9847085454966,2276.6751537188284,47407.36150547149,6859.210132604818,1886.7325516421465,3773.465103284293,4972.477580962671,3126.349843175487,55506.18892960964,2094.988800266354,1403.5183251165731,21999.151610838973,18441.63623241437,11437.858546143902,4173.135929177086
306,2025-11-03,83033.99209977579,77077.4409686696,0.0,1158.6540305476456,54880.73570223387,56.639239500616604,2325.6074726225215,4651.214945245043,-2268.968233121905,0.0,52611.76746911196,1403.5183251165731,3510.368175450295,23777.325207832997,17363.468553044382,6132.644130182993,2344.487219122727
307,2025-11-04,73256.56633804136,71307.73435869892,0.0,1236.296384217853,48933.07478127033,3586.9138921579543,1664.7679443705256,3329.535888741051,1922.1459477874287,0.0,50855.22072905775,3510.368175450295,2223.174750866294,19209.684333017518,16718.31839186979,8988.164575360022,2860.405908423177
308,2025-11-05,82249.51942410444,73881.41886721831,0.0,557.1455514571222,56475.88585728091,154.67986404076805,3603.626050834102,7207.252101668204,-3448.946186793334,0.0,53026.93967048757,2223.174750866294,1687.9072594057393,21726.284165310663,18080.030916216136,8800.190849529337,3655.186005514358
309,2025-11-06,76148.39231861755,77640.70865767209,42.189920174757276,2504.2229919940955,50946.96935962883,6380.572140573105,1470.3884650133023,2940.7769300266045,4910.183675559802,265.65828084471025,56122.811316033345,1687.9072594057393,1309.4711638010951,21840.43958893126,18031.3485530785,8878.757171198864,3597.2458452043375
310,2025-11-07,35194.20283164726,36198.286700467055,0.0,8163.461256036215,14500.7974318168,935.4438231572593,58.6443720933021,117.2887441866042,876.7994510639572,0.0,15377.596882880756,1309.4711638010951,2197.9452370355193,20614.40523782383,15898.041576726326,1384.869387390743,370.4589798123885
311,2025-11-08,36233.099989067094,36387.78473404098,0.0,9230.57757503705,14991.797314453903,332.42655639302086,90.6923639313381,181.3847278626762,241.73419246168277,0.0,15233.531506915584,2197.9452370355193,1999.9925535331183,18653.46039029525,15287.460331291315,610.9593746144664,201.50121606234507
312,2025-11-09,79741.82724419581,77820.52373385415,0.0,1574.8939754024095,52988.02790249426,1274.1595558324957,808.5166748594561,1617.0333497189122,465.6428809730396,0.0,53453.6707834673,1999.9925535331183,2759.8589761919307,22183.85681434459,17285.044239226183,3658.0883580107784,1233.2365268036215
313,2025-11-10,81568.2710645283,81103.79883649976,218.1143094227367,2896.405534660554,55076.380867933934,4011.6671722269757,1577.3254008761842,3154.6508017523684,2434.3417713507915,1392.4957373030024,58903.218376587734,2759.8589761919307,2950.134146150304,23135.878201575844,18568.8136903139,7513.861249077465,2914.54779161851
314,2025-11-11,81902.13006558297,76989.41208736869,0.0,2723.3253965563554,55733.365475001585,532.1954317161869,2169.4013491242877,4338.802698248575,-1637.2059174081005,0.0,54096.159557593484,2950.134146150304,1566.7237586563565,20800.717752053795,18093.65072790813,5882.518426881565,2346.799826363017
315,2025-11-12,80032.31975163339,78384.4486473341,22.693026025941208,2905.302178722315,53399.05896871023,5002.906844060865,2169.788046465994,4339.576092931988,2833.1187975948715,147.60678778573458,56379.784554090846,1566.7237586563565,1848.5956126758547,22590.353031685154,18044.501287047424,9660.231565079454,3837.423661152949
316,2025-11-13,77279.31074748443,78592.074464898,0.0,1324.4466154647926,52291.186482655816,4238.283133680297,595.5128010699151,1191.0256021398302,3642.770332610383,0.0,55933.956815266196,1848.5956126758547,2733.0353382597023,21451.37252495321,16579.615992186653,5021.011030393255,2008.2738456300142
317,2025-11-14,38009.17894886233,36980.41413108866,256.10936403924416,5606.3850559721,15908.016565522586,653.6299887712701,642.7339657460388,1285.4679314920777,10.896023025231216,1059.0861463299002,16977.998734877718,2733.0353382597023,3200.2169196523614,19006.419557381145,14974.736418225337,2373.685662539542,860.6106286697955
318,2025-11-15,38518.13474198594,35889.926799686524,0.0,5842.206079220102,16260.173002386313,0.0,607.9544847520214,1215.9089695040427,-607.9544847520214,0.0,15652.218517634294,3200.2169196523614,1436.7264966304997,18015.658865891746,16179.825062091984,2628.2079422994084,607.9544847520214
319,2025-11-16,79733.97255919597,81678.18474593083,0.0,1951.044328729319,53679.92975296132,6284.468171080662,1152.1071429821695,2304.214285964339,5132.361028098492,0.0,58812.29078105981,1436.7264966304997,2302.2159102424034,23756.081903249862,18463.48586938168,7916.774604916251,3246.9298666757236
320,2025-11-17,76585.31211700934,78709.61785894017,0.0,2213.2666245003284,51800.45708868972,7834.004147492917,1970.0772126135366,3940.1544252270733,5863.92693487938,0.0,57664.384023569095,2302.2159102424034,1725.1342423355002,22736.686327488034,18936.089426381517,11664.814384018038,4581.41192844451
321,2025-11-18,80415.83439194362,78923.27247527987,347.7064066713058,243.9180270496388,55689.52019993734,2058.4999335943744,1414.3863685542588,2828.7727371085175,644.1135650401156,1778.737754993314,58112.371519970766,1725.1342423355002,1780.4049291619374,21509.29159697055,17372.78257540236,4775.929701543517,2100.553013085717
322,2025-11-19,78640.35589407166,80631.20375300388,1.3850000000001046,1470.8794967424028,54980.41762452887,9024.67737703837,2265.6739059717825,4531.347811943565,6759.003471066587,7.02818250000053,61746.44927809545,1780.4049291619374,1382.9987334890404,21847.701222984706,18054.303566723218,12493.434226242347,5273.899698317906
323,2025-11-20,80477.75956639524,81709.46498997007,0.0,797.5335880707452,54190.40891006982,4309.854119736223,990.0093712127306,1980.0187424254611,3319.844748523493,0.0,57510.253658593305,1382.9987334890404,2845.5872794507045,25276.450932634245,19157.59556406824,6170.417298877146,2426.627411124805
324,2025-11-21,34669.34904398543,36690.61578017352,0.0,5222.564082408037,14985.984317854753,1797.6615513863849,231.95331310723168,463.90662621446336,1565.7082382791532,0.0,16551.692556133905,2845.5872794507045,2048.3774624219704,17479.770875919385,14876.103244820568,4378.212494205201,831.1738302360266
325,2025-11-22,40755.24465470771,37737.13399103865,0.0,4145.476682819039,16795.54004043026,583.4438937742168,655.1098106355013,1310.2196212710026,-71.66591686128436,0.0,16723.874123568974,2048.3774624219704,1516.0430274100793,20268.046402089414,16896.21857720313,4191.140466885606,849.5911085602402
326,2025-11-23,81170.02229597735,81458.17227608866,0.0,334.47366505173443,55372.36701205248,5582.766823787184,1647.4893595102703,3294.9787190205407,3935.2774642769136,0.0,59307.64447632939,1516.0430274100793,3024.2359995654806,23864.36133033542,17972.75900263183,8019.2259197158255,3508.411634105998
327,2025-11-24,77350.93190465626,76875.43374414924,210.25521637348794,202.55633427440614,53247.775369612675,2774.2327749257784,1148.157931281652,2296.315862563304,1626.0748436441263,1194.793386223157,56068.64359947997,3024.2359995654806,1495.0240608246345,21565.682479553023,18844.49355330471,4642.8844123279405,2072.902189590245
328,2025-11-25,90608.40162762627,81274.2206735452,0.0,423.22194948805907,63761.55721457842,16.129657114503885,4255.278716047055,8510.55743209411,-4239.149058932551,0.0,59522.40815564587,1495.0240608246345,1634.403292680831,23983.66815115743,19301.329893766942,9388.440857679861,4260.655268418557
329,2025-11-26,86471.0460363543,83148.07308433455,8.25818912090233,1035.624510990041,60215.88955032105,1505.1296000238976,2081.839933450788,4163.679866901576,-576.7103334268904,44.48686479430085,59683.666081688454,1634.403292680831,2309.264857809584,25029.81300271687,19666.77312358479,5376.707200557435,2583.549800125421
330,2025-11-27,83803.51887404072,82757.24118381133,0.0,931.269501968586,57832.097982216175,3118.8054762687298,1529.9656575451381,3059.9313150902763,1588.8398187235916,0.0,59420.93780093977,2309.264857809584,3745.181310095205,25014.49548132821,18969.41653281879,5840.696739336345,2569.5674829680484
331,2025-11-28,36544.14148427901,35995.619152897474,0.0,2312.5671421707843,15337.242725071186,609.543336215054,402.2505655607555,804.501131121511,207.29277065429847,0.0,15544.535495725484,3745.181310095205,2715.984518286736,19411.00301765424,16649.18955692756,2463.9191465857202,605.4316776324401
332,2025-11-29,47345.78124178306,40146.65500863607,0.0,2385.1319556160925,20001.512601306196,222.97649343306077,1819.7689164759754,3639.537832951951,-1596.7924230429146,0.0,18404.72017826328,2715.984518286736,1701.2923862680127,19712.083535983344,16880.01058296336,7663.934310761871,1894.0944142869957
333,2025-11-30,84481.31404092241,85095.407603306,0.0,508.92505853120235,58932.846196523475,4892.694033461761,1306.6946247799922,2613.3892495599844,3585.999408681769,0.0,62518.84560520524,1701.2923862680127,1383.8395581965347,24354.536701960336,20012.882273852207,5904.822739837369,2937.5926359339123
334,2025-12-01,93208.48560632023,95430.90888103066,904.3477006553322,1056.8630292470368,68170.16977714995,7059.60928878493,1055.3909900181325,2110.781980036265,6004.2182987667975,5925.296911078014,80099.68498699476,1383.8395581965347,5265.880104129446,28871.73330403159,19892.267484925964,6556.505723850212,3408.594086279776
335,2025-12-02,90509.67695298578,90934.40417532373,291.2922205063243,534.4855360193361,69429.96268665785,7085.710379348174,1916.027720838094,3832.055441676188,5169.682658510079,2018.142263089456,76617.7876082574,5265.880104129446,2642.3221725374833,23234.75288549204,21181.35197568132,8538.625366254673,4277.931180620819
336,2025-12-03,81714.16332625698,92244.10276903259,0.0,1463.554990084654,60473.49912381573,15147.084596093227,478.2372665146301,956.4745330292602,14668.847329578597,0.0,75142.34645339432,2642.3221725374833,1566.4888052361446,24137.10127817088,20519.30206588962,12042.857725069152,5527.265465212372
337,2025-12-04,93443.00543226546,95338.48225044462,750.5014619734195,723.1535329860326,69282.95134701488,9315.51869906635,2089.570020002442,4179.140040004884,7225.948679063908,5016.584531553031,81525.48455763182,1566.4888052361446,5035.85788665769,28800.996085013867,20206.374655581843,10056.343361023879,5194.742919691225
338,2025-12-05,43887.91698833268,47485.932276700696,0.0,1810.149859163942,19315.200471392054,4802.617423135046,371.6548777614034,743.3097555228068,4430.962545373643,0.0,23746.1630167657,5035.85788665769,5297.034224746939,21732.084368016313,17367.92963381289,7035.918526867349,1972.5273521397523
339,2025-12-06,44670.97979317712,48263.36375893936,0.0,1769.529813110972,20245.581699629725,4249.576997419334,106.85420941282963,213.70841882565927,4142.722788006504,0.0,24388.30448763623,5297.034224746939,4001.3584645285173,21027.954280833193,18198.751151671466,4364.530547835833,1523.379875219274
340,2025-12-07,92053.38540859002,91620.65288669712,376.99675219308693,1220.7588273813617,69164.47663259757,5371.559240384313,1700.7416733647667,3401.4833467295334,3670.8175670195465,2494.685774575327,75329.97997419244,4001.3584645285173,2598.874085776919,23086.555275712028,19962.345714203184,7170.242824785052,3491.2614201595375
341,2025-12-08,103086.99212017194,98459.72696819366,0.0,5244.610197306049,78027.39075721329,2343.2744636441416,2409.934467645143,4819.868935290286,-66.66000400100165,0.0,77960.73075321228,2598.874085776919,3758.449945240964,22759.407266859474,17391.501612638538,7331.707106165804,3191.025955526523
342,2025-12-09,104436.64468597408,99139.53617806618,24.683107986221785,4355.002692902502,77294.9947157903,1741.587712427327,2741.7874749922275,5483.574949984455,-1000.1997625649001,182.4575342341514,76477.25248745955,3758.449945240964,6471.064323151457,26207.417822967363,18786.655496484127,7177.425604001038,3322.316712468004
343,2025-12-10,95686.26959098046,95862.75908628161,0.0,3728.0052423273014,71973.88109845642,5641.147180226805,1911.1643326056,3822.3286652112,3729.982847621205,0.0,75703.86394607763,6471.064323151457,5864.62449631645,22594.374849679734,18847.239472392088,8192.512474910029,3791.546726014535
344,2025-12-11,100012.57086938512,94621.05337596645,0.0,4319.059165116221,73867.0035286829,1057.6422614694482,2676.340857793402,5352.681715586804,-1618.698596323954,0.0,72248.30493235894,5864.62449631645,5844.2660441603,22942.43219889881,18601.69268804857,6450.126515768279,3028.888278283218
345,2025-12-12,51527.15162200456,50886.225620189805,0.0,5567.46214482843,23729.07298045257,2349.1772530117214,846.6789618703986,1693.357923740797,1502.498291141323,0.0,25231.571271593893,5844.2660441603,3878.508542510897,17755.430229013204,16151.080236985155,6213.066849001188,1629.738046207639
346,2025-12-13,54045.44370287396,51660.1794133726,0.0,4781.803624018367,25373.75308087104,2374.8353994326944,1384.6528689346083,2769.3057378692165,990.1825304980862,0.0,26363.935611369125,3878.508542510897,3416.304183690413,18399.085941891248,15319.243535870346,7102.660308584735,2176.2646687455062
347,2025-12-14,96964.77425478306,98965.78562589426,0.0,3135.485133726529,71582.22172838051,4105.804842121006,394.783754274732,789.567508549464,3711.021087846274,0.0,75293.24281622679,3416.304183690413,5324.75931569073,28073.521438775988,21021.94274660826,3520.8105471828226,1763.3853683150671
348,2025-12-15,94229.0957871174,97361.37828691836,0.0,3632.29736316492,70853.36151676091,5866.364166437734,663.7192284035148,1327.4384568070295,5202.644938034218,0.0,76056.00645479513,5324.75931569073,5149.031185444572,23250.938285833305,18991.415328746523,5872.9100225432285,2619.173950549426
349,2025-12-16,100206.46611996736,97845.86838458723,0.2538166666666939,4016.6374760088365,76247.92699692784,448.18112754248807,1476.552315362713,2953.104630725426,-1028.3711878202248,1.7279838666668519,75221.28379297428,5149.031185444572,5064.15968863483,23619.882837055266,19208.489445143532,3031.4848722651727,1625.9460245435425
350,2025-12-17,101064.83101503216,96408.69763421889,2.44443333333345,2986.1269881951803,76339.42794822699,1727.2625990501156,2834.3771668589707,5668.754333717941,-1107.114567808855,16.72236843333413,75249.03574885147,5064.15968863483,5880.882722183281,23674.301486825087,18441.13347413471,6409.0226535207985,3410.1313665423418
351,2025-12-18,93103.88578449859,92794.18757626245,0.0,2384.3212240214216,69829.73081881403,3163.516209969107,969.4208396929553,1938.8416793859105,2194.0953702761517,0.0,72023.82618909019,5880.882722183281,4609.778936710995,22039.96206578649,18996.362680212114,4420.36272315057,2023.926243015991
352,2025-12-19,51925.24665107265,50921.731637649704,0.0,3354.1309112482636,23505.686386331647,2415.891241261174,910.9608208102075,1821.921641620415,1504.9304204509667,0.0,25010.616806782615,4609.778936710995,5310.683217813591,21202.081965311143,16542.872538909694,5523.581383523272,1716.2579012305987
353,2025-12-20,53586.55638128561,50306.18309112539,0.0,2844.8214673583493,24572.04054210076,725.9725379592779,1241.382983892511,2482.765967785022,-515.410445933233,0.0,24056.63009616753,5310.683217813591,5695.428280881277,22414.41482634809,17809.405452581042,4175.707556355729,1483.3738298789372
354,2025-12-21,97555.73234959149,96887.3409867025,12.010462284082905,3625.001996153783,73293.83006511268,2987.380790465103,1420.5003689972837,2841.0007379945673,1566.8804214678194,84.45156555052895,74945.16205213103,5695.428280881277,5332.748824446981,24015.679457668433,19779.111871502293,4831.935251180727,2416.2939658189844
355,2025-12-22,96129.70269005805,95159.47893543687,0.0,2822.9338128016734,73358.71728895514,1538.613962226827,996.4342899935293,1992.8685799870586,542.1796722332979,0.0,73900.89696118844,5332.748824446981,4487.514104963161,21893.838351775288,18494.720312473426,3001.422172137682,1509.305610735805
356,2025-12-23,99374.94489714917,94997.94695790188,0.0,3396.5159631041834,75255.78401044206,2776.417879055947,3064.2964863052566,6128.592972610513,-287.8786072493094,0.0,74967.90540319277,4487.514104963161,4242.818596482431,24018.760100510597,19675.421639046235,6987.4305776369565,3989.769112657239
357,2025-12-24,99814.74775417573,97196.13465154395,66.05695365525617,3131.5194204011573,74318.5019557791,1141.010179826652,1681.3428795501757,3362.6857591003513,-540.332699723524,508.36223532322765,74286.53149137882,4242.818596482431,5935.880392155541,25012.406589608436,18736.293721477035,3865.1009623043765,2061.6796061590594
358,2025-12-25,94219.78901406808,95670.00101559554,0.0,2849.6297026735765,69436.28162246477,4446.407772982402,810.996265489873,1621.992530979746,3635.4115074925285,0.0,73071.6931299573,5935.880392155541,5961.410477732758,26236.556329311232,21228.633549722603,4700.69056547264,2293.1321898173405
359,2025-12-26,51292.75945467202,49434.228090866905,0.0,2597.5892621375524,23289.278613482515,58.85904846436087,600.6137617913453,1201.2275235826905,-541.7547133269844,0.0,22747.52390015553,5961.410477732758,5790.385825864371,20962.83464251357,17133.818247117546,1988.3641994846212,620.2334446127988
360,2025-12-27,52788.38464838907,50677.551675426424,0.0,2792.9505174106116,23152.201280731013,1192.7770508189114,937.0949943172644,1874.1899886345288,255.68205650164714,0.0,23407.88333723266,5790.385825864371,5925.295840343753,23286.174096408962,18740.38200505982,3680.5540932618414,1334.687344590235
361,2025-12-28,96054.65269453777,94347.75112573404,74.67229878865464,2925.4685890633787,71492.36530440305,2288.384511788649,1709.4425134094417,3418.8850268188835,578.9419983792072,555.7014480787335,72627.008750861,5925.295840343753,6186.190563506963,23436.288603223336,18748.58851776401,4630.439623831802,2472.2373506723243
362,2025-12-29,95062.76710263916,93614.23687296941,83.91854671250076,3865.811397004932,70812.00606070095,1901.6940200952654,1472.134346261283,2944.268692522566,429.5596738339823,600.1043594549508,71841.67009398989,6186.190563506963,4162.791516494659,21734.931043796758,19426.353287786445,4523.62027504722,2106.032352959705
363,2025-12-30,99030.99105624181,96358.70573121321,222.33940014604235,4486.405389497501,72370.13523777758,2085.7434981081997,2033.8385426057303,4067.6770852114605,51.90495550246942,1527.6327575168525,73949.67295079691,4162.791516494659,5349.806282672142,25273.28343316855,19403.046291306793,5646.498222747128,2729.086375308463
364,2025-12-31,97081.87807973841,94713.41818991445,0.6610204710181051,3469.85392413935,73179.59993934805,825.3326319882335,1464.1473929869333,2928.2947859738665,-638.8147609986995,4.860814033631636,72545.64599238298,5349.806282672142,3546.3649993938257,22215.260567701473,19617.458214788683,3530.151488319684,1739.2582703163444
